
==================================================
H4 scan started: Wed 08/12/2026 21:46:56.98
API_LOCK_BUSY action=SKIP age_minutes=1.14 max_age_minutes=10
H4 scan skipped: global API lock is active.

==================================================
H4 scan started: Wed 08/12/2026 21:51:19.11
API_LOCK_ACQUIRED pid=28524 process=run_h4.bat started_at_utc=2026-08-12T18:51:19.2771041Z
2026-08-12 21:51:19,927 - INFO - Requesting interval=4h, outputsize=5
2026-08-12 21:51:20,444 - ERROR - 4H fetch failed: 4H API returned HTTP 429
ERROR: fetch_4h_to_csv.py failed.
API_LOCK_RELEASED process=run_h4.bat

==================================================
H4 scan started: Thu 08/13/2026 11:29:15.21
API_LOCK_ACQUIRED pid=21476 process=run_h4.bat started_at_utc=2026-08-13T08:29:15.3746682Z
2026-08-13 11:29:15,891 - INFO - Requesting interval=4h, outputsize=5
2026-08-13 11:29:16,338 - ERROR - 4H fetch failed: 4H API returned HTTP 429
ERROR: fetch_4h_to_csv.py failed.
API_LOCK_RELEASED process=run_h4.bat

==================================================
H4 scan started: Thu 08/13/2026 11:29:48.76
API_LOCK_ACQUIRED pid=9784 process=run_h4.bat started_at_utc=2026-08-13T08:29:48.9367394Z
2026-08-13 11:29:49,426 - INFO - Requesting interval=4h, outputsize=5
2026-08-13 11:29:49,931 - ERROR - 4H fetch failed: 4H API returned HTTP 429
ERROR: fetch_4h_to_csv.py failed.
API_LOCK_RELEASED process=run_h4.bat

==================================================
H4 scan started: Thu 08/13/2026 13:24:04.81
API_LOCK_ACQUIRED pid=26380 process=run_h4.bat started_at_utc=2026-08-13T10:24:04.9607397Z
2026-08-13 13:24:05,471 - INFO - Requesting interval=4h, outputsize=5
2026-08-13 13:24:06,149 - INFO - 4H EUR/USD -> bar_open=2026-08-13T05:00:00+00:00 bar_close=2026-08-13T09:00:00+00:00 age=1:24:05.471166 open=1.15261 close=1.15256 change=-0.000043
2026-08-13 13:24:06,149 - INFO - 4H USD/CHF -> bar_open=2026-08-13T05:00:00+00:00 bar_close=2026-08-13T09:00:00+00:00 age=1:24:05.471166 open=0.81382 close=0.81289 change=-0.001143
2026-08-13 13:24:06,150 - INFO - 4H NZD/USD -> bar_open=2026-08-13T05:00:00+00:00 bar_close=2026-08-13T09:00:00+00:00 age=1:24:05.471166 open=0.58318 close=0.58342 change=0.000412
2026-08-13 13:24:06,151 - INFO - 4H GBP/USD -> bar_open=2026-08-13T05:00:00+00:00 bar_close=2026-08-13T09:00:00+00:00 age=1:24:05.471166 open=1.34956 close=1.34805 change=-0.001119
2026-08-13 13:24:06,152 - INFO - 4H USD/JPY -> bar_open=2026-08-13T05:00:00+00:00 bar_close=2026-08-13T09:00:00+00:00 age=1:24:05.471166 open=159.21751 close=159.40775 change=0.001195
2026-08-13 13:24:06,156 - INFO - Saved pair_changes_4h.csv with 5 rows
API_LOCK_RELEASED process=run_h4.bat
2026-08-13 13:24:06,758 - INFO - 4H input timestamp=2026-08-13T09:00:00+00:00 age=1:24:06.758514 rows=5
2026-08-13 13:24:06,761 - INFO - 4H Currency Strength:
currency  strength
     CHF  0.001143
     NZD  0.000412
     USD  0.000161
     EUR -0.000043
     GBP -0.001119
     JPY -0.001195
2026-08-13 13:24:06,762 - INFO - 4H Base/Quote Strength Matrix:
               CHF       NZD       USD       EUR       GBP       JPY
currency                                                            
CHF       0.000000  0.000731  0.000982  0.001186  0.002262  0.002338
NZD      -0.000731  0.000000  0.000251  0.000455  0.001530  0.001606
USD      -0.000982 -0.000251  0.000000  0.000204  0.001279  0.001355
EUR      -0.001186 -0.000455 -0.000204  0.000000  0.001076  0.001151
GBP      -0.002262 -0.001530 -0.001279 -0.001076  0.000000  0.000076
JPY      -0.002338 -0.001606 -0.001355 -0.001151 -0.000076  0.000000
2026-08-13 13:24:06,764 - INFO - 4H Signals:
   pair  score_diff  signal
EUR/USD   -0.000204 NEUTRAL
GBP/USD   -0.001279   SHORT
NZD/USD    0.000251 NEUTRAL
USD/CHF   -0.000982   SHORT
USD/JPY    0.001355    LONG
2026-08-13 13:24:06,766 - INFO - Saved signals_4h.csv with 5 rows
JOURNAL_LOCK_ACQUIRED pid=28632
Added 5 new journal rows.
Directional signals: 3
Neutral signals: 2
Recorded entry prices: 3
Missing entry prices: 0
Saved to: signals_journal.csv
JOURNAL_LOCK_RELEASED pid=28632
H4 scan completed: Thu 08/13/2026 13:24:06.91

==================================================
H4 scan started: Thu 08/13/2026 15:25:52.86
API_LOCK_ACQUIRED pid=27364 process=run_h4.bat started_at_utc=2026-08-13T12:25:53.0335613Z
2026-08-13 15:25:53,523 - INFO - Requesting interval=4h, outputsize=5
2026-08-13 15:25:53,957 - ERROR - 4H fetch failed: 4H API returned HTTP 429
ERROR: fetch_4h_to_csv.py failed.
API_LOCK_RELEASED process=run_h4.bat

==================================================
H4 scan started: Thu 08/13/2026 15:35:23.80
API_LOCK_ACQUIRED pid=23312 process=run_h4.bat started_at_utc=2026-08-13T12:35:23.9855586Z
2026-08-13 15:35:24,619 - INFO - Requesting interval=4h, outputsize=5
2026-08-13 15:35:25,194 - INFO - 4H EUR/USD -> bar_open=2026-08-13T05:00:00+00:00 bar_close=2026-08-13T09:00:00+00:00 age=3:35:24.619461 open=1.15261 close=1.15256 change=-0.000043
2026-08-13 15:35:25,195 - INFO - 4H USD/CHF -> bar_open=2026-08-13T05:00:00+00:00 bar_close=2026-08-13T09:00:00+00:00 age=3:35:24.619461 open=0.81382 close=0.81289 change=-0.001143
2026-08-13 15:35:25,195 - INFO - 4H NZD/USD -> bar_open=2026-08-13T05:00:00+00:00 bar_close=2026-08-13T09:00:00+00:00 age=3:35:24.619461 open=0.58318 close=0.58342 change=0.000412
2026-08-13 15:35:25,196 - INFO - 4H GBP/USD -> bar_open=2026-08-13T05:00:00+00:00 bar_close=2026-08-13T09:00:00+00:00 age=3:35:24.619461 open=1.34956 close=1.34805 change=-0.001119
2026-08-13 15:35:25,197 - INFO - 4H USD/JPY -> bar_open=2026-08-13T05:00:00+00:00 bar_close=2026-08-13T09:00:00+00:00 age=3:35:24.619461 open=159.21751 close=159.40775 change=0.001195
2026-08-13 15:35:25,205 - INFO - Saved pair_changes_4h.csv with 5 rows
API_LOCK_RELEASED process=run_h4.bat
2026-08-13 15:35:25,902 - INFO - 4H input timestamp=2026-08-13T09:00:00+00:00 age=3:35:25.902676 rows=5
2026-08-13 15:35:25,910 - INFO - 4H Currency Strength:
currency  strength
     CHF  0.001143
     NZD  0.000412
     USD  0.000161
     EUR -0.000043
     GBP -0.001119
     JPY -0.001195
2026-08-13 15:35:25,912 - INFO - 4H Base/Quote Strength Matrix:
               CHF       NZD       USD       EUR       GBP       JPY
currency                                                            
CHF       0.000000  0.000731  0.000982  0.001186  0.002262  0.002338
NZD      -0.000731  0.000000  0.000251  0.000455  0.001530  0.001606
USD      -0.000982 -0.000251  0.000000  0.000204  0.001279  0.001355
EUR      -0.001186 -0.000455 -0.000204  0.000000  0.001076  0.001151
GBP      -0.002262 -0.001530 -0.001279 -0.001076  0.000000  0.000076
JPY      -0.002338 -0.001606 -0.001355 -0.001151 -0.000076  0.000000
2026-08-13 15:35:25,914 - INFO - 4H Signals:
   pair  score_diff  signal
EUR/USD   -0.000204 NEUTRAL
GBP/USD   -0.001279   SHORT
NZD/USD    0.000251 NEUTRAL
USD/CHF   -0.000982   SHORT
USD/JPY    0.001355    LONG
2026-08-13 15:35:25,916 - INFO - Saved signals_4h.csv with 5 rows
JOURNAL_LOCK_ACQUIRED pid=13112
No new signals to add. Journal is already up to date.
JOURNAL_LOCK_RELEASED pid=13112
H4 scan completed: Thu 08/13/2026 15:35:26.09

==================================================
H4 scan started: Thu 08/13/2026 20:34:18.13
API_LOCK_ACQUIRED pid=27736 process=run_h4.bat started_at_utc=2026-08-13T17:34:18.3043310Z
2026-08-13 20:34:18,861 - INFO - Requesting interval=4h, outputsize=5
2026-08-13 20:34:19,315 - ERROR - 4H fetch failed: 4H API returned HTTP 429
ERROR: fetch_4h_to_csv.py failed.
API_LOCK_RELEASED process=run_h4.bat

==================================================
H4 scan started: Thu 08/13/2026 20:39:18.75
API_LOCK_ACQUIRED pid=25572 process=run_h4.bat started_at_utc=2026-08-13T17:39:18.9295442Z
2026-08-13 20:39:19,500 - INFO - Requesting interval=4h, outputsize=5
2026-08-13 20:39:20,024 - INFO - 4H EUR/USD -> bar_open=2026-08-13T13:00:00+00:00 bar_close=2026-08-13T17:00:00+00:00 age=0:39:19.500220 open=1.15424 close=1.15291 change=-0.001152
2026-08-13 20:39:20,025 - INFO - 4H USD/CHF -> bar_open=2026-08-13T13:00:00+00:00 bar_close=2026-08-13T17:00:00+00:00 age=0:39:19.500220 open=0.81176 close=0.81312 change=0.001675
2026-08-13 20:39:20,026 - INFO - 4H NZD/USD -> bar_open=2026-08-13T13:00:00+00:00 bar_close=2026-08-13T17:00:00+00:00 age=0:39:19.500220 open=0.58533 close=0.5848 change=-0.000905
2026-08-13 20:39:20,026 - INFO - 4H GBP/USD -> bar_open=2026-08-13T13:00:00+00:00 bar_close=2026-08-13T17:00:00+00:00 age=0:39:19.500220 open=1.3507 close=1.34862 change=-0.001540
2026-08-13 20:39:20,027 - INFO - 4H USD/JPY -> bar_open=2026-08-13T13:00:00+00:00 bar_close=2026-08-13T17:00:00+00:00 age=0:39:19.500220 open=159.20256 close=159.49355 change=0.001828
2026-08-13 20:39:20,032 - INFO - Saved pair_changes_4h.csv with 5 rows
API_LOCK_RELEASED process=run_h4.bat
2026-08-13 20:39:20,685 - INFO - 4H input timestamp=2026-08-13T17:00:00+00:00 age=0:39:20.685584 rows=5
2026-08-13 20:39:20,688 - INFO - 4H Currency Strength:
currency  strength
     USD  0.001420
     NZD -0.000905
     EUR -0.001152
     GBP -0.001540
     CHF -0.001675
     JPY -0.001828
2026-08-13 20:39:20,689 - INFO - 4H Base/Quote Strength Matrix:
               USD       NZD       EUR       GBP       CHF       JPY
currency                                                            
USD       0.000000  0.002326  0.002572  0.002960  0.003096  0.003248
NZD      -0.002326  0.000000  0.000247  0.000634  0.000770  0.000922
EUR      -0.002572 -0.000247  0.000000  0.000388  0.000523  0.000676
GBP      -0.002960 -0.000634 -0.000388  0.000000  0.000135  0.000288
CHF      -0.003096 -0.000770 -0.000523 -0.000135  0.000000  0.000152
JPY      -0.003248 -0.000922 -0.000676 -0.000288 -0.000152  0.000000
2026-08-13 20:39:20,691 - INFO - 4H Signals:
   pair  score_diff signal
EUR/USD   -0.002572  SHORT
GBP/USD   -0.002960  SHORT
NZD/USD   -0.002326  SHORT
USD/CHF    0.003096   LONG
USD/JPY    0.003248   LONG
2026-08-13 20:39:20,692 - INFO - Saved signals_4h.csv with 5 rows
JOURNAL_LOCK_ACQUIRED pid=31708
Added 5 new journal rows.
Directional signals: 5
Neutral signals: 0
Recorded entry prices: 5
Missing entry prices: 0
Saved to: signals_journal.csv
JOURNAL_LOCK_RELEASED pid=31708
H4 scan completed: Thu 08/13/2026 20:39:20.86

==================================================
H4 scan started: Fri 08/14/2026  0:10:01.81
API_LOCK_ACQUIRED pid=25528 process=run_h4.bat started_at_utc=2026-08-13T21:10:01.9839285Z
2026-08-14 00:10:03,000 - INFO - Requesting interval=4h, outputsize=5
2026-08-14 00:10:03,702 - INFO - 4H EUR/USD -> bar_open=2026-08-13T17:00:00+00:00 bar_close=2026-08-13T21:00:00+00:00 age=0:10:03.000561 open=1.15298 close=1.15291 change=-0.000061
2026-08-14 00:10:03,703 - INFO - 4H USD/CHF -> bar_open=2026-08-13T17:00:00+00:00 bar_close=2026-08-13T21:00:00+00:00 age=0:10:03.000561 open=0.81317 close=0.81417 change=0.001230
2026-08-14 00:10:03,704 - INFO - 4H NZD/USD -> bar_open=2026-08-13T17:00:00+00:00 bar_close=2026-08-13T21:00:00+00:00 age=0:10:03.000561 open=0.58482 close=0.58507 change=0.000427
2026-08-14 00:10:03,705 - INFO - 4H GBP/USD -> bar_open=2026-08-13T17:00:00+00:00 bar_close=2026-08-13T21:00:00+00:00 age=0:10:03.000561 open=1.34864 close=1.3487 change=0.000044
2026-08-14 00:10:03,705 - INFO - 4H USD/JPY -> bar_open=2026-08-13T17:00:00+00:00 bar_close=2026-08-13T21:00:00+00:00 age=0:10:03.000561 open=159.48638 close=159.52336 change=0.000232
2026-08-14 00:10:03,724 - INFO - Saved pair_changes_4h.csv with 5 rows
API_LOCK_RELEASED process=run_h4.bat
2026-08-14 00:10:04,384 - INFO - 4H input timestamp=2026-08-13T21:00:00+00:00 age=0:10:04.384299 rows=5
2026-08-14 00:10:04,412 - INFO - 4H Currency Strength:
currency  strength
     NZD  0.000427
     USD  0.000210
     GBP  0.000044
     EUR -0.000061
     JPY -0.000232
     CHF -0.001230
2026-08-14 00:10:04,414 - INFO - 4H Base/Quote Strength Matrix:
               NZD       USD       GBP       EUR       JPY       CHF
currency                                                            
NZD       0.000000  0.000217  0.000383  0.000488  0.000659  0.001657
USD      -0.000217  0.000000  0.000166  0.000271  0.000442  0.001440
GBP      -0.000383 -0.000166  0.000000  0.000105  0.000276  0.001274
EUR      -0.000488 -0.000271 -0.000105  0.000000  0.000171  0.001169
JPY      -0.000659 -0.000442 -0.000276 -0.000171  0.000000  0.000998
CHF      -0.001657 -0.001440 -0.001274 -0.001169 -0.000998  0.000000
2026-08-14 00:10:04,416 - INFO - 4H Signals:
   pair  score_diff  signal
EUR/USD   -0.000271 NEUTRAL
GBP/USD   -0.000166 NEUTRAL
NZD/USD    0.000217 NEUTRAL
USD/CHF    0.001440    LONG
USD/JPY    0.000442 NEUTRAL
2026-08-14 00:10:04,418 - INFO - Saved signals_4h.csv with 5 rows
JOURNAL_LOCK_ACQUIRED pid=20412
Added 5 new journal rows.
Directional signals: 1
Neutral signals: 4
Recorded entry prices: 1
Missing entry prices: 0
Saved to: signals_journal.csv
JOURNAL_LOCK_RELEASED pid=20412
H4 scan completed: Fri 08/14/2026  0:10:04.57

==================================================
H4 scan started: Fri 08/14/2026  8:10:01.67
API_LOCK_ACQUIRED pid=28296 process=run_h4.bat started_at_utc=2026-08-14T05:10:01.8580511Z
2026-08-14 08:10:02,432 - INFO - Requesting interval=4h, outputsize=5
2026-08-14 08:10:02,959 - INFO - 4H EUR/USD -> bar_open=2026-08-14T01:00:00+00:00 bar_close=2026-08-14T05:00:00+00:00 age=0:10:02.432453 open=1.1538 close=1.15388 change=0.000069
2026-08-14 08:10:02,960 - INFO - 4H USD/CHF -> bar_open=2026-08-14T01:00:00+00:00 bar_close=2026-08-14T05:00:00+00:00 age=0:10:02.432453 open=0.81384 close=0.81361 change=-0.000283
2026-08-14 08:10:02,960 - INFO - 4H NZD/USD -> bar_open=2026-08-14T01:00:00+00:00 bar_close=2026-08-14T05:00:00+00:00 age=0:10:02.432453 open=0.58593 close=0.58664 change=0.001212
2026-08-14 08:10:02,961 - INFO - 4H GBP/USD -> bar_open=2026-08-14T01:00:00+00:00 bar_close=2026-08-14T05:00:00+00:00 age=0:10:02.432453 open=1.34976 close=1.34971 change=-0.000037
2026-08-14 08:10:02,962 - INFO - 4H USD/JPY -> bar_open=2026-08-14T01:00:00+00:00 bar_close=2026-08-14T05:00:00+00:00 age=0:10:02.432453 open=159.37841 close=159.3599 change=-0.000116
2026-08-14 08:10:02,969 - INFO - Saved pair_changes_4h.csv with 5 rows
API_LOCK_RELEASED process=run_h4.bat
2026-08-14 08:10:03,667 - INFO - 4H input timestamp=2026-08-14T05:00:00+00:00 age=0:10:03.667719 rows=5
2026-08-14 08:10:03,671 - INFO - 4H Currency Strength:
currency  strength
     NZD  0.001212
     CHF  0.000283
     JPY  0.000116
     EUR  0.000069
     GBP -0.000037
     USD -0.000329
2026-08-14 08:10:03,673 - INFO - 4H Base/Quote Strength Matrix:
               NZD       CHF       JPY       EUR       GBP       USD
currency                                                            
NZD       0.000000  0.000929  0.001096  0.001142  0.001249  0.001540
CHF      -0.000929  0.000000  0.000166  0.000213  0.000320  0.000611
JPY      -0.001096 -0.000166  0.000000  0.000047  0.000153  0.000445
EUR      -0.001142 -0.000213 -0.000047  0.000000  0.000106  0.000398
GBP      -0.001249 -0.000320 -0.000153 -0.000106  0.000000  0.000292
USD      -0.001540 -0.000611 -0.000445 -0.000398 -0.000292  0.000000
2026-08-14 08:10:03,674 - INFO - 4H Signals:
   pair  score_diff  signal
EUR/USD    0.000398 NEUTRAL
GBP/USD    0.000292 NEUTRAL
NZD/USD    0.001540    LONG
USD/CHF   -0.000611   SHORT
USD/JPY   -0.000445 NEUTRAL
2026-08-14 08:10:03,676 - INFO - Saved signals_4h.csv with 5 rows
JOURNAL_LOCK_ACQUIRED pid=27836
Added 5 new journal rows.
Directional signals: 2
Neutral signals: 3
Recorded entry prices: 2
Missing entry prices: 0
Saved to: signals_journal.csv
JOURNAL_LOCK_RELEASED pid=27836
H4 scan completed: Fri 08/14/2026  8:10:03.85

==================================================
H4 scan started: Fri 08/14/2026 12:10:02.26
API_LOCK_ACQUIRED pid=3092 process=run_h4.bat started_at_utc=2026-08-14T09:10:02.8798005Z
2026-08-14 12:10:04,903 - INFO - Requesting interval=4h, outputsize=5
2026-08-14 12:10:05,672 - INFO - 4H EUR/USD -> bar_open=2026-08-14T05:00:00+00:00 bar_close=2026-08-14T09:00:00+00:00 age=0:10:04.903648 open=1.1539 close=1.15557 change=0.001447
2026-08-14 12:10:05,674 - INFO - 4H USD/CHF -> bar_open=2026-08-14T05:00:00+00:00 bar_close=2026-08-14T09:00:00+00:00 age=0:10:04.903648 open=0.81359 close=0.81369 change=0.000123
2026-08-14 12:10:05,675 - INFO - 4H NZD/USD -> bar_open=2026-08-14T05:00:00+00:00 bar_close=2026-08-14T09:00:00+00:00 age=0:10:04.903648 open=0.58661 close=0.58762 change=0.001722
2026-08-14 12:10:05,676 - INFO - 4H GBP/USD -> bar_open=2026-08-14T05:00:00+00:00 bar_close=2026-08-14T09:00:00+00:00 age=0:10:04.903648 open=1.34972 close=1.35232 change=0.001926
2026-08-14 12:10:05,677 - INFO - 4H USD/JPY -> bar_open=2026-08-14T05:00:00+00:00 bar_close=2026-08-14T09:00:00+00:00 age=0:10:04.903648 open=159.35806 close=159.17421 change=-0.001154
2026-08-14 12:10:05,738 - INFO - Saved pair_changes_4h.csv with 5 rows
API_LOCK_RELEASED process=run_h4.bat
2026-08-14 12:10:08,816 - INFO - 4H input timestamp=2026-08-14T09:00:00+00:00 age=0:10:08.816008 rows=5
2026-08-14 12:10:08,825 - INFO - 4H Currency Strength:
currency  strength
     GBP  0.001926
     NZD  0.001722
     EUR  0.001447
     JPY  0.001154
     CHF -0.000123
     USD -0.001225
2026-08-14 12:10:08,827 - INFO - 4H Base/Quote Strength Matrix:
               GBP       NZD       EUR       JPY       CHF       USD
currency                                                            
GBP       0.000000  0.000205  0.000479  0.000773  0.002049  0.003152
NZD      -0.000205  0.000000  0.000274  0.000568  0.001845  0.002947
EUR      -0.000479 -0.000274  0.000000  0.000294  0.001570  0.002672
JPY      -0.000773 -0.000568 -0.000294  0.000000  0.001277  0.002379
CHF      -0.002049 -0.001845 -0.001570 -0.001277  0.000000  0.001102
USD      -0.003152 -0.002947 -0.002672 -0.002379 -0.001102  0.000000
2026-08-14 12:10:08,830 - INFO - 4H Signals:
   pair  score_diff signal
EUR/USD    0.002672   LONG
GBP/USD    0.003152   LONG
NZD/USD    0.002947   LONG
USD/CHF   -0.001102  SHORT
USD/JPY   -0.002379  SHORT
2026-08-14 12:10:08,832 - INFO - Saved signals_4h.csv with 5 rows
JOURNAL_LOCK_ACQUIRED pid=33136
Added 5 new journal rows.
Directional signals: 5
Neutral signals: 0
Recorded entry prices: 5
Missing entry prices: 0
Saved to: signals_journal.csv
JOURNAL_LOCK_RELEASED pid=33136
H4 scan completed: Fri 08/14/2026 12:10:09.03

==================================================
H4 scan started: Fri 08/14/2026 20:26:21.00
API_LOCK_BUSY action=SKIP age_minutes=0 max_age_minutes=10
H4 scan skipped: global API lock is active.

==================================================
H4 scan started: Sat 08/15/2026  8:10:01.81
API_LOCK_ACQUIRED pid=25196 process=run_h4.bat started_at_utc=2026-08-15T05:10:02.5534647Z
2026-08-15 08:10:03,604 - INFO - Requesting interval=4h, outputsize=5
2026-08-15 08:10:04,076 - INFO - 4H EUR/USD -> bar_open=2026-08-15T01:00:00+00:00 bar_close=2026-08-15T05:00:00+00:00 age=0:10:03.603991 open=1.15705 close=1.15708 change=0.000026
2026-08-15 08:10:04,076 - INFO - 4H USD/CHF -> bar_open=2026-08-15T01:00:00+00:00 bar_close=2026-08-15T05:00:00+00:00 age=0:10:03.603991 open=0.81325 close=0.81326 change=0.000012
2026-08-15 08:10:04,077 - INFO - 4H NZD/USD -> bar_open=2026-08-15T01:00:00+00:00 bar_close=2026-08-15T05:00:00+00:00 age=0:10:03.603991 open=0.58915 close=0.58919 change=0.000068
2026-08-15 08:10:04,078 - INFO - 4H GBP/USD -> bar_open=2026-08-15T01:00:00+00:00 bar_close=2026-08-15T05:00:00+00:00 age=0:10:03.603991 open=1.35334 close=1.35337 change=0.000022
2026-08-15 08:10:04,078 - INFO - 4H USD/JPY -> bar_open=2026-08-15T01:00:00+00:00 bar_close=2026-08-15T05:00:00+00:00 age=0:10:03.603991 open=159.32827 close=159.32187 change=-0.000040
2026-08-15 08:10:04,096 - INFO - Saved pair_changes_4h.csv with 5 rows
API_LOCK_RELEASED process=run_h4.bat
2026-08-15 08:10:05,351 - INFO - 4H input timestamp=2026-08-15T05:00:00+00:00 age=0:10:05.350886 rows=5
2026-08-15 08:10:05,358 - INFO - 4H Currency Strength:
currency  strength
     NZD  0.000068
     JPY  0.000040
     EUR  0.000026
     GBP  0.000022
     CHF -0.000012
     USD -0.000029
2026-08-15 08:10:05,360 - INFO - 4H Base/Quote Strength Matrix:
               NZD       JPY       EUR       GBP       CHF       USD
currency                                                            
NZD       0.000000  0.000028  0.000042  0.000046  0.000080  0.000097
JPY      -0.000028  0.000000  0.000014  0.000018  0.000052  0.000069
EUR      -0.000042 -0.000014  0.000000  0.000004  0.000038  0.000055
GBP      -0.000046 -0.000018 -0.000004  0.000000  0.000034  0.000051
CHF      -0.000080 -0.000052 -0.000038 -0.000034  0.000000  0.000016
USD      -0.000097 -0.000069 -0.000055 -0.000051 -0.000016  0.000000
2026-08-15 08:10:05,362 - INFO - 4H Signals:
   pair  score_diff  signal
EUR/USD    0.000055 NEUTRAL
GBP/USD    0.000051 NEUTRAL
NZD/USD    0.000097 NEUTRAL
USD/CHF   -0.000016 NEUTRAL
USD/JPY   -0.000069 NEUTRAL
2026-08-15 08:10:05,363 - INFO - Saved signals_4h.csv with 5 rows
JOURNAL_LOCK_ACQUIRED pid=2464
Added 5 new journal rows.
Directional signals: 0
Neutral signals: 5
Recorded entry prices: 0
Missing entry prices: 0
Saved to: signals_journal.csv
JOURNAL_LOCK_RELEASED pid=2464
H4 scan completed: Sat 08/15/2026  8:10:05.52

==================================================
H4 scan started: Sun 08/16/2026  7:13:32.32
2026-08-16 07:13:32,879 - INFO - Requesting interval=4h, outputsize=5
2026-08-16 07:13:33,407 - INFO - 4H EUR/USD -> bar_open=2026-08-15T21:00:00+00:00 bar_close=2026-08-16T01:00:00+00:00 age=3:13:32.879208 open=1.15689 close=1.15683 change=-0.000052
2026-08-16 07:13:33,408 - INFO - 4H USD/CHF -> bar_open=2026-08-15T21:00:00+00:00 bar_close=2026-08-16T01:00:00+00:00 age=3:13:32.879208 open=0.81334 close=0.81344 change=0.000123
2026-08-16 07:13:33,409 - INFO - 4H NZD/USD -> bar_open=2026-08-15T21:00:00+00:00 bar_close=2026-08-16T01:00:00+00:00 age=3:13:32.879208 open=0.58916 close=0.58917 change=0.000017
2026-08-16 07:13:33,410 - INFO - 4H GBP/USD -> bar_open=2026-08-15T21:00:00+00:00 bar_close=2026-08-16T01:00:00+00:00 age=3:13:32.879208 open=1.3533 close=1.35326 change=-0.000030
2026-08-16 07:13:33,411 - INFO - 4H USD/JPY -> bar_open=2026-08-15T21:00:00+00:00 bar_close=2026-08-16T01:00:00+00:00 age=3:13:32.879208 open=159.31783 close=159.31953 change=0.000011
2026-08-16 07:13:33,435 - INFO - Saved pair_changes_4h.csv with 5 rows
2026-08-16 07:13:33,848 - INFO - 4H input timestamp=2026-08-16T01:00:00+00:00 age=3:13:33.848244 rows=5
2026-08-16 07:13:33,856 - INFO - 4H Currency Strength:
currency  strength
     USD  0.000040
     NZD  0.000017
     JPY -0.000011
     GBP -0.000030
     EUR -0.000052
     CHF -0.000123
2026-08-16 07:13:33,857 - INFO - 4H Base/Quote Strength Matrix:
               USD       NZD       JPY       GBP       EUR       CHF
currency                                                            
USD       0.000000  0.000023  0.000050  0.000069  0.000091  0.000163
NZD      -0.000023  0.000000  0.000028  0.000047  0.000069  0.000140
JPY      -0.000050 -0.000028  0.000000  0.000019  0.000041  0.000112
GBP      -0.000069 -0.000047 -0.000019  0.000000  0.000022  0.000093
EUR      -0.000091 -0.000069 -0.000041 -0.000022  0.000000  0.000071
CHF      -0.000163 -0.000140 -0.000112 -0.000093 -0.000071  0.000000
2026-08-16 07:13:33,859 - INFO - 4H Signals:
   pair  score_diff  signal
EUR/USD   -0.000091 NEUTRAL
GBP/USD   -0.000069 NEUTRAL
NZD/USD   -0.000023 NEUTRAL
USD/CHF    0.000163 NEUTRAL
USD/JPY    0.000050 NEUTRAL
2026-08-16 07:13:33,861 - INFO - Saved signals_4h.csv with 5 rows
JOURNAL_LOCK_ACQUIRED pid=3092
Added 5 new journal rows.
Directional signals: 0
Neutral signals: 5
Recorded entry prices: 0
Missing entry prices: 0
Saved to: signals_journal.csv
JOURNAL_LOCK_RELEASED pid=3092
H4 scan completed: Sun 08/16/2026  7:13:34.02

==================================================
H4 scan started: Tue 08/18/2026 20:55:40.73
2026-08-18 20:55:41,171 - INFO - Requesting interval=4h, outputsize=5
2026-08-18 20:55:41,653 - INFO - 4H EUR/USD -> bar_open=2026-08-18T13:00:00+00:00 bar_close=2026-08-18T17:00:00+00:00 age=0:55:41.171736 open=1.15772 close=1.158 change=0.000242
2026-08-18 20:55:41,654 - INFO - 4H USD/CHF -> bar_open=2026-08-18T13:00:00+00:00 bar_close=2026-08-18T17:00:00+00:00 age=0:55:41.171736 open=0.81217 close=0.81194 change=-0.000283
2026-08-18 20:55:41,654 - INFO - 4H NZD/USD -> bar_open=2026-08-18T13:00:00+00:00 bar_close=2026-08-18T17:00:00+00:00 age=0:55:41.171736 open=0.58889 close=0.58766 change=-0.002089
2026-08-18 20:55:41,655 - INFO - 4H GBP/USD -> bar_open=2026-08-18T13:00:00+00:00 bar_close=2026-08-18T17:00:00+00:00 age=0:55:41.171736 open=1.35336 close=1.35409 change=0.000539
2026-08-18 20:55:41,656 - INFO - 4H USD/JPY -> bar_open=2026-08-18T13:00:00+00:00 bar_close=2026-08-18T17:00:00+00:00 age=0:55:41.171736 open=159.64821 close=159.58916 change=-0.000370
2026-08-18 20:55:41,660 - INFO - Saved pair_changes_4h.csv with 5 rows
2026-08-18 20:55:42,095 - INFO - 4H input timestamp=2026-08-18T17:00:00+00:00 age=0:55:42.095169 rows=5
2026-08-18 20:55:42,098 - INFO - 4H Currency Strength:
currency  strength
     GBP  0.000539
     JPY  0.000370
     CHF  0.000283
     EUR  0.000242
     USD  0.000131
     NZD -0.002089
2026-08-18 20:55:42,099 - INFO - 4H Base/Quote Strength Matrix:
               GBP       JPY       CHF       EUR       USD       NZD
currency                                                            
GBP       0.000000  0.000170  0.000256  0.000298  0.000409  0.002628
JPY      -0.000170  0.000000  0.000087  0.000128  0.000239  0.002459
CHF      -0.000256 -0.000087  0.000000  0.000041  0.000152  0.002372
EUR      -0.000298 -0.000128 -0.000041  0.000000  0.000111  0.002331
USD      -0.000409 -0.000239 -0.000152 -0.000111  0.000000  0.002220
NZD      -0.002628 -0.002459 -0.002372 -0.002331 -0.002220  0.000000
2026-08-18 20:55:42,101 - INFO - 4H Signals:
   pair  score_diff  signal
EUR/USD    0.000111 NEUTRAL
GBP/USD    0.000409 NEUTRAL
NZD/USD   -0.002220   SHORT
USD/CHF   -0.000152 NEUTRAL
USD/JPY   -0.000239 NEUTRAL
2026-08-18 20:55:42,102 - INFO - Saved signals_4h.csv with 5 rows
JOURNAL_LOCK_ACQUIRED pid=10432
Added 5 new journal rows.
Directional signals: 1
Neutral signals: 4
Recorded entry prices: 1
Missing entry prices: 0
Saved to: signals_journal.csv
JOURNAL_LOCK_RELEASED pid=10432
H4 scan completed: Tue 08/18/2026 20:55:42.29

==================================================
H4 scan started: Tue 08/18/2026 21:18:36.57
2026-08-18 21:18:37,027 - INFO - Requesting interval=4h, outputsize=5
2026-08-18 21:18:37,499 - INFO - 4H EUR/USD -> bar_open=2026-08-18T13:00:00+00:00 bar_close=2026-08-18T17:00:00+00:00 age=1:18:37.027314 open=1.15772 close=1.158 change=0.000242
2026-08-18 21:18:37,500 - INFO - 4H USD/CHF -> bar_open=2026-08-18T13:00:00+00:00 bar_close=2026-08-18T17:00:00+00:00 age=1:18:37.027314 open=0.81217 close=0.81194 change=-0.000283
2026-08-18 21:18:37,501 - INFO - 4H NZD/USD -> bar_open=2026-08-18T13:00:00+00:00 bar_close=2026-08-18T17:00:00+00:00 age=1:18:37.027314 open=0.58889 close=0.58766 change=-0.002089
2026-08-18 21:18:37,501 - INFO - 4H GBP/USD -> bar_open=2026-08-18T13:00:00+00:00 bar_close=2026-08-18T17:00:00+00:00 age=1:18:37.027314 open=1.35336 close=1.35409 change=0.000539
2026-08-18 21:18:37,502 - INFO - 4H USD/JPY -> bar_open=2026-08-18T13:00:00+00:00 bar_close=2026-08-18T17:00:00+00:00 age=1:18:37.027314 open=159.64821 close=159.58916 change=-0.000370
2026-08-18 21:18:37,507 - INFO - Saved pair_changes_4h.csv with 5 rows
2026-08-18 21:18:37,943 - INFO - 4H input timestamp=2026-08-18T17:00:00+00:00 age=1:18:37.943785 rows=5
2026-08-18 21:18:37,947 - INFO - 4H Currency Strength:
currency  strength
     GBP  0.000539
     JPY  0.000370
     CHF  0.000283
     EUR  0.000242
     USD  0.000131
     NZD -0.002089
2026-08-18 21:18:37,948 - INFO - 4H Base/Quote Strength Matrix:
               GBP       JPY       CHF       EUR       USD       NZD
currency                                                            
GBP       0.000000  0.000170  0.000256  0.000298  0.000409  0.002628
JPY      -0.000170  0.000000  0.000087  0.000128  0.000239  0.002459
CHF      -0.000256 -0.000087  0.000000  0.000041  0.000152  0.002372
EUR      -0.000298 -0.000128 -0.000041  0.000000  0.000111  0.002331
USD      -0.000409 -0.000239 -0.000152 -0.000111  0.000000  0.002220
NZD      -0.002628 -0.002459 -0.002372 -0.002331 -0.002220  0.000000
2026-08-18 21:18:37,950 - INFO - 4H Signals:
   pair  score_diff  signal
EUR/USD    0.000111 NEUTRAL
GBP/USD    0.000409 NEUTRAL
NZD/USD   -0.002220   SHORT
USD/CHF   -0.000152 NEUTRAL
USD/JPY   -0.000239 NEUTRAL
2026-08-18 21:18:37,951 - INFO - Saved signals_4h.csv with 5 rows
JOURNAL_LOCK_ACQUIRED pid=24880
No new signals to add. Journal is already up to date.
JOURNAL_LOCK_RELEASED pid=24880
H4 scan completed: Tue 08/18/2026 21:18:38.12

==================================================
H4 scan started: Wed 08/19/2026  3:12:56.67
2026-08-19 03:12:57,088 - INFO - Requesting interval=4h, outputsize=5
2026-08-19 03:12:57,527 - ERROR - 4H fetch failed: 4H API returned HTTP 429
ERROR: fetch_4h_to_csv.py failed.

==================================================
H4 scan started: Thu 08/20/2026  0:05:01.14
2026-08-20 00:05:01,550 - INFO - Requesting interval=4h, outputsize=5
2026-08-20 00:05:02,161 - INFO - 4H EUR/USD -> bar_open=2026-08-19T17:00:00+00:00 bar_close=2026-08-19T21:00:00+00:00 age=0:05:01.550687 open=1.16696 close=1.1678 change=0.000720
2026-08-20 00:05:02,161 - INFO - 4H USD/CHF -> bar_open=2026-08-19T17:00:00+00:00 bar_close=2026-08-19T21:00:00+00:00 age=0:05:01.550687 open=0.79914 close=0.79725 change=-0.002365
2026-08-20 00:05:02,162 - INFO - 4H NZD/USD -> bar_open=2026-08-19T17:00:00+00:00 bar_close=2026-08-19T21:00:00+00:00 age=0:05:01.550687 open=0.59335 close=0.59356 change=0.000354
2026-08-20 00:05:02,163 - INFO - 4H GBP/USD -> bar_open=2026-08-19T17:00:00+00:00 bar_close=2026-08-19T21:00:00+00:00 age=0:05:01.550687 open=1.36111 close=1.36071 change=-0.000294
2026-08-20 00:05:02,164 - INFO - 4H USD/JPY -> bar_open=2026-08-19T17:00:00+00:00 bar_close=2026-08-19T21:00:00+00:00 age=0:05:01.550687 open=158.37457 close=158.15784 change=-0.001368
2026-08-20 00:05:02,168 - INFO - Saved pair_changes_4h.csv with 5 rows
2026-08-20 00:05:02,565 - INFO - 4H input timestamp=2026-08-19T21:00:00+00:00 age=0:05:02.565869 rows=5
2026-08-20 00:05:02,568 - INFO - 4H Currency Strength:
currency  strength
     CHF  0.002365
     JPY  0.001368
     EUR  0.000720
     NZD  0.000354
     GBP -0.000294
     USD -0.000903
2026-08-20 00:05:02,570 - INFO - 4H Base/Quote Strength Matrix:
               CHF       JPY       EUR       NZD       GBP       USD
currency                                                            
CHF       0.000000  0.000997  0.001645  0.002011  0.002659  0.003268
JPY      -0.000997  0.000000  0.000649  0.001015  0.001662  0.002271
EUR      -0.001645 -0.000649  0.000000  0.000366  0.001014  0.001622
NZD      -0.002011 -0.001015 -0.000366  0.000000  0.000648  0.001257
GBP      -0.002659 -0.001662 -0.001014 -0.000648  0.000000  0.000609
USD      -0.003268 -0.002271 -0.001622 -0.001257 -0.000609  0.000000
2026-08-20 00:05:02,571 - INFO - 4H Signals:
   pair  score_diff signal
EUR/USD    0.001622   LONG
GBP/USD    0.000609   LONG
NZD/USD    0.001257   LONG
USD/CHF   -0.003268  SHORT
USD/JPY   -0.002271  SHORT
2026-08-20 00:05:02,573 - INFO - Saved signals_4h.csv with 5 rows
JOURNAL_LOCK_ACQUIRED pid=20288
Added 5 new journal rows.
Directional signals: 5
Neutral signals: 0
Recorded entry prices: 5
Missing entry prices: 0
Saved to: signals_journal.csv
JOURNAL_LOCK_RELEASED pid=20288
H4 scan completed: Thu 08/20/2026  0:05:02.71

==================================================
H4 scan started: Fri 08/21/2026  0:05:01.60
2026-08-21 00:05:02,172 - INFO - Requesting interval=4h, outputsize=5
2026-08-21 00:05:04,552 - INFO - 4H AUD/USD -> bar_open=2026-08-20T17:00:00+00:00 bar_close=2026-08-20T21:00:00+00:00 age=0:05:02.172280 open=0.71126 close=0.71138 change=0.000169
2026-08-21 00:05:04,553 - INFO - 4H EUR/USD -> bar_open=2026-08-20T17:00:00+00:00 bar_close=2026-08-20T21:00:00+00:00 age=0:05:02.172280 open=1.16738 close=1.16791 change=0.000454
2026-08-21 00:05:04,554 - INFO - 4H GBP/USD -> bar_open=2026-08-20T17:00:00+00:00 bar_close=2026-08-20T21:00:00+00:00 age=0:05:02.172280 open=1.36324 close=1.3631 change=-0.000103
2026-08-21 00:05:04,555 - INFO - 4H NZD/USD -> bar_open=2026-08-20T17:00:00+00:00 bar_close=2026-08-20T21:00:00+00:00 age=0:05:02.172280 open=0.59418 close=0.5944 change=0.000370
2026-08-21 00:05:04,556 - INFO - 4H USD/CAD -> bar_open=2026-08-20T17:00:00+00:00 bar_close=2026-08-20T21:00:00+00:00 age=0:05:02.172280 open=1.37911 close=1.37896 change=-0.000109
2026-08-21 00:05:04,557 - INFO - 4H USD/CHF -> bar_open=2026-08-20T17:00:00+00:00 bar_close=2026-08-20T21:00:00+00:00 age=0:05:02.172280 open=0.80049 close=0.80044 change=-0.000062
2026-08-21 00:05:04,558 - INFO - 4H USD/JPY -> bar_open=2026-08-20T17:00:00+00:00 bar_close=2026-08-20T21:00:00+00:00 age=0:05:02.172280 open=159.0179 close=159.07472 change=0.000357
2026-08-21 00:05:04,564 - INFO - Saved pair_changes_4h.csv with 7 rows
2026-08-21 00:05:05,057 - INFO - 4H input timestamp=2026-08-20T21:00:00+00:00 age=0:05:05.057252 rows=7
2026-08-21 00:05:05,060 - INFO - 4H Currency Strength:
currency  strength
     EUR  0.000454
     NZD  0.000370
     AUD  0.000169
     CAD  0.000109
     CHF  0.000062
     USD -0.000101
     GBP -0.000103
     JPY -0.000357
2026-08-21 00:05:05,062 - INFO - 4H Base/Quote Strength Matrix:
               EUR       NZD       AUD       CAD       CHF       USD       GBP       JPY
currency                                                                                
EUR       0.000000  0.000084  0.000285  0.000345  0.000392  0.000555  0.000557  0.000811
NZD      -0.000084  0.000000  0.000202  0.000261  0.000308  0.000471  0.000473  0.000728
AUD      -0.000285 -0.000202  0.000000  0.000060  0.000106  0.000269  0.000271  0.000526
CAD      -0.000345 -0.000261 -0.000060  0.000000  0.000046  0.000209  0.000211  0.000466
CHF      -0.000392 -0.000308 -0.000106 -0.000046  0.000000  0.000163  0.000165  0.000420
USD      -0.000555 -0.000471 -0.000269 -0.000209 -0.000163  0.000000  0.000002  0.000257
GBP      -0.000557 -0.000473 -0.000271 -0.000211 -0.000165 -0.000002  0.000000  0.000255
JPY      -0.000811 -0.000728 -0.000526 -0.000466 -0.000420 -0.000257 -0.000255  0.000000
2026-08-21 00:05:05,064 - INFO - 4H Signals:
   pair  score_diff  signal
AUD/USD    0.000269 NEUTRAL
EUR/USD    0.000555    LONG
GBP/USD   -0.000002 NEUTRAL
NZD/USD    0.000471 NEUTRAL
USD/CAD   -0.000209 NEUTRAL
USD/CHF   -0.000163 NEUTRAL
USD/JPY    0.000257 NEUTRAL
2026-08-21 00:05:05,067 - INFO - Saved signals_4h.csv with 7 rows
JOURNAL_LOCK_ACQUIRED pid=18848
Added 7 new journal rows.
Directional signals: 1
Neutral signals: 6
Recorded entry prices: 1
Missing entry prices: 0
Saved to: signals_journal.csv
JOURNAL_LOCK_RELEASED pid=18848
H4 scan completed: Fri 08/21/2026  0:05:05.25

==================================================
H4 scan started: Fri 08/21/2026 11:40:15.02
2026-08-21 11:40:15,445 - INFO - Requesting interval=4h, outputsize=5
2026-08-21 11:40:16,055 - INFO - 4H AUD/USD -> bar_open=2026-08-21T01:00:00+00:00 bar_close=2026-08-21T05:00:00+00:00 age=3:40:15.445973 open=0.71217 close=0.71406 change=0.002654
2026-08-21 11:40:16,056 - INFO - 4H EUR/USD -> bar_open=2026-08-21T01:00:00+00:00 bar_close=2026-08-21T05:00:00+00:00 age=3:40:15.445973 open=1.16839 close=1.16938 change=0.000847
2026-08-21 11:40:16,056 - INFO - 4H GBP/USD -> bar_open=2026-08-21T01:00:00+00:00 bar_close=2026-08-21T05:00:00+00:00 age=3:40:15.445973 open=1.36385 close=1.36436 change=0.000374
2026-08-21 11:40:16,057 - INFO - 4H NZD/USD -> bar_open=2026-08-21T01:00:00+00:00 bar_close=2026-08-21T05:00:00+00:00 age=3:40:15.445973 open=0.59561 close=0.59664 change=0.001729
2026-08-21 11:40:16,058 - INFO - 4H USD/CAD -> bar_open=2026-08-21T01:00:00+00:00 bar_close=2026-08-21T05:00:00+00:00 age=3:40:15.445973 open=1.3778 close=1.37662 change=-0.000856
2026-08-21 11:40:16,059 - INFO - 4H USD/CHF -> bar_open=2026-08-21T01:00:00+00:00 bar_close=2026-08-21T05:00:00+00:00 age=3:40:15.445973 open=0.80029 close=0.79987 change=-0.000525
2026-08-21 11:40:16,060 - INFO - 4H USD/JPY -> bar_open=2026-08-21T01:00:00+00:00 bar_close=2026-08-21T05:00:00+00:00 age=3:40:15.445973 open=159.10536 close=159.00574 change=-0.000626
2026-08-21 11:40:16,064 - INFO - Saved pair_changes_4h.csv with 7 rows
2026-08-21 11:40:16,467 - INFO - 4H input timestamp=2026-08-21T05:00:00+00:00 age=3:40:16.467324 rows=7
2026-08-21 11:40:16,476 - INFO - 4H Currency Strength:
currency  strength
     AUD  0.002654
     NZD  0.001729
     CAD  0.000856
     EUR  0.000847
     JPY  0.000626
     CHF  0.000525
     GBP  0.000374
     USD -0.001087
2026-08-21 11:40:16,478 - INFO - 4H Base/Quote Strength Matrix:
               AUD       NZD       CAD       EUR       JPY       CHF       GBP       USD
currency                                                                                
AUD       0.000000  0.000925  0.001797  0.001807  0.002028  0.002129  0.002280  0.003741
NZD      -0.000925  0.000000  0.000873  0.000882  0.001103  0.001205  0.001355  0.002817
CAD      -0.001797 -0.000873  0.000000  0.000009  0.000230  0.000332  0.000482  0.001944
EUR      -0.001807 -0.000882 -0.000009  0.000000  0.000221  0.000323  0.000473  0.001935
JPY      -0.002028 -0.001103 -0.000230 -0.000221  0.000000  0.000101  0.000252  0.001714
CHF      -0.002129 -0.001205 -0.000332 -0.000323 -0.000101  0.000000  0.000151  0.001612
GBP      -0.002280 -0.001355 -0.000482 -0.000473 -0.000252 -0.000151  0.000000  0.001461
USD      -0.003741 -0.002817 -0.001944 -0.001935 -0.001714 -0.001612 -0.001461  0.000000
2026-08-21 11:40:16,480 - INFO - 4H Signals:
   pair  score_diff signal
AUD/USD    0.003741   LONG
EUR/USD    0.001935   LONG
GBP/USD    0.001461   LONG
NZD/USD    0.002817   LONG
USD/CAD   -0.001944  SHORT
USD/CHF   -0.001612  SHORT
USD/JPY   -0.001714  SHORT
2026-08-21 11:40:16,481 - INFO - Saved signals_4h.csv with 7 rows
JOURNAL_LOCK_ACQUIRED pid=22196
Added 7 new journal rows.
Directional signals: 7
Neutral signals: 0
Recorded entry prices: 7
Missing entry prices: 0
Saved to: signals_journal.csv
JOURNAL_LOCK_RELEASED pid=22196
H4 scan completed: Fri 08/21/2026 11:40:16.64

==================================================
H4 scan started: Sat 08/22/2026  4:05:01.38
2026-08-22 04:05:01,830 - INFO - Requesting interval=4h, outputsize=5
2026-08-22 04:05:02,384 - INFO - 4H AUD/USD -> bar_open=2026-08-21T21:00:00+00:00 bar_close=2026-08-22T01:00:00+00:00 age=0:05:01.830884 open=0.71705 close=0.71706 change=0.000014
2026-08-22 04:05:02,384 - INFO - 4H EUR/USD -> bar_open=2026-08-21T21:00:00+00:00 bar_close=2026-08-22T01:00:00+00:00 age=0:05:01.830884 open=1.16764 close=1.16764 change=0.000000
2026-08-22 04:05:02,385 - INFO - 4H GBP/USD -> bar_open=2026-08-21T21:00:00+00:00 bar_close=2026-08-22T01:00:00+00:00 age=0:05:01.830884 open=1.36448 close=1.36456 change=0.000059
2026-08-22 04:05:02,386 - INFO - 4H NZD/USD -> bar_open=2026-08-21T21:00:00+00:00 bar_close=2026-08-22T01:00:00+00:00 age=0:05:01.830884 open=0.59793 close=0.59794 change=0.000017
2026-08-22 04:05:02,386 - INFO - 4H USD/CAD -> bar_open=2026-08-21T21:00:00+00:00 bar_close=2026-08-22T01:00:00+00:00 age=0:05:01.830884 open=1.37672 close=1.37671 change=-0.000007
2026-08-22 04:05:02,387 - INFO - 4H USD/CHF -> bar_open=2026-08-21T21:00:00+00:00 bar_close=2026-08-22T01:00:00+00:00 age=0:05:01.830884 open=0.80135 close=0.80107 change=-0.000349
2026-08-22 04:05:02,388 - INFO - 4H USD/JPY -> bar_open=2026-08-21T21:00:00+00:00 bar_close=2026-08-22T01:00:00+00:00 age=0:05:01.830884 open=158.98351 close=158.98817 change=0.000029
2026-08-22 04:05:02,392 - INFO - Saved pair_changes_4h.csv with 7 rows
2026-08-22 04:05:02,809 - INFO - 4H input timestamp=2026-08-22T01:00:00+00:00 age=0:05:02.809077 rows=7
2026-08-22 04:05:02,811 - INFO - 4H Currency Strength:
currency  strength
     CHF  0.000349
     GBP  0.000059
     NZD  0.000017
     AUD  0.000014
     CAD  0.000007
     EUR  0.000000
     JPY -0.000029
     USD -0.000060
2026-08-22 04:05:02,813 - INFO - 4H Base/Quote Strength Matrix:
               CHF       GBP       NZD       AUD       CAD       EUR       JPY       USD
currency                                                                                
CHF       0.000000  0.000291  0.000333  0.000335  0.000342  0.000349  0.000379  0.000409
GBP      -0.000291  0.000000  0.000042  0.000045  0.000051  0.000059  0.000088  0.000118
NZD      -0.000333 -0.000042  0.000000  0.000003  0.000009  0.000017  0.000046  0.000076
AUD      -0.000335 -0.000045 -0.000003  0.000000  0.000007  0.000014  0.000043  0.000073
CAD      -0.000342 -0.000051 -0.000009 -0.000007  0.000000  0.000007  0.000037  0.000067
EUR      -0.000349 -0.000059 -0.000017 -0.000014 -0.000007  0.000000  0.000029  0.000060
JPY      -0.000379 -0.000088 -0.000046 -0.000043 -0.000037 -0.000029  0.000000  0.000030
USD      -0.000409 -0.000118 -0.000076 -0.000073 -0.000067 -0.000060 -0.000030  0.000000
2026-08-22 04:05:02,815 - INFO - 4H Signals:
   pair  score_diff  signal
AUD/USD    0.000073 NEUTRAL
EUR/USD    0.000060 NEUTRAL
GBP/USD    0.000118 NEUTRAL
NZD/USD    0.000076 NEUTRAL
USD/CAD   -0.000067 NEUTRAL
USD/CHF   -0.000409 NEUTRAL
USD/JPY   -0.000030 NEUTRAL
2026-08-22 04:05:02,816 - INFO - Saved signals_4h.csv with 7 rows
JOURNAL_LOCK_ACQUIRED pid=21348
Added 7 new journal rows.
Directional signals: 0
Neutral signals: 7
Recorded entry prices: 0
Missing entry prices: 0
Saved to: signals_journal.csv
JOURNAL_LOCK_RELEASED pid=21348
H4 scan completed: Sat 08/22/2026  4:05:02.96

==================================================
H4 scan started: Sat 08/22/2026 12:05:01.80
2026-08-22 12:05:02,805 - INFO - Requesting interval=4h, outputsize=5
2026-08-22 12:05:02,808 - ERROR - 4H fetch failed: 4H request failed: ConnectionError
ERROR: fetch_4h_to_csv.py failed.

==================================================
H4 scan started: Sat 08/22/2026 16:05:01.38
2026-08-22 16:05:02,562 - INFO - Requesting interval=4h, outputsize=5
2026-08-22 16:05:03,091 - INFO - 4H AUD/USD -> bar_open=2026-08-22T09:00:00+00:00 bar_close=2026-08-22T13:00:00+00:00 age=0:05:02.562182 open=0.71702 close=0.71697 change=-0.000070
2026-08-22 16:05:03,092 - INFO - 4H EUR/USD -> bar_open=2026-08-22T09:00:00+00:00 bar_close=2026-08-22T13:00:00+00:00 age=0:05:02.562182 open=1.16763 close=1.16802 change=0.000334
2026-08-22 16:05:03,092 - INFO - 4H GBP/USD -> bar_open=2026-08-22T09:00:00+00:00 bar_close=2026-08-22T13:00:00+00:00 age=0:05:02.562182 open=1.36439 close=1.36437 change=-0.000015
2026-08-22 16:05:03,093 - INFO - 4H NZD/USD -> bar_open=2026-08-22T09:00:00+00:00 bar_close=2026-08-22T13:00:00+00:00 age=0:05:02.562182 open=0.59794 close=0.59793 change=-0.000017
2026-08-22 16:05:03,094 - INFO - 4H USD/CAD -> bar_open=2026-08-22T09:00:00+00:00 bar_close=2026-08-22T13:00:00+00:00 age=0:05:02.562182 open=1.37671 close=1.37688 change=0.000123
2026-08-22 16:05:03,094 - INFO - 4H USD/CHF -> bar_open=2026-08-22T09:00:00+00:00 bar_close=2026-08-22T13:00:00+00:00 age=0:05:02.562182 open=0.80104 close=0.80111 change=0.000087
2026-08-22 16:05:03,095 - INFO - 4H USD/JPY -> bar_open=2026-08-22T09:00:00+00:00 bar_close=2026-08-22T13:00:00+00:00 age=0:05:02.562182 open=158.98634 close=158.9835 change=-0.000018
2026-08-22 16:05:03,111 - INFO - Saved pair_changes_4h.csv with 7 rows
2026-08-22 16:05:03,583 - INFO - 4H input timestamp=2026-08-22T13:00:00+00:00 age=0:05:03.583672 rows=7
2026-08-22 16:05:03,590 - INFO - 4H Currency Strength:
currency  strength
     EUR  0.000334
     JPY  0.000018
     USD -0.000006
     GBP -0.000015
     NZD -0.000017
     AUD -0.000070
     CHF -0.000087
     CAD -0.000123
2026-08-22 16:05:03,592 - INFO - 4H Base/Quote Strength Matrix:
               EUR       JPY       USD       GBP       NZD       AUD       CHF       CAD
currency                                                                                
EUR       0.000000  0.000316  0.000340  0.000349  0.000351  0.000404  0.000421  0.000457
JPY      -0.000316  0.000000  0.000024  0.000033  0.000035  0.000088  0.000105  0.000141
USD      -0.000340 -0.000024  0.000000  0.000009  0.000011  0.000064  0.000082  0.000118
GBP      -0.000349 -0.000033 -0.000009  0.000000  0.000002  0.000055  0.000073  0.000109
NZD      -0.000351 -0.000035 -0.000011 -0.000002  0.000000  0.000053  0.000071  0.000107
AUD      -0.000404 -0.000088 -0.000064 -0.000055 -0.000053  0.000000  0.000018  0.000054
CHF      -0.000421 -0.000105 -0.000082 -0.000073 -0.000071 -0.000018  0.000000  0.000036
CAD      -0.000457 -0.000141 -0.000118 -0.000109 -0.000107 -0.000054 -0.000036  0.000000
2026-08-22 16:05:03,595 - INFO - 4H Signals:
   pair  score_diff  signal
AUD/USD   -0.000064 NEUTRAL
EUR/USD    0.000340 NEUTRAL
GBP/USD   -0.000009 NEUTRAL
NZD/USD   -0.000011 NEUTRAL
USD/CAD    0.000118 NEUTRAL
USD/CHF    0.000082 NEUTRAL
USD/JPY   -0.000024 NEUTRAL
2026-08-22 16:05:03,597 - INFO - Saved signals_4h.csv with 7 rows
JOURNAL_LOCK_ACQUIRED pid=24368
Added 7 new journal rows.
Directional signals: 0
Neutral signals: 7
Recorded entry prices: 0
Missing entry prices: 0
Saved to: signals_journal.csv
JOURNAL_LOCK_RELEASED pid=24368
H4 scan completed: Sat 08/22/2026 16:05:03.80

==================================================
H4 scan started: Sat 08/22/2026 20:05:02.01
2026-08-22 20:05:03,030 - INFO - Requesting interval=4h, outputsize=5
2026-08-22 20:05:03,033 - ERROR - 4H fetch failed: 4H request failed: ConnectionError
ERROR: fetch_4h_to_csv.py failed.

==================================================
H4 scan started: Mon 08/24/2026  0:05:01.85
2026-08-24 00:05:03,049 - INFO - Requesting interval=4h, outputsize=5
2026-08-24 00:05:03,872 - INFO - 4H AUD/USD -> bar_open=2026-08-23T17:00:00+00:00 bar_close=2026-08-23T21:00:00+00:00 age=0:05:03.049934 open=0.71709 close=0.71666 change=-0.000600
2026-08-24 00:05:03,873 - INFO - 4H EUR/USD -> bar_open=2026-08-23T17:00:00+00:00 bar_close=2026-08-23T21:00:00+00:00 age=0:05:03.049934 open=1.16761 close=1.16761 change=0.000000
2026-08-24 00:05:03,873 - INFO - 4H GBP/USD -> bar_open=2026-08-23T17:00:00+00:00 bar_close=2026-08-23T21:00:00+00:00 age=0:05:03.049934 open=1.36411 close=1.36352 change=-0.000433
2026-08-24 00:05:03,874 - INFO - 4H NZD/USD -> bar_open=2026-08-23T17:00:00+00:00 bar_close=2026-08-23T21:00:00+00:00 age=0:05:03.049934 open=0.59789 close=0.5974 change=-0.000820
2026-08-24 00:05:03,875 - INFO - 4H USD/CAD -> bar_open=2026-08-23T17:00:00+00:00 bar_close=2026-08-23T21:00:00+00:00 age=0:05:03.049934 open=1.3766 close=1.3793 change=0.001961
2026-08-24 00:05:03,875 - INFO - 4H USD/CHF -> bar_open=2026-08-23T17:00:00+00:00 bar_close=2026-08-23T21:00:00+00:00 age=0:05:03.049934 open=0.80121 close=0.80161 change=0.000499
2026-08-24 00:05:03,876 - INFO - 4H USD/JPY -> bar_open=2026-08-23T17:00:00+00:00 bar_close=2026-08-23T21:00:00+00:00 age=0:05:03.049934 open=158.98649 close=159.01237 change=0.000163
2026-08-24 00:05:03,892 - INFO - Saved pair_changes_4h.csv with 7 rows
2026-08-24 00:05:04,413 - INFO - 4H input timestamp=2026-08-23T21:00:00+00:00 age=0:05:04.413064 rows=7
2026-08-24 00:05:04,421 - INFO - 4H Currency Strength:
currency  strength
     USD  0.000639
     EUR  0.000000
     JPY -0.000163
     GBP -0.000433
     CHF -0.000499
     AUD -0.000600
     NZD -0.000820
     CAD -0.001961
2026-08-24 00:05:04,423 - INFO - 4H Base/Quote Strength Matrix:
               USD       EUR       JPY       GBP       CHF       AUD       NZD       CAD
currency                                                                                
USD       0.000000  0.000639  0.000802  0.001072  0.001139  0.001239  0.001459  0.002601
EUR      -0.000639  0.000000  0.000163  0.000433  0.000499  0.000600  0.000820  0.001961
JPY      -0.000802 -0.000163  0.000000  0.000270  0.000336  0.000437  0.000657  0.001799
GBP      -0.001072 -0.000433 -0.000270  0.000000  0.000067  0.000167  0.000387  0.001529
CHF      -0.001139 -0.000499 -0.000336 -0.000067  0.000000  0.000100  0.000320  0.001462
AUD      -0.001239 -0.000600 -0.000437 -0.000167 -0.000100  0.000000  0.000220  0.001362
NZD      -0.001459 -0.000820 -0.000657 -0.000387 -0.000320 -0.000220  0.000000  0.001142
CAD      -0.002601 -0.001961 -0.001799 -0.001529 -0.001462 -0.001362 -0.001142  0.000000
2026-08-24 00:05:04,426 - INFO - 4H Signals:
   pair  score_diff signal
AUD/USD   -0.001239  SHORT
EUR/USD   -0.000639  SHORT
GBP/USD   -0.001072  SHORT
NZD/USD   -0.001459  SHORT
USD/CAD    0.002601   LONG
USD/CHF    0.001139   LONG
USD/JPY    0.000802   LONG
2026-08-24 00:05:04,428 - INFO - Saved signals_4h.csv with 7 rows
JOURNAL_LOCK_ACQUIRED pid=35160
Added 7 new journal rows.
Directional signals: 7
Neutral signals: 0
Recorded entry prices: 7
Missing entry prices: 0
Saved to: signals_journal.csv
JOURNAL_LOCK_RELEASED pid=35160
H4 scan completed: Mon 08/24/2026  0:05:04.66

==================================================
H4 scan started: Mon 08/24/2026  8:05:01.27
2026-08-24 08:05:01,843 - INFO - Requesting interval=4h, outputsize=5
2026-08-24 08:05:02,410 - INFO - 4H AUD/USD -> bar_open=2026-08-24T01:00:00+00:00 bar_close=2026-08-24T05:00:00+00:00 age=0:05:01.843105 open=0.71734 close=0.71672 change=-0.000864
2026-08-24 08:05:02,411 - INFO - 4H EUR/USD -> bar_open=2026-08-24T01:00:00+00:00 bar_close=2026-08-24T05:00:00+00:00 age=0:05:01.843105 open=1.16844 close=1.16824 change=-0.000171
2026-08-24 08:05:02,412 - INFO - 4H GBP/USD -> bar_open=2026-08-24T01:00:00+00:00 bar_close=2026-08-24T05:00:00+00:00 age=0:05:01.843105 open=1.36533 close=1.3647 change=-0.000461
2026-08-24 08:05:02,413 - INFO - 4H NZD/USD -> bar_open=2026-08-24T01:00:00+00:00 bar_close=2026-08-24T05:00:00+00:00 age=0:05:01.843105 open=0.59811 close=0.5975 change=-0.001020
2026-08-24 08:05:02,413 - INFO - 4H USD/CAD -> bar_open=2026-08-24T01:00:00+00:00 bar_close=2026-08-24T05:00:00+00:00 age=0:05:01.843105 open=1.37882 close=1.37953 change=0.000515
2026-08-24 08:05:02,414 - INFO - 4H USD/CHF -> bar_open=2026-08-24T01:00:00+00:00 bar_close=2026-08-24T05:00:00+00:00 age=0:05:01.843105 open=0.79995 close=0.80027 change=0.000400
2026-08-24 08:05:02,415 - INFO - 4H USD/JPY -> bar_open=2026-08-24T01:00:00+00:00 bar_close=2026-08-24T05:00:00+00:00 age=0:05:01.843105 open=158.75114 close=158.86899 change=0.000742
2026-08-24 08:05:02,423 - INFO - Saved pair_changes_4h.csv with 7 rows
2026-08-24 08:05:02,901 - INFO - 4H input timestamp=2026-08-24T05:00:00+00:00 age=0:05:02.900856 rows=7
2026-08-24 08:05:02,908 - INFO - 4H Currency Strength:
currency  strength
     USD  0.000596
     EUR -0.000171
     CHF -0.000400
     GBP -0.000461
     CAD -0.000515
     JPY -0.000742
     AUD -0.000864
     NZD -0.001020
2026-08-24 08:05:02,909 - INFO - 4H Base/Quote Strength Matrix:
               USD       EUR       CHF       GBP       CAD       JPY       AUD       NZD
currency                                                                                
USD       0.000000  0.000767  0.000996  0.001058  0.001111  0.001339  0.001461  0.001616
EUR      -0.000767  0.000000  0.000229  0.000290  0.000344  0.000571  0.000693  0.000849
CHF      -0.000996 -0.000229  0.000000  0.000061  0.000115  0.000342  0.000464  0.000620
GBP      -0.001058 -0.000290 -0.000061  0.000000  0.000054  0.000281  0.000403  0.000558
CAD      -0.001111 -0.000344 -0.000115 -0.000054  0.000000  0.000227  0.000349  0.000505
JPY      -0.001339 -0.000571 -0.000342 -0.000281 -0.000227  0.000000  0.000122  0.000278
AUD      -0.001461 -0.000693 -0.000464 -0.000403 -0.000349 -0.000122  0.000000  0.000156
NZD      -0.001616 -0.000849 -0.000620 -0.000558 -0.000505 -0.000278 -0.000156  0.000000
2026-08-24 08:05:02,911 - INFO - 4H Signals:
   pair  score_diff signal
AUD/USD   -0.001461  SHORT
EUR/USD   -0.000767  SHORT
GBP/USD   -0.001058  SHORT
NZD/USD   -0.001616  SHORT
USD/CAD    0.001111   LONG
USD/CHF    0.000996   LONG
USD/JPY    0.001339   LONG
2026-08-24 08:05:02,913 - INFO - Saved signals_4h.csv with 7 rows
JOURNAL_LOCK_ACQUIRED pid=30680
Added 7 new journal rows.
Directional signals: 7
Neutral signals: 0
Recorded entry prices: 7
Missing entry prices: 0
Saved to: signals_journal.csv
JOURNAL_LOCK_RELEASED pid=30680
H4 scan completed: Mon 08/24/2026  8:05:03.09

==================================================
H4 scan started: Mon 08/24/2026 12:05:02.08
2026-08-24 12:05:03,556 - INFO - Requesting interval=4h, outputsize=5
2026-08-24 12:05:04,383 - INFO - 4H AUD/USD -> bar_open=2026-08-24T05:00:00+00:00 bar_close=2026-08-24T09:00:00+00:00 age=0:05:03.556580 open=0.7167 close=0.71608 change=-0.000865
2026-08-24 12:05:04,384 - INFO - 4H EUR/USD -> bar_open=2026-08-24T05:00:00+00:00 bar_close=2026-08-24T09:00:00+00:00 age=0:05:03.556580 open=1.16821 close=1.16646 change=-0.001498
2026-08-24 12:05:04,385 - INFO - 4H GBP/USD -> bar_open=2026-08-24T05:00:00+00:00 bar_close=2026-08-24T09:00:00+00:00 age=0:05:03.556580 open=1.36467 close=1.36245 change=-0.001627
2026-08-24 12:05:04,386 - INFO - 4H NZD/USD -> bar_open=2026-08-24T05:00:00+00:00 bar_close=2026-08-24T09:00:00+00:00 age=0:05:03.556580 open=0.59749 close=0.5967 change=-0.001322
2026-08-24 12:05:04,387 - INFO - 4H USD/CAD -> bar_open=2026-08-24T05:00:00+00:00 bar_close=2026-08-24T09:00:00+00:00 age=0:05:03.556580 open=1.37949 close=1.38423 change=0.003436
2026-08-24 12:05:04,387 - INFO - 4H USD/CHF -> bar_open=2026-08-24T05:00:00+00:00 bar_close=2026-08-24T09:00:00+00:00 age=0:05:03.556580 open=0.80028 close=0.80217 change=0.002362
2026-08-24 12:05:04,388 - INFO - 4H USD/JPY -> bar_open=2026-08-24T05:00:00+00:00 bar_close=2026-08-24T09:00:00+00:00 age=0:05:03.556580 open=158.87145 close=159.19164 change=0.002015
2026-08-24 12:05:04,406 - INFO - Saved pair_changes_4h.csv with 7 rows
2026-08-24 12:05:05,006 - INFO - 4H input timestamp=2026-08-24T09:00:00+00:00 age=0:05:05.006227 rows=7
2026-08-24 12:05:05,013 - INFO - 4H Currency Strength:
currency  strength
     USD  0.001875
     AUD -0.000865
     NZD -0.001322
     EUR -0.001498
     GBP -0.001627
     JPY -0.002015
     CHF -0.002362
     CAD -0.003436
2026-08-24 12:05:05,015 - INFO - 4H Base/Quote Strength Matrix:
               USD       AUD       NZD       EUR       GBP       JPY       CHF       CAD
currency                                                                                
USD       0.000000  0.002740  0.003197  0.003373  0.003502  0.003890  0.004237  0.005311
AUD      -0.002740  0.000000  0.000457  0.000633  0.000762  0.001150  0.001497  0.002571
NZD      -0.003197 -0.000457  0.000000  0.000176  0.000305  0.000693  0.001039  0.002114
EUR      -0.003373 -0.000633 -0.000176  0.000000  0.000129  0.000517  0.000864  0.001938
GBP      -0.003502 -0.000762 -0.000305 -0.000129  0.000000  0.000389  0.000735  0.001809
JPY      -0.003890 -0.001150 -0.000693 -0.000517 -0.000389  0.000000  0.000346  0.001421
CHF      -0.004237 -0.001497 -0.001039 -0.000864 -0.000735 -0.000346  0.000000  0.001074
CAD      -0.005311 -0.002571 -0.002114 -0.001938 -0.001809 -0.001421 -0.001074  0.000000
2026-08-24 12:05:05,017 - INFO - 4H Signals:
   pair  score_diff signal
AUD/USD   -0.002740  SHORT
EUR/USD   -0.003373  SHORT
GBP/USD   -0.003502  SHORT
NZD/USD   -0.003197  SHORT
USD/CAD    0.005311   LONG
USD/CHF    0.004237   LONG
USD/JPY    0.003890   LONG
2026-08-24 12:05:05,019 - INFO - Saved signals_4h.csv with 7 rows
JOURNAL_LOCK_ACQUIRED pid=29904
Added 7 new journal rows.
Directional signals: 7
Neutral signals: 0
Recorded entry prices: 7
Missing entry prices: 0
Saved to: signals_journal.csv
JOURNAL_LOCK_RELEASED pid=29904
H4 scan completed: Mon 08/24/2026 12:05:05.26

==================================================
H4 scan started: Mon 08/24/2026 16:05:01.45
2026-08-24 16:05:02,923 - INFO - Requesting interval=4h, outputsize=5
2026-08-24 16:05:04,717 - INFO - 4H AUD/USD -> bar_open=2026-08-24T09:00:00+00:00 bar_close=2026-08-24T13:00:00+00:00 age=0:05:02.923397 open=0.7161 close=0.71621 change=0.000154
2026-08-24 16:05:04,718 - INFO - 4H EUR/USD -> bar_open=2026-08-24T09:00:00+00:00 bar_close=2026-08-24T13:00:00+00:00 age=0:05:02.923397 open=1.16648 close=1.1669 change=0.000360
2026-08-24 16:05:04,719 - INFO - 4H GBP/USD -> bar_open=2026-08-24T09:00:00+00:00 bar_close=2026-08-24T13:00:00+00:00 age=0:05:02.923397 open=1.36256 close=1.36434 change=0.001306
2026-08-24 16:05:04,720 - INFO - 4H NZD/USD -> bar_open=2026-08-24T09:00:00+00:00 bar_close=2026-08-24T13:00:00+00:00 age=0:05:02.923397 open=0.59672 close=0.59653 change=-0.000318
2026-08-24 16:05:04,721 - INFO - 4H USD/CAD -> bar_open=2026-08-24T09:00:00+00:00 bar_close=2026-08-24T13:00:00+00:00 age=0:05:02.923397 open=1.38418 close=1.38357 change=-0.000441
2026-08-24 16:05:04,722 - INFO - 4H USD/CHF -> bar_open=2026-08-24T09:00:00+00:00 bar_close=2026-08-24T13:00:00+00:00 age=0:05:02.923397 open=0.8022 close=0.80254 change=0.000424
2026-08-24 16:05:04,724 - INFO - 4H USD/JPY -> bar_open=2026-08-24T09:00:00+00:00 bar_close=2026-08-24T13:00:00+00:00 age=0:05:02.923397 open=159.18718 close=159.03896 change=-0.000931
2026-08-24 16:05:04,757 - INFO - Saved pair_changes_4h.csv with 7 rows
2026-08-24 16:05:05,856 - INFO - 4H input timestamp=2026-08-24T13:00:00+00:00 age=0:05:05.854762 rows=7
2026-08-24 16:05:05,891 - INFO - 4H Currency Strength:
currency  strength
     GBP  0.001306
     JPY  0.000931
     CAD  0.000441
     EUR  0.000360
     AUD  0.000154
     NZD -0.000318
     USD -0.000350
     CHF -0.000424
2026-08-24 16:05:05,893 - INFO - 4H Base/Quote Strength Matrix:
               GBP       JPY       CAD       EUR       AUD       NZD       USD       CHF
currency                                                                                
GBP       0.000000  0.000375  0.000866  0.000946  0.001153  0.001625  0.001656  0.001730
JPY      -0.000375  0.000000  0.000490  0.000571  0.000777  0.001250  0.001281  0.001355
CAD      -0.000866 -0.000490  0.000000  0.000081  0.000287  0.000759  0.000791  0.000865
EUR      -0.000946 -0.000571 -0.000081  0.000000  0.000206  0.000678  0.000710  0.000784
AUD      -0.001153 -0.000777 -0.000287 -0.000206  0.000000  0.000472  0.000504  0.000577
NZD      -0.001625 -0.001250 -0.000759 -0.000678 -0.000472  0.000000  0.000032  0.000105
USD      -0.001656 -0.001281 -0.000791 -0.000710 -0.000504 -0.000032  0.000000  0.000074
CHF      -0.001730 -0.001355 -0.000865 -0.000784 -0.000577 -0.000105 -0.000074  0.000000
2026-08-24 16:05:05,896 - INFO - 4H Signals:
   pair  score_diff  signal
AUD/USD    0.000504    LONG
EUR/USD    0.000710    LONG
GBP/USD    0.001656    LONG
NZD/USD    0.000032 NEUTRAL
USD/CAD   -0.000791   SHORT
USD/CHF    0.000074 NEUTRAL
USD/JPY   -0.001281   SHORT
2026-08-24 16:05:05,900 - INFO - Saved signals_4h.csv with 7 rows
JOURNAL_LOCK_ACQUIRED pid=21904
Added 7 new journal rows.
Directional signals: 5
Neutral signals: 2
Recorded entry prices: 5
Missing entry prices: 0
Saved to: signals_journal.csv
JOURNAL_LOCK_RELEASED pid=21904
H4 scan completed: Mon 08/24/2026 16:05:06.16

==================================================
H4 scan started: Mon 08/24/2026 20:05:01.36
2026-08-24 20:05:02,689 - INFO - Requesting interval=4h, outputsize=5
2026-08-24 20:05:04,250 - INFO - 4H AUD/USD -> bar_open=2026-08-24T13:00:00+00:00 bar_close=2026-08-24T17:00:00+00:00 age=0:05:02.689872 open=0.71623 close=0.71502 change=-0.001689
2026-08-24 20:05:04,251 - INFO - 4H EUR/USD -> bar_open=2026-08-24T13:00:00+00:00 bar_close=2026-08-24T17:00:00+00:00 age=0:05:02.689872 open=1.16695 close=1.16654 change=-0.000351
2026-08-24 20:05:04,251 - INFO - 4H GBP/USD -> bar_open=2026-08-24T13:00:00+00:00 bar_close=2026-08-24T17:00:00+00:00 age=0:05:02.689872 open=1.36434 close=1.36346 change=-0.000645
2026-08-24 20:05:04,252 - INFO - 4H NZD/USD -> bar_open=2026-08-24T13:00:00+00:00 bar_close=2026-08-24T17:00:00+00:00 age=0:05:02.689872 open=0.59653 close=0.59581 change=-0.001207
2026-08-24 20:05:04,253 - INFO - 4H USD/CAD -> bar_open=2026-08-24T13:00:00+00:00 bar_close=2026-08-24T17:00:00+00:00 age=0:05:02.689872 open=1.38356 close=1.38475 change=0.000860
2026-08-24 20:05:04,254 - INFO - 4H USD/CHF -> bar_open=2026-08-24T13:00:00+00:00 bar_close=2026-08-24T17:00:00+00:00 age=0:05:02.689872 open=0.80256 close=0.80237 change=-0.000237
2026-08-24 20:05:04,255 - INFO - 4H USD/JPY -> bar_open=2026-08-24T13:00:00+00:00 bar_close=2026-08-24T17:00:00+00:00 age=0:05:02.689872 open=159.03949 close=159.09762 change=0.000366
2026-08-24 20:05:04,292 - INFO - Saved pair_changes_4h.csv with 7 rows
2026-08-24 20:05:04,892 - INFO - 4H input timestamp=2026-08-24T17:00:00+00:00 age=0:05:04.892731 rows=7
2026-08-24 20:05:04,900 - INFO - 4H Currency Strength:
currency  strength
     USD  0.000697
     CHF  0.000237
     EUR -0.000351
     JPY -0.000366
     GBP -0.000645
     CAD -0.000860
     NZD -0.001207
     AUD -0.001689
2026-08-24 20:05:04,903 - INFO - 4H Base/Quote Strength Matrix:
               USD       CHF       EUR       JPY       GBP       CAD       NZD       AUD
currency                                                                                
USD       0.000000  0.000461  0.001049  0.001063  0.001342  0.001557  0.001904  0.002387
CHF      -0.000461  0.000000  0.000588  0.000602  0.000882  0.001097  0.001444  0.001926
EUR      -0.001049 -0.000588  0.000000  0.000014  0.000294  0.000509  0.000856  0.001338
JPY      -0.001063 -0.000602 -0.000014  0.000000  0.000279  0.000495  0.000841  0.001324
GBP      -0.001342 -0.000882 -0.000294 -0.000279  0.000000  0.000215  0.000562  0.001044
CAD      -0.001557 -0.001097 -0.000509 -0.000495 -0.000215  0.000000  0.000347  0.000829
NZD      -0.001904 -0.001444 -0.000856 -0.000841 -0.000562 -0.000347  0.000000  0.000482
AUD      -0.002387 -0.001926 -0.001338 -0.001324 -0.001044 -0.000829 -0.000482  0.000000
2026-08-24 20:05:04,905 - INFO - 4H Signals:
   pair  score_diff  signal
AUD/USD   -0.002387   SHORT
EUR/USD   -0.001049   SHORT
GBP/USD   -0.001342   SHORT
NZD/USD   -0.001904   SHORT
USD/CAD    0.001557    LONG
USD/CHF    0.000461 NEUTRAL
USD/JPY    0.001063    LONG
2026-08-24 20:05:04,908 - INFO - Saved signals_4h.csv with 7 rows
JOURNAL_LOCK_ACQUIRED pid=32316
Added 7 new journal rows.
Directional signals: 6
Neutral signals: 1
Recorded entry prices: 6
Missing entry prices: 0
Saved to: signals_journal.csv
JOURNAL_LOCK_RELEASED pid=32316
H4 scan completed: Mon 08/24/2026 20:05:05.16

==================================================
H4 scan started: Tue 08/25/2026  4:05:02.07
2026-08-25 04:05:02,682 - INFO - Requesting interval=4h, outputsize=5
2026-08-25 04:05:03,316 - INFO - 4H AUD/USD -> bar_open=2026-08-24T21:00:00+00:00 bar_close=2026-08-25T01:00:00+00:00 age=0:05:02.682074 open=0.71502 close=0.71576 change=0.001035
2026-08-25 04:05:03,317 - INFO - 4H EUR/USD -> bar_open=2026-08-24T21:00:00+00:00 bar_close=2026-08-25T01:00:00+00:00 age=0:05:02.682074 open=1.16643 close=1.16693 change=0.000429
2026-08-25 04:05:03,318 - INFO - 4H GBP/USD -> bar_open=2026-08-24T21:00:00+00:00 bar_close=2026-08-25T01:00:00+00:00 age=0:05:02.682074 open=1.3631 close=1.364 change=0.000660
2026-08-25 04:05:03,319 - INFO - 4H NZD/USD -> bar_open=2026-08-24T21:00:00+00:00 bar_close=2026-08-25T01:00:00+00:00 age=0:05:02.682074 open=0.59595 close=0.59649 change=0.000906
2026-08-25 04:05:03,320 - INFO - 4H USD/CAD -> bar_open=2026-08-24T21:00:00+00:00 bar_close=2026-08-25T01:00:00+00:00 age=0:05:02.682074 open=1.3844 close=1.38448 change=0.000058
2026-08-25 04:05:03,321 - INFO - 4H USD/CHF -> bar_open=2026-08-24T21:00:00+00:00 bar_close=2026-08-25T01:00:00+00:00 age=0:05:02.682074 open=0.80255 close=0.80215 change=-0.000498
2026-08-25 04:05:03,322 - INFO - 4H USD/JPY -> bar_open=2026-08-24T21:00:00+00:00 bar_close=2026-08-25T01:00:00+00:00 age=0:05:02.682074 open=159.09948 close=159.1782 change=0.000495
2026-08-25 04:05:03,327 - INFO - Saved pair_changes_4h.csv with 7 rows
2026-08-25 04:05:03,892 - INFO - 4H input timestamp=2026-08-25T01:00:00+00:00 age=0:05:03.892087 rows=7
2026-08-25 04:05:03,896 - INFO - 4H Currency Strength:
currency  strength
     AUD  0.001035
     NZD  0.000906
     GBP  0.000660
     CHF  0.000498
     EUR  0.000429
     CAD -0.000058
     USD -0.000425
     JPY -0.000495
2026-08-25 04:05:03,899 - INFO - 4H Base/Quote Strength Matrix:
               AUD       NZD       GBP       CHF       EUR       CAD       USD       JPY
currency                                                                                
AUD       0.000000  0.000129  0.000375  0.000537  0.000606  0.001093  0.001460  0.001530
NZD      -0.000129  0.000000  0.000246  0.000408  0.000477  0.000964  0.001331  0.001401
GBP      -0.000375 -0.000246  0.000000  0.000162  0.000232  0.000718  0.001085  0.001155
CHF      -0.000537 -0.000408 -0.000162  0.000000  0.000070  0.000556  0.000924  0.000993
EUR      -0.000606 -0.000477 -0.000232 -0.000070  0.000000  0.000486  0.000854  0.000923
CAD      -0.001093 -0.000964 -0.000718 -0.000556 -0.000486  0.000000  0.000367  0.000437
USD      -0.001460 -0.001331 -0.001085 -0.000924 -0.000854 -0.000367  0.000000  0.000070
JPY      -0.001530 -0.001401 -0.001155 -0.000993 -0.000923 -0.000437 -0.000070  0.000000
2026-08-25 04:05:03,901 - INFO - 4H Signals:
   pair  score_diff  signal
AUD/USD    0.001460    LONG
EUR/USD    0.000854    LONG
GBP/USD    0.001085    LONG
NZD/USD    0.001331    LONG
USD/CAD   -0.000367 NEUTRAL
USD/CHF   -0.000924   SHORT
USD/JPY    0.000070 NEUTRAL
2026-08-25 04:05:03,903 - INFO - Saved signals_4h.csv with 7 rows
JOURNAL_LOCK_ACQUIRED pid=28616
Added 7 new journal rows.
Directional signals: 5
Neutral signals: 2
Recorded entry prices: 5
Missing entry prices: 0
Saved to: signals_journal.csv
JOURNAL_LOCK_RELEASED pid=28616
H4 scan completed: Tue 08/25/2026  4:05:04.11

==================================================
H4 scan started: Tue 08/25/2026  8:05:01.49
2026-08-25 08:05:02,233 - INFO - Requesting interval=4h, outputsize=5
2026-08-25 08:05:03,865 - INFO - 4H AUD/USD -> bar_open=2026-08-25T01:00:00+00:00 bar_close=2026-08-25T05:00:00+00:00 age=0:05:02.233883 open=0.71568 close=0.7149 change=-0.001090
2026-08-25 08:05:03,866 - INFO - 4H EUR/USD -> bar_open=2026-08-25T01:00:00+00:00 bar_close=2026-08-25T05:00:00+00:00 age=0:05:02.233883 open=1.16691 close=1.16555 change=-0.001165
2026-08-25 08:05:03,867 - INFO - 4H GBP/USD -> bar_open=2026-08-25T01:00:00+00:00 bar_close=2026-08-25T05:00:00+00:00 age=0:05:02.233883 open=1.36396 close=1.36258 change=-0.001012
2026-08-25 08:05:03,868 - INFO - 4H NZD/USD -> bar_open=2026-08-25T01:00:00+00:00 bar_close=2026-08-25T05:00:00+00:00 age=0:05:02.233883 open=0.59645 close=0.59571 change=-0.001241
2026-08-25 08:05:03,869 - INFO - 4H USD/CAD -> bar_open=2026-08-25T01:00:00+00:00 bar_close=2026-08-25T05:00:00+00:00 age=0:05:02.233883 open=1.38449 close=1.386 change=0.001091
2026-08-25 08:05:03,870 - INFO - 4H USD/CHF -> bar_open=2026-08-25T01:00:00+00:00 bar_close=2026-08-25T05:00:00+00:00 age=0:05:02.233883 open=0.80218 close=0.8039 change=0.002144
2026-08-25 08:05:03,871 - INFO - 4H USD/JPY -> bar_open=2026-08-25T01:00:00+00:00 bar_close=2026-08-25T05:00:00+00:00 age=0:05:02.233883 open=159.1804 close=159.31107 change=0.000821
2026-08-25 08:05:03,884 - INFO - Saved pair_changes_4h.csv with 7 rows
2026-08-25 08:05:04,524 - INFO - 4H input timestamp=2026-08-25T05:00:00+00:00 age=0:05:04.523991 rows=7
2026-08-25 08:05:04,533 - INFO - 4H Currency Strength:
currency  strength
     USD  0.001223
     JPY -0.000821
     GBP -0.001012
     AUD -0.001090
     CAD -0.001091
     EUR -0.001165
     NZD -0.001241
     CHF -0.002144
2026-08-25 08:05:04,536 - INFO - 4H Base/Quote Strength Matrix:
               USD       JPY       GBP           AUD           CAD       EUR       NZD       CHF
currency                                                                                        
USD       0.000000  0.002044  0.002235  2.313227e-03  2.314009e-03  0.002389  0.002464  0.003368
JPY      -0.002044  0.000000  0.000191  2.689800e-04  2.697618e-04  0.000345  0.000420  0.001323
GBP      -0.002235 -0.000191  0.000000  7.811269e-05  7.889444e-05  0.000154  0.000229  0.001132
AUD      -0.002313 -0.000269 -0.000078  0.000000e+00  7.817516e-07  0.000076  0.000151  0.001054
CAD      -0.002314 -0.000270 -0.000079 -7.817516e-07  0.000000e+00  0.000075  0.000150  0.001054
EUR      -0.002389 -0.000345 -0.000154 -7.559863e-05 -7.481688e-05  0.000000  0.000075  0.000979
NZD      -0.002464 -0.000420 -0.000229 -1.508014e-04 -1.500197e-04 -0.000075  0.000000  0.000903
CHF      -0.003368 -0.001323 -0.001132 -1.054285e-03 -1.053503e-03 -0.000979 -0.000903  0.000000
2026-08-25 08:05:04,539 - INFO - 4H Signals:
   pair  score_diff signal
AUD/USD   -0.002313  SHORT
EUR/USD   -0.002389  SHORT
GBP/USD   -0.002235  SHORT
NZD/USD   -0.002464  SHORT
USD/CAD    0.002314   LONG
USD/CHF    0.003368   LONG
USD/JPY    0.002044   LONG
2026-08-25 08:05:04,542 - INFO - Saved signals_4h.csv with 7 rows
JOURNAL_LOCK_ACQUIRED pid=3944
Added 7 new journal rows.
Directional signals: 7
Neutral signals: 0
Recorded entry prices: 7
Missing entry prices: 0
Saved to: signals_journal.csv
JOURNAL_LOCK_RELEASED pid=3944
H4 scan completed: Tue 08/25/2026  8:05:04.78

==================================================
H4 scan started: Tue 08/25/2026 16:05:01.99
2026-08-25 16:05:03,185 - INFO - Requesting interval=4h, outputsize=5
2026-08-25 16:05:03,963 - INFO - 4H AUD/USD -> bar_open=2026-08-25T09:00:00+00:00 bar_close=2026-08-25T13:00:00+00:00 age=0:05:03.185453 open=0.71479 close=0.71548 change=0.000965
2026-08-25 16:05:03,965 - INFO - 4H EUR/USD -> bar_open=2026-08-25T09:00:00+00:00 bar_close=2026-08-25T13:00:00+00:00 age=0:05:03.185453 open=1.16661 close=1.16659 change=-0.000017
2026-08-25 16:05:03,966 - INFO - 4H GBP/USD -> bar_open=2026-08-25T09:00:00+00:00 bar_close=2026-08-25T13:00:00+00:00 age=0:05:03.185453 open=1.36411 close=1.36358 change=-0.000389
2026-08-25 16:05:03,967 - INFO - 4H NZD/USD -> bar_open=2026-08-25T09:00:00+00:00 bar_close=2026-08-25T13:00:00+00:00 age=0:05:03.185453 open=0.59538 close=0.5965 change=0.001881
2026-08-25 16:05:03,968 - INFO - 4H USD/CAD -> bar_open=2026-08-25T09:00:00+00:00 bar_close=2026-08-25T13:00:00+00:00 age=0:05:03.185453 open=1.38614 close=1.38535 change=-0.000570
2026-08-25 16:05:03,969 - INFO - 4H USD/CHF -> bar_open=2026-08-25T09:00:00+00:00 bar_close=2026-08-25T13:00:00+00:00 age=0:05:03.185453 open=0.80285 close=0.8027 change=-0.000187
2026-08-25 16:05:03,970 - INFO - 4H USD/JPY -> bar_open=2026-08-25T09:00:00+00:00 bar_close=2026-08-25T13:00:00+00:00 age=0:05:03.185453 open=159.38324 close=159.29449 change=-0.000557
2026-08-25 16:05:04,004 - INFO - Saved pair_changes_4h.csv with 7 rows
2026-08-25 16:05:04,597 - INFO - 4H input timestamp=2026-08-25T13:00:00+00:00 age=0:05:04.597431 rows=7
2026-08-25 16:05:04,605 - INFO - 4H Currency Strength:
currency  strength
     NZD  0.001881
     AUD  0.000965
     CAD  0.000570
     JPY  0.000557
     CHF  0.000187
     EUR -0.000017
     GBP -0.000389
     USD -0.000536
2026-08-25 16:05:04,608 - INFO - 4H Base/Quote Strength Matrix:
               NZD       AUD       CAD       JPY       CHF       EUR       GBP       USD
currency                                                                                
NZD       0.000000  0.000916  0.001311  0.001324  0.001694  0.001898  0.002270  0.002417
AUD      -0.000916  0.000000  0.000395  0.000408  0.000778  0.000982  0.001354  0.001502
CAD      -0.001311 -0.000395  0.000000  0.000013  0.000383  0.000587  0.000958  0.001106
JPY      -0.001324 -0.000408 -0.000013  0.000000  0.000370  0.000574  0.000945  0.001093
CHF      -0.001694 -0.000778 -0.000383 -0.000370  0.000000  0.000204  0.000575  0.000723
EUR      -0.001898 -0.000982 -0.000587 -0.000574 -0.000204  0.000000  0.000371  0.000519
GBP      -0.002270 -0.001354 -0.000958 -0.000945 -0.000575 -0.000371  0.000000  0.000148
USD      -0.002417 -0.001502 -0.001106 -0.001093 -0.000723 -0.000519 -0.000148  0.000000
2026-08-25 16:05:04,610 - INFO - 4H Signals:
   pair  score_diff  signal
AUD/USD    0.001502    LONG
EUR/USD    0.000519    LONG
GBP/USD    0.000148 NEUTRAL
NZD/USD    0.002417    LONG
USD/CAD   -0.001106   SHORT
USD/CHF   -0.000723   SHORT
USD/JPY   -0.001093   SHORT
2026-08-25 16:05:04,612 - INFO - Saved signals_4h.csv with 7 rows
JOURNAL_LOCK_ACQUIRED pid=34064
Added 7 new journal rows.
Directional signals: 6
Neutral signals: 1
Recorded entry prices: 6
Missing entry prices: 0
Saved to: signals_journal.csv
JOURNAL_LOCK_RELEASED pid=34064
H4 scan completed: Tue 08/25/2026 16:05:04.89

==================================================
H4 scan started: Tue 08/25/2026 20:05:01.54
2026-08-25 20:05:03,007 - INFO - Requesting interval=4h, outputsize=5
2026-08-25 20:05:03,792 - INFO - 4H AUD/USD -> bar_open=2026-08-25T13:00:00+00:00 bar_close=2026-08-25T17:00:00+00:00 age=0:05:03.007897 open=0.71546 close=0.71541 change=-0.000070
2026-08-25 20:05:03,794 - INFO - 4H EUR/USD -> bar_open=2026-08-25T13:00:00+00:00 bar_close=2026-08-25T17:00:00+00:00 age=0:05:03.007897 open=1.16659 close=1.16696 change=0.000317
2026-08-25 20:05:03,795 - INFO - 4H GBP/USD -> bar_open=2026-08-25T13:00:00+00:00 bar_close=2026-08-25T17:00:00+00:00 age=0:05:03.007897 open=1.3635 close=1.36325 change=-0.000183
2026-08-25 20:05:03,796 - INFO - 4H NZD/USD -> bar_open=2026-08-25T13:00:00+00:00 bar_close=2026-08-25T17:00:00+00:00 age=0:05:03.007897 open=0.59651 close=0.59684 change=0.000553
2026-08-25 20:05:03,797 - INFO - 4H USD/CAD -> bar_open=2026-08-25T13:00:00+00:00 bar_close=2026-08-25T17:00:00+00:00 age=0:05:03.007897 open=1.38539 close=1.384 change=-0.001003
2026-08-25 20:05:03,798 - INFO - 4H USD/CHF -> bar_open=2026-08-25T13:00:00+00:00 bar_close=2026-08-25T17:00:00+00:00 age=0:05:03.007897 open=0.80271 close=0.80274 change=0.000037
2026-08-25 20:05:03,799 - INFO - 4H USD/JPY -> bar_open=2026-08-25T13:00:00+00:00 bar_close=2026-08-25T17:00:00+00:00 age=0:05:03.007897 open=159.28761 close=159.29014 change=0.000016
2026-08-25 20:05:03,818 - INFO - Saved pair_changes_4h.csv with 7 rows

==================================================
H4 scan started: Wed 08/26/2026  0:05:01.39
2026-08-26 00:05:02,660 - INFO - Requesting interval=4h, outputsize=5
2026-08-26 00:05:04,081 - INFO - 4H AUD/USD -> bar_open=2026-08-25T17:00:00+00:00 bar_close=2026-08-25T21:00:00+00:00 age=0:05:02.660842 open=0.71544 close=0.71645 change=0.001412
2026-08-26 00:05:04,082 - INFO - 4H EUR/USD -> bar_open=2026-08-25T17:00:00+00:00 bar_close=2026-08-25T21:00:00+00:00 age=0:05:02.660842 open=1.16703 close=1.16747 change=0.000377
2026-08-26 00:05:04,082 - INFO - 4H GBP/USD -> bar_open=2026-08-25T17:00:00+00:00 bar_close=2026-08-25T21:00:00+00:00 age=0:05:02.660842 open=1.36333 close=1.3649 change=0.001152
2026-08-26 00:05:04,084 - INFO - 4H NZD/USD -> bar_open=2026-08-25T17:00:00+00:00 bar_close=2026-08-25T21:00:00+00:00 age=0:05:02.660842 open=0.59686 close=0.5978 change=0.001575
2026-08-26 00:05:04,084 - INFO - 4H USD/CAD -> bar_open=2026-08-25T17:00:00+00:00 bar_close=2026-08-25T21:00:00+00:00 age=0:05:02.660842 open=1.38397 close=1.38445 change=0.000347
2026-08-26 00:05:04,085 - INFO - 4H USD/CHF -> bar_open=2026-08-25T17:00:00+00:00 bar_close=2026-08-25T21:00:00+00:00 age=0:05:02.660842 open=0.8027 close=0.80143 change=-0.001582
2026-08-26 00:05:04,086 - INFO - 4H USD/JPY -> bar_open=2026-08-25T17:00:00+00:00 bar_close=2026-08-25T21:00:00+00:00 age=0:05:02.660842 open=159.28802 close=159.21233 change=-0.000475
2026-08-26 00:05:04,104 - INFO - Saved pair_changes_4h.csv with 7 rows
2026-08-26 00:05:04,689 - INFO - 4H input timestamp=2026-08-25T21:00:00+00:00 age=0:05:04.689490 rows=7
2026-08-26 00:05:04,697 - INFO - 4H Currency Strength:
currency  strength
     CHF  0.001582
     NZD  0.001575
     AUD  0.001412
     GBP  0.001152
     JPY  0.000475
     EUR  0.000377
     CAD -0.000347
     USD -0.000889
2026-08-26 00:05:04,699 - INFO - 4H Base/Quote Strength Matrix:
               CHF       NZD       AUD       GBP       JPY       EUR       CAD       USD
currency                                                                                
CHF       0.000000  0.000007  0.000170  0.000431  0.001107  0.001205  0.001929  0.002472
NZD      -0.000007  0.000000  0.000163  0.000423  0.001100  0.001198  0.001922  0.002464
AUD      -0.000170 -0.000163  0.000000  0.000260  0.000937  0.001035  0.001759  0.002301
GBP      -0.000431 -0.000423 -0.000260  0.000000  0.000676  0.000775  0.001498  0.002041
JPY      -0.001107 -0.001100 -0.000937 -0.000676  0.000000  0.000098  0.000822  0.001365
EUR      -0.001205 -0.001198 -0.001035 -0.000775 -0.000098  0.000000  0.000724  0.001266
CAD      -0.001929 -0.001922 -0.001759 -0.001498 -0.000822 -0.000724  0.000000  0.000543
USD      -0.002472 -0.002464 -0.002301 -0.002041 -0.001365 -0.001266 -0.000543  0.000000
2026-08-26 00:05:04,702 - INFO - 4H Signals:
   pair  score_diff signal
AUD/USD    0.002301   LONG
EUR/USD    0.001266   LONG
GBP/USD    0.002041   LONG
NZD/USD    0.002464   LONG
USD/CAD   -0.000543  SHORT
USD/CHF   -0.002472  SHORT
USD/JPY   -0.001365  SHORT
2026-08-26 00:05:04,704 - INFO - Saved signals_4h.csv with 7 rows
JOURNAL_LOCK_ACQUIRED pid=37424
Added 7 new journal rows.
Directional signals: 7
Neutral signals: 0
Recorded entry prices: 7
Missing entry prices: 0
Saved to: signals_journal.csv
JOURNAL_LOCK_RELEASED pid=37424
H4 scan completed: Wed 08/26/2026  0:05:04.94

==================================================
H4 scan started: Wed 08/26/2026  8:05:01.67
2026-08-26 08:05:03,058 - INFO - Requesting interval=4h, outputsize=5
2026-08-26 08:05:03,988 - INFO - 4H AUD/USD -> bar_open=2026-08-26T01:00:00+00:00 bar_close=2026-08-26T05:00:00+00:00 age=0:05:03.058363 open=0.71631 close=0.71773 change=0.001982
2026-08-26 08:05:03,989 - INFO - 4H EUR/USD -> bar_open=2026-08-26T01:00:00+00:00 bar_close=2026-08-26T05:00:00+00:00 age=0:05:03.058363 open=1.16733 close=1.16627 change=-0.000908
2026-08-26 08:05:03,990 - INFO - 4H GBP/USD -> bar_open=2026-08-26T01:00:00+00:00 bar_close=2026-08-26T05:00:00+00:00 age=0:05:03.058363 open=1.3646 close=1.36336 change=-0.000909
2026-08-26 08:05:03,991 - INFO - 4H NZD/USD -> bar_open=2026-08-26T01:00:00+00:00 bar_close=2026-08-26T05:00:00+00:00 age=0:05:03.058363 open=0.59754 close=0.5954 change=-0.003581
2026-08-26 08:05:03,991 - INFO - 4H USD/CAD -> bar_open=2026-08-26T01:00:00+00:00 bar_close=2026-08-26T05:00:00+00:00 age=0:05:03.058363 open=1.38429 close=1.38642 change=0.001539
2026-08-26 08:05:03,992 - INFO - 4H USD/CHF -> bar_open=2026-08-26T01:00:00+00:00 bar_close=2026-08-26T05:00:00+00:00 age=0:05:03.058363 open=0.80178 close=0.80358 change=0.002245
2026-08-26 08:05:03,993 - INFO - 4H USD/JPY -> bar_open=2026-08-26T01:00:00+00:00 bar_close=2026-08-26T05:00:00+00:00 age=0:05:03.058363 open=159.1637 close=159.04128 change=-0.000769
2026-08-26 08:05:04,012 - INFO - Saved pair_changes_4h.csv with 7 rows
2026-08-26 08:05:04,548 - INFO - 4H input timestamp=2026-08-26T05:00:00+00:00 age=0:05:04.547881 rows=7
2026-08-26 08:05:04,557 - INFO - 4H Currency Strength:
currency  strength
     AUD  0.001982
     USD  0.000919
     JPY  0.000769
     EUR -0.000908
     GBP -0.000909
     CAD -0.001539
     CHF -0.002245
     NZD -0.003581
2026-08-26 08:05:04,560 - INFO - 4H Base/Quote Strength Matrix:
               AUD       USD       JPY           EUR           GBP       CAD       CHF       NZD
currency                                                                                        
AUD       0.000000  0.001064  0.001213  2.890437e-03  2.891073e-03  0.003521  0.004227  0.005564
USD      -0.001064  0.000000  0.000149  1.826665e-03  1.827301e-03  0.002457  0.003164  0.004500
JPY      -0.001213 -0.000149  0.000000  1.677200e-03  1.677836e-03  0.002308  0.003014  0.004350
EUR      -0.002890 -0.001827 -0.001677  0.000000e+00  6.360572e-07  0.000631  0.001337  0.002673
GBP      -0.002891 -0.001827 -0.001678 -6.360572e-07  0.000000e+00  0.000630  0.001336  0.002673
CAD      -0.003521 -0.002457 -0.002308 -6.306398e-04 -6.300037e-04  0.000000  0.000706  0.002043
CHF      -0.004227 -0.003164 -0.003014 -1.336950e-03 -1.336314e-03 -0.000706  0.000000  0.001336
NZD      -0.005564 -0.004500 -0.004350 -2.673295e-03 -2.672659e-03 -0.002043 -0.001336  0.000000
2026-08-26 08:05:04,563 - INFO - 4H Signals:
   pair  score_diff  signal
AUD/USD    0.001064    LONG
EUR/USD   -0.001827   SHORT
GBP/USD   -0.001827   SHORT
NZD/USD   -0.004500   SHORT
USD/CAD    0.002457    LONG
USD/CHF    0.003164    LONG
USD/JPY    0.000149 NEUTRAL
2026-08-26 08:05:04,566 - INFO - Saved signals_4h.csv with 7 rows
JOURNAL_LOCK_ACQUIRED pid=36508
Added 7 new journal rows.
Directional signals: 6
Neutral signals: 1
Recorded entry prices: 6
Missing entry prices: 0
Saved to: signals_journal.csv
JOURNAL_LOCK_RELEASED pid=36508
H4 scan completed: Wed 08/26/2026  8:05:04.80

==================================================
H4 scan started: Wed 08/26/2026 20:18:45.49
2026-08-26 20:18:46,235 - INFO - Requesting interval=4h, outputsize=5
2026-08-26 20:18:47,118 - INFO - 4H AUD/USD -> bar_open=2026-08-26T13:00:00+00:00 bar_close=2026-08-26T17:00:00+00:00 age=0:18:46.235929 open=0.71783 close=0.71691 change=-0.001282
2026-08-26 20:18:47,119 - INFO - 4H EUR/USD -> bar_open=2026-08-26T13:00:00+00:00 bar_close=2026-08-26T17:00:00+00:00 age=0:18:46.235929 open=1.16592 close=1.16505 change=-0.000746
2026-08-26 20:18:47,120 - INFO - 4H GBP/USD -> bar_open=2026-08-26T13:00:00+00:00 bar_close=2026-08-26T17:00:00+00:00 age=0:18:46.235929 open=1.36105 close=1.35916 change=-0.001389
2026-08-26 20:18:47,121 - INFO - 4H NZD/USD -> bar_open=2026-08-26T13:00:00+00:00 bar_close=2026-08-26T17:00:00+00:00 age=0:18:46.235929 open=0.59478 close=0.59394 change=-0.001412
2026-08-26 20:18:47,122 - INFO - 4H USD/CAD -> bar_open=2026-08-26T13:00:00+00:00 bar_close=2026-08-26T17:00:00+00:00 age=0:18:46.235929 open=1.38701 close=1.38774 change=0.000526
2026-08-26 20:18:47,122 - INFO - 4H USD/CHF -> bar_open=2026-08-26T13:00:00+00:00 bar_close=2026-08-26T17:00:00+00:00 age=0:18:46.235929 open=0.80469 close=0.80561 change=0.001143
2026-08-26 20:18:47,123 - INFO - 4H USD/JPY -> bar_open=2026-08-26T13:00:00+00:00 bar_close=2026-08-26T17:00:00+00:00 age=0:18:46.235929 open=159.21799 close=159.41832 change=0.001258
2026-08-26 20:18:47,133 - INFO - Saved pair_changes_4h.csv with 7 rows
2026-08-26 20:18:47,839 - INFO - 4H input timestamp=2026-08-26T17:00:00+00:00 age=0:18:47.836670 rows=7
2026-08-26 20:18:47,869 - INFO - 4H Currency Strength:
currency  strength
     USD  0.001108
     CAD -0.000526
     EUR -0.000746
     CHF -0.001143
     JPY -0.001258
     AUD -0.001282
     GBP -0.001389
     NZD -0.001412
2026-08-26 20:18:47,871 - INFO - 4H Base/Quote Strength Matrix:
               USD       CAD       EUR       CHF       JPY       AUD       GBP       NZD
currency                                                                                
USD       0.000000  0.001634  0.001854  0.002251  0.002366  0.002390  0.002497  0.002520
CAD      -0.001634  0.000000  0.000220  0.000617  0.000732  0.000755  0.000862  0.000886
EUR      -0.001854 -0.000220  0.000000  0.000397  0.000512  0.000535  0.000642  0.000666
CHF      -0.002251 -0.000617 -0.000397  0.000000  0.000115  0.000138  0.000245  0.000269
JPY      -0.002366 -0.000732 -0.000512 -0.000115  0.000000  0.000023  0.000130  0.000154
AUD      -0.002390 -0.000755 -0.000535 -0.000138 -0.000023  0.000000  0.000107  0.000131
GBP      -0.002497 -0.000862 -0.000642 -0.000245 -0.000130 -0.000107  0.000000  0.000024
NZD      -0.002520 -0.000886 -0.000666 -0.000269 -0.000154 -0.000131 -0.000024  0.000000
2026-08-26 20:18:47,875 - INFO - 4H Signals:
   pair  score_diff signal
AUD/USD   -0.002390  SHORT
EUR/USD   -0.001854  SHORT
GBP/USD   -0.002497  SHORT
NZD/USD   -0.002520  SHORT
USD/CAD    0.001634   LONG
USD/CHF    0.002251   LONG
USD/JPY    0.002366   LONG
2026-08-26 20:18:47,905 - INFO - Saved signals_4h.csv with 7 rows
JOURNAL_LOCK_ACQUIRED pid=32168
Added 7 new journal rows.
Directional signals: 7
Neutral signals: 0
Recorded entry prices: 7
Missing entry prices: 0
Saved to: signals_journal.csv
JOURNAL_LOCK_RELEASED pid=32168
H4 scan completed: Wed 08/26/2026 20:18:48.14

==================================================
H4 scan started: Thu 08/27/2026  4:05:01.96
2026-08-27 04:05:03,414 - INFO - Requesting interval=4h, outputsize=5
2026-08-27 04:05:05,596 - INFO - 4H AUD/USD -> bar_open=2026-08-26T21:00:00+00:00 bar_close=2026-08-27T01:00:00+00:00 age=0:05:03.414729 open=0.7174 close=0.71809 change=0.000962
2026-08-27 04:05:05,597 - INFO - 4H EUR/USD -> bar_open=2026-08-26T21:00:00+00:00 bar_close=2026-08-27T01:00:00+00:00 age=0:05:03.414729 open=1.16539 close=1.16566 change=0.000232
2026-08-27 04:05:05,597 - INFO - 4H GBP/USD -> bar_open=2026-08-26T21:00:00+00:00 bar_close=2026-08-27T01:00:00+00:00 age=0:05:03.414729 open=1.35976 close=1.35927 change=-0.000360
2026-08-27 04:05:05,598 - INFO - 4H NZD/USD -> bar_open=2026-08-26T21:00:00+00:00 bar_close=2026-08-27T01:00:00+00:00 age=0:05:03.414729 open=0.5944 close=0.59479 change=0.000656
2026-08-27 04:05:05,599 - INFO - 4H USD/CAD -> bar_open=2026-08-26T21:00:00+00:00 bar_close=2026-08-27T01:00:00+00:00 age=0:05:03.414729 open=1.38761 close=1.38733 change=-0.000202
2026-08-27 04:05:05,599 - INFO - 4H USD/CHF -> bar_open=2026-08-26T21:00:00+00:00 bar_close=2026-08-27T01:00:00+00:00 age=0:05:03.414729 open=0.80529 close=0.8053 change=0.000012
2026-08-27 04:05:05,600 - INFO - 4H USD/JPY -> bar_open=2026-08-26T21:00:00+00:00 bar_close=2026-08-27T01:00:00+00:00 age=0:05:03.414729 open=159.31659 close=159.19352 change=-0.000772
2026-08-27 04:05:05,616 - INFO - Saved pair_changes_4h.csv with 7 rows
2026-08-27 04:05:06,270 - INFO - 4H input timestamp=2026-08-27T01:00:00+00:00 age=0:05:06.269992 rows=7
2026-08-27 04:05:06,293 - INFO - 4H Currency Strength:
currency  strength
     AUD  0.000962
     JPY  0.000772
     NZD  0.000656
     EUR  0.000232
     CAD  0.000202
     CHF -0.000012
     USD -0.000350
     GBP -0.000360
2026-08-27 04:05:06,295 - INFO - 4H Base/Quote Strength Matrix:
               AUD       JPY       NZD       EUR       CAD       CHF       USD       GBP
currency                                                                                
AUD       0.000000  0.000189  0.000306  0.000730  0.000760  0.000974  0.001312  0.001322
JPY      -0.000189  0.000000  0.000116  0.000541  0.000571  0.000785  0.001123  0.001133
NZD      -0.000306 -0.000116  0.000000  0.000424  0.000454  0.000669  0.001006  0.001016
EUR      -0.000730 -0.000541 -0.000424  0.000000  0.000030  0.000244  0.000582  0.000592
CAD      -0.000760 -0.000571 -0.000454 -0.000030  0.000000  0.000214  0.000552  0.000562
CHF      -0.000974 -0.000785 -0.000669 -0.000244 -0.000214  0.000000  0.000338  0.000348
USD      -0.001312 -0.001123 -0.001006 -0.000582 -0.000552 -0.000338  0.000000  0.000010
GBP      -0.001322 -0.001133 -0.001016 -0.000592 -0.000562 -0.000348 -0.000010  0.000000
2026-08-27 04:05:06,297 - INFO - 4H Signals:
   pair  score_diff  signal
AUD/USD    0.001312    LONG
EUR/USD    0.000582    LONG
GBP/USD   -0.000010 NEUTRAL
NZD/USD    0.001006    LONG
USD/CAD   -0.000552   SHORT
USD/CHF   -0.000338 NEUTRAL
USD/JPY   -0.001123   SHORT
2026-08-27 04:05:06,299 - INFO - Saved signals_4h.csv with 7 rows
JOURNAL_LOCK_ACQUIRED pid=38192
Added 7 new journal rows.
Directional signals: 5
Neutral signals: 2
Recorded entry prices: 5
Missing entry prices: 0
Saved to: signals_journal.csv
JOURNAL_LOCK_RELEASED pid=38192
H4 scan completed: Thu 08/27/2026  4:05:06.51

==================================================
H4 scan started: Thu 08/27/2026  8:05:01.89
2026-08-27 08:05:04,093 - INFO - Requesting interval=4h, outputsize=5
2026-08-27 08:05:05,515 - INFO - 4H AUD/USD -> bar_open=2026-08-27T01:00:00+00:00 bar_close=2026-08-27T05:00:00+00:00 age=0:05:04.093768 open=0.71807 close=0.71858 change=0.000710
2026-08-27 08:05:05,517 - INFO - 4H EUR/USD -> bar_open=2026-08-27T01:00:00+00:00 bar_close=2026-08-27T05:00:00+00:00 age=0:05:04.093768 open=1.16568 close=1.16558 change=-0.000086
2026-08-27 08:05:05,518 - INFO - 4H GBP/USD -> bar_open=2026-08-27T01:00:00+00:00 bar_close=2026-08-27T05:00:00+00:00 age=0:05:04.093768 open=1.35925 close=1.35879 change=-0.000338
2026-08-27 08:05:05,519 - INFO - 4H NZD/USD -> bar_open=2026-08-27T01:00:00+00:00 bar_close=2026-08-27T05:00:00+00:00 age=0:05:04.093768 open=0.59472 close=0.59518 change=0.000773
2026-08-27 08:05:05,521 - INFO - 4H USD/CAD -> bar_open=2026-08-27T01:00:00+00:00 bar_close=2026-08-27T05:00:00+00:00 age=0:05:04.093768 open=1.38736 close=1.38816 change=0.000577
2026-08-27 08:05:05,522 - INFO - 4H USD/CHF -> bar_open=2026-08-27T01:00:00+00:00 bar_close=2026-08-27T05:00:00+00:00 age=0:05:04.093768 open=0.80528 close=0.80555 change=0.000335
2026-08-27 08:05:05,523 - INFO - 4H USD/JPY -> bar_open=2026-08-27T01:00:00+00:00 bar_close=2026-08-27T05:00:00+00:00 age=0:05:04.093768 open=159.1918 close=159.38079 change=0.001187
2026-08-27 08:05:05,643 - INFO - Saved pair_changes_4h.csv with 7 rows
2026-08-27 08:05:06,595 - INFO - 4H input timestamp=2026-08-27T05:00:00+00:00 age=0:05:06.595063 rows=7
2026-08-27 08:05:06,686 - INFO - 4H Currency Strength:
currency  strength
     NZD  0.000773
     AUD  0.000710
     USD  0.000149
     EUR -0.000086
     CHF -0.000335
     GBP -0.000338
     CAD -0.000577
     JPY -0.001187
2026-08-27 08:05:06,689 - INFO - 4H Base/Quote Strength Matrix:
               NZD       AUD       USD       EUR       CHF       GBP       CAD       JPY
currency                                                                                
NZD       0.000000  0.000063  0.000625  0.000859  0.001109  0.001112  0.001350  0.001961
AUD      -0.000063  0.000000  0.000562  0.000796  0.001046  0.001049  0.001287  0.001897
USD      -0.000625 -0.000562  0.000000  0.000234  0.000484  0.000487  0.000725  0.001336
EUR      -0.000859 -0.000796 -0.000234  0.000000  0.000250  0.000253  0.000491  0.001101
CHF      -0.001109 -0.001046 -0.000484 -0.000250  0.000000  0.000003  0.000241  0.000852
GBP      -0.001112 -0.001049 -0.000487 -0.000253 -0.000003  0.000000  0.000238  0.000849
CAD      -0.001350 -0.001287 -0.000725 -0.000491 -0.000241 -0.000238  0.000000  0.000611
JPY      -0.001961 -0.001897 -0.001336 -0.001101 -0.000852 -0.000849 -0.000611  0.000000
2026-08-27 08:05:06,692 - INFO - 4H Signals:
   pair  score_diff  signal
AUD/USD    0.000562    LONG
EUR/USD   -0.000234 NEUTRAL
GBP/USD   -0.000487 NEUTRAL
NZD/USD    0.000625    LONG
USD/CAD    0.000725    LONG
USD/CHF    0.000484 NEUTRAL
USD/JPY    0.001336    LONG
2026-08-27 08:05:06,695 - INFO - Saved signals_4h.csv with 7 rows
JOURNAL_LOCK_ACQUIRED pid=14500
Added 7 new journal rows.
Directional signals: 4
Neutral signals: 3
Recorded entry prices: 4
Missing entry prices: 0
Saved to: signals_journal.csv
JOURNAL_LOCK_RELEASED pid=14500
2026-08-27 08:05:07,657 - INFO - D1: saved price_history_1d.csv; total rows=7; minimum per pair=1
2026-08-27 08:05:07,667 - INFO - H4: saved price_history_4h.csv; total rows=14; minimum per pair=2
2026-08-27 08:05:07,681 - INFO - H1: saved price_history_1h.csv; total rows=21; minimum per pair=3
2026-08-27 08:05:08,341 - INFO - Saved reversal_signals.json
2026-08-27 08:05:09,220 - INFO - Saved dashboard_snapshot_v2.json with 7 pairs
H4 scan completed: Thu 08/27/2026  8:05:09.29

==================================================
H4 scan started: Thu 08/27/2026 12:05:01.65
2026-08-27 12:05:03,549 - INFO - Requesting interval=4h, outputsize=5
2026-08-27 12:05:04,359 - INFO - 4H AUD/USD -> bar_open=2026-08-27T05:00:00+00:00 bar_close=2026-08-27T09:00:00+00:00 age=0:05:03.549853 open=0.71856 close=0.71843 change=-0.000181
2026-08-27 12:05:04,360 - INFO - 4H EUR/USD -> bar_open=2026-08-27T05:00:00+00:00 bar_close=2026-08-27T09:00:00+00:00 age=0:05:03.549853 open=1.16555 close=1.16494 change=-0.000523
2026-08-27 12:05:04,364 - INFO - 4H GBP/USD -> bar_open=2026-08-27T05:00:00+00:00 bar_close=2026-08-27T09:00:00+00:00 age=0:05:03.549853 open=1.35876 close=1.35831 change=-0.000331
2026-08-27 12:05:04,365 - INFO - 4H NZD/USD -> bar_open=2026-08-27T05:00:00+00:00 bar_close=2026-08-27T09:00:00+00:00 age=0:05:03.549853 open=0.59517 close=0.59431 change=-0.001445
2026-08-27 12:05:04,366 - INFO - 4H USD/CAD -> bar_open=2026-08-27T05:00:00+00:00 bar_close=2026-08-27T09:00:00+00:00 age=0:05:03.549853 open=1.38813 close=1.388 change=-0.000094
2026-08-27 12:05:04,367 - INFO - 4H USD/CHF -> bar_open=2026-08-27T05:00:00+00:00 bar_close=2026-08-27T09:00:00+00:00 age=0:05:03.549853 open=0.80549 close=0.80558 change=0.000112
2026-08-27 12:05:04,367 - INFO - 4H USD/JPY -> bar_open=2026-08-27T05:00:00+00:00 bar_close=2026-08-27T09:00:00+00:00 age=0:05:03.549853 open=159.37805 close=159.31565 change=-0.000392
2026-08-27 12:05:04,395 - INFO - Saved pair_changes_4h.csv with 7 rows
2026-08-27 12:05:05,409 - INFO - 4H input timestamp=2026-08-27T09:00:00+00:00 age=0:05:05.408341 rows=7
2026-08-27 12:05:05,456 - INFO - 4H Currency Strength:
currency  strength
     JPY  0.000392
     USD  0.000301
     CAD  0.000094
     CHF -0.000112
     AUD -0.000181
     GBP -0.000331
     EUR -0.000523
     NZD -0.001445
2026-08-27 12:05:05,459 - INFO - 4H Base/Quote Strength Matrix:
               JPY       USD       CAD       CHF       AUD       GBP       EUR       NZD
currency                                                                                
JPY       0.000000  0.000091  0.000298  0.000503  0.000572  0.000723  0.000915  0.001836
USD      -0.000091  0.000000  0.000207  0.000413  0.000482  0.000632  0.000824  0.001746
CAD      -0.000298 -0.000207  0.000000  0.000205  0.000275  0.000425  0.000617  0.001539
CHF      -0.000503 -0.000413 -0.000205  0.000000  0.000069  0.000219  0.000412  0.001333
AUD      -0.000572 -0.000482 -0.000275 -0.000069  0.000000  0.000150  0.000342  0.001264
GBP      -0.000723 -0.000632 -0.000425 -0.000219 -0.000150  0.000000  0.000192  0.001114
EUR      -0.000915 -0.000824 -0.000617 -0.000412 -0.000342 -0.000192  0.000000  0.000922
NZD      -0.001836 -0.001746 -0.001539 -0.001333 -0.001264 -0.001114 -0.000922  0.000000
2026-08-27 12:05:05,462 - INFO - 4H Signals:
   pair  score_diff  signal
AUD/USD   -0.000482 NEUTRAL
EUR/USD   -0.000824   SHORT
GBP/USD   -0.000632   SHORT
NZD/USD   -0.001746   SHORT
USD/CAD    0.000207 NEUTRAL
USD/CHF    0.000413 NEUTRAL
USD/JPY   -0.000091 NEUTRAL
2026-08-27 12:05:05,466 - INFO - Saved signals_4h.csv with 7 rows
JOURNAL_LOCK_ACQUIRED pid=38740
Added 7 new journal rows.
Directional signals: 3
Neutral signals: 4
Recorded entry prices: 3
Missing entry prices: 0
Saved to: signals_journal.csv
JOURNAL_LOCK_RELEASED pid=38740
2026-08-27 12:05:06,527 - INFO - D1: saved price_history_1d.csv; total rows=14; minimum per pair=2
2026-08-27 12:05:06,537 - INFO - H4: saved price_history_4h.csv; total rows=21; minimum per pair=3
2026-08-27 12:05:06,546 - INFO - H1: saved price_history_1h.csv; total rows=35; minimum per pair=5
2026-08-27 12:05:07,382 - INFO - Saved reversal_signals.json
2026-08-27 12:05:08,232 - INFO - Saved dashboard_snapshot_v2.json with 7 pairs
H4 scan completed: Thu 08/27/2026 12:05:08.30

==================================================
H4 scan started: Thu 08/27/2026 16:05:02.11
2026-08-27 16:05:04,695 - INFO - Requesting interval=4h, outputsize=5
2026-08-27 16:05:04,699 - ERROR - 4H fetch failed: 4H request failed: ConnectionError
ERROR: fetch_4h_to_csv.py failed.

==================================================
H4 scan started: Thu 08/27/2026 20:05:01.79
2026-08-27 20:05:09,681 - INFO - Requesting interval=4h, outputsize=5
2026-08-27 20:05:13,359 - INFO - 4H AUD/USD -> bar_open=2026-08-27T13:00:00+00:00 bar_close=2026-08-27T17:00:00+00:00 age=0:05:09.681253 open=0.71873 close=0.7196 change=0.001210
2026-08-27 20:05:13,362 - INFO - 4H EUR/USD -> bar_open=2026-08-27T13:00:00+00:00 bar_close=2026-08-27T17:00:00+00:00 age=0:05:09.681253 open=1.16409 close=1.16515 change=0.000911
2026-08-27 20:05:13,364 - INFO - 4H GBP/USD -> bar_open=2026-08-27T13:00:00+00:00 bar_close=2026-08-27T17:00:00+00:00 age=0:05:09.681253 open=1.35747 close=1.35922 change=0.001289
2026-08-27 20:05:13,373 - INFO - 4H NZD/USD -> bar_open=2026-08-27T13:00:00+00:00 bar_close=2026-08-27T17:00:00+00:00 age=0:05:09.681253 open=0.59475 close=0.59511 change=0.000605
2026-08-27 20:05:13,376 - INFO - 4H USD/CAD -> bar_open=2026-08-27T13:00:00+00:00 bar_close=2026-08-27T17:00:00+00:00 age=0:05:09.681253 open=1.38719 close=1.38574 change=-0.001045
2026-08-27 20:05:13,380 - INFO - 4H USD/CHF -> bar_open=2026-08-27T13:00:00+00:00 bar_close=2026-08-27T17:00:00+00:00 age=0:05:09.681253 open=0.80487 close=0.80398 change=-0.001106
2026-08-27 20:05:13,385 - INFO - 4H USD/JPY -> bar_open=2026-08-27T13:00:00+00:00 bar_close=2026-08-27T17:00:00+00:00 age=0:05:09.681253 open=159.42046 close=159.30056 change=-0.000752
2026-08-27 20:05:13,645 - INFO - Saved pair_changes_4h.csv with 7 rows
2026-08-27 20:05:16,862 - INFO - 4H input timestamp=2026-08-27T17:00:00+00:00 age=0:05:16.797413 rows=7
2026-08-27 20:05:16,888 - INFO - 4H Currency Strength:
currency  strength
     GBP  0.001289
     AUD  0.001210
     CHF  0.001106
     CAD  0.001045
     EUR  0.000911
     JPY  0.000752
     NZD  0.000605
     USD -0.000988
2026-08-27 20:05:16,892 - INFO - 4H Base/Quote Strength Matrix:
               GBP       AUD       CHF       CAD       EUR       JPY       NZD       USD
currency                                                                                
GBP       0.000000  0.000079  0.000183  0.000244  0.000379  0.000537  0.000684  0.002278
AUD      -0.000079  0.000000  0.000105  0.000165  0.000300  0.000458  0.000605  0.002199
CHF      -0.000183 -0.000105  0.000000  0.000060  0.000195  0.000354  0.000500  0.002094
CAD      -0.000244 -0.000165 -0.000060  0.000000  0.000135  0.000293  0.000440  0.002034
EUR      -0.000379 -0.000300 -0.000195 -0.000135  0.000000  0.000158  0.000305  0.001899
JPY      -0.000537 -0.000458 -0.000354 -0.000293 -0.000158  0.000000  0.000147  0.001740
NZD      -0.000684 -0.000605 -0.000500 -0.000440 -0.000305 -0.000147  0.000000  0.001594
USD      -0.002278 -0.002199 -0.002094 -0.002034 -0.001899 -0.001740 -0.001594  0.000000
2026-08-27 20:05:16,895 - INFO - 4H Signals:
   pair  score_diff signal
AUD/USD    0.002199   LONG
EUR/USD    0.001899   LONG
GBP/USD    0.002278   LONG
NZD/USD    0.001594   LONG
USD/CAD   -0.002034  SHORT
USD/CHF   -0.002094  SHORT
USD/JPY   -0.001740  SHORT
2026-08-27 20:05:16,899 - INFO - Saved signals_4h.csv with 7 rows
JOURNAL_LOCK_ACQUIRED pid=30392
Added 7 new journal rows.
Directional signals: 7
Neutral signals: 0
Recorded entry prices: 7
Missing entry prices: 0
Saved to: signals_journal.csv
JOURNAL_LOCK_RELEASED pid=30392
2026-08-27 20:05:20,234 - INFO - D1: saved price_history_1d.csv; total rows=14; minimum per pair=2
2026-08-27 20:05:20,245 - INFO - H4: saved price_history_4h.csv; total rows=28; minimum per pair=4
2026-08-27 20:05:20,254 - INFO - H1: saved price_history_1h.csv; total rows=77; minimum per pair=11
2026-08-27 20:05:22,047 - INFO - Saved reversal_signals.json
2026-08-27 20:05:23,096 - INFO - Saved dashboard_snapshot_v2.json with 7 pairs
H4 scan completed: Thu 08/27/2026 20:05:23.18

==================================================
H4 scan started: Fri 08/28/2026  0:05:01.96
2026-08-28 00:05:04,837 - INFO - Requesting interval=4h, outputsize=5
2026-08-28 00:05:07,351 - INFO - 4H AUD/USD -> bar_open=2026-08-27T17:00:00+00:00 bar_close=2026-08-27T21:00:00+00:00 age=0:05:04.837524 open=0.71961 close=0.71953 change=-0.000111
2026-08-28 00:05:07,353 - INFO - 4H EUR/USD -> bar_open=2026-08-27T17:00:00+00:00 bar_close=2026-08-27T21:00:00+00:00 age=0:05:04.837524 open=1.16516 close=1.16522 change=0.000051
2026-08-28 00:05:07,354 - INFO - 4H GBP/USD -> bar_open=2026-08-27T17:00:00+00:00 bar_close=2026-08-27T21:00:00+00:00 age=0:05:04.837524 open=1.35927 close=1.35927 change=0.000000
2026-08-28 00:05:07,356 - INFO - 4H NZD/USD -> bar_open=2026-08-27T17:00:00+00:00 bar_close=2026-08-27T21:00:00+00:00 age=0:05:04.837524 open=0.59512 close=0.59508 change=-0.000067
2026-08-28 00:05:07,357 - INFO - 4H USD/CAD -> bar_open=2026-08-27T17:00:00+00:00 bar_close=2026-08-27T21:00:00+00:00 age=0:05:04.837524 open=1.38575 close=1.38558 change=-0.000123
2026-08-28 00:05:07,358 - INFO - 4H USD/CHF -> bar_open=2026-08-27T17:00:00+00:00 bar_close=2026-08-27T21:00:00+00:00 age=0:05:04.837524 open=0.80395 close=0.80423 change=0.000348
2026-08-28 00:05:07,360 - INFO - 4H USD/JPY -> bar_open=2026-08-27T17:00:00+00:00 bar_close=2026-08-27T21:00:00+00:00 age=0:05:04.837524 open=159.29825 close=159.41185 change=0.000713
2026-08-28 00:05:07,399 - INFO - Saved pair_changes_4h.csv with 7 rows
2026-08-28 00:05:08,815 - INFO - 4H input timestamp=2026-08-27T21:00:00+00:00 age=0:05:08.815493 rows=7
2026-08-28 00:05:08,825 - INFO - 4H Currency Strength:
currency  strength
     USD  0.000152
     CAD  0.000123
     EUR  0.000051
     GBP  0.000000
     NZD -0.000067
     AUD -0.000111
     CHF -0.000348
     JPY -0.000713
2026-08-28 00:05:08,828 - INFO - 4H Base/Quote Strength Matrix:
               USD       CAD       EUR       GBP       NZD       AUD       CHF       JPY
currency                                                                                
USD       0.000000  0.000030  0.000101  0.000152  0.000219  0.000263  0.000501  0.000865
CAD      -0.000030  0.000000  0.000071  0.000123  0.000190  0.000234  0.000471  0.000836
EUR      -0.000101 -0.000071  0.000000  0.000051  0.000119  0.000163  0.000400  0.000765
GBP      -0.000152 -0.000123 -0.000051  0.000000  0.000067  0.000111  0.000348  0.000713
NZD      -0.000219 -0.000190 -0.000119 -0.000067  0.000000  0.000044  0.000281  0.000646
AUD      -0.000263 -0.000234 -0.000163 -0.000111 -0.000044  0.000000  0.000237  0.000602
CHF      -0.000501 -0.000471 -0.000400 -0.000348 -0.000281 -0.000237  0.000000  0.000365
JPY      -0.000865 -0.000836 -0.000765 -0.000713 -0.000646 -0.000602 -0.000365  0.000000
2026-08-28 00:05:08,831 - INFO - 4H Signals:
   pair  score_diff  signal
AUD/USD   -0.000263 NEUTRAL
EUR/USD   -0.000101 NEUTRAL
GBP/USD   -0.000152 NEUTRAL
NZD/USD   -0.000219 NEUTRAL
USD/CAD    0.000030 NEUTRAL
USD/CHF    0.000501    LONG
USD/JPY    0.000865    LONG
2026-08-28 00:05:08,833 - INFO - Saved signals_4h.csv with 7 rows
JOURNAL_LOCK_ACQUIRED pid=28352
Added 7 new journal rows.
Directional signals: 2
Neutral signals: 5
Recorded entry prices: 2
Missing entry prices: 0
Saved to: signals_journal.csv
JOURNAL_LOCK_RELEASED pid=28352
2026-08-28 00:05:09,780 - INFO - D1: saved price_history_1d.csv; total rows=14; minimum per pair=2
2026-08-28 00:05:09,789 - INFO - H4: saved price_history_4h.csv; total rows=35; minimum per pair=5
2026-08-28 00:05:09,799 - INFO - H1: saved price_history_1h.csv; total rows=98; minimum per pair=14
2026-08-28 00:05:10,495 - INFO - Saved reversal_signals.json
2026-08-28 00:05:11,153 - INFO - Saved dashboard_snapshot_v2.json with 7 pairs
H4 scan completed: Fri 08/28/2026  0:05:11.22

==================================================
H4 scan started: Fri 08/28/2026  4:05:01.92
2026-08-28 04:05:04,189 - INFO - Requesting interval=4h, outputsize=5
2026-08-28 04:05:04,193 - ERROR - 4H fetch failed: 4H request failed: ConnectionError
ERROR: fetch_4h_to_csv.py failed.

==================================================
H4 scan started: Fri 08/28/2026  8:05:02.12
2026-08-28 08:05:05,110 - INFO - Requesting interval=4h, outputsize=5
2026-08-28 08:05:05,908 - INFO - 4H AUD/USD -> bar_open=2026-08-28T01:00:00+00:00 bar_close=2026-08-28T05:00:00+00:00 age=0:05:05.110432 open=0.71968 close=0.71982 change=0.000195
2026-08-28 08:05:05,909 - INFO - 4H EUR/USD -> bar_open=2026-08-28T01:00:00+00:00 bar_close=2026-08-28T05:00:00+00:00 age=0:05:05.110432 open=1.16535 close=1.16457 change=-0.000669
2026-08-28 08:05:05,910 - INFO - 4H GBP/USD -> bar_open=2026-08-28T01:00:00+00:00 bar_close=2026-08-28T05:00:00+00:00 age=0:05:05.110432 open=1.35963 close=1.3589 change=-0.000537
2026-08-28 08:05:05,911 - INFO - 4H NZD/USD -> bar_open=2026-08-28T01:00:00+00:00 bar_close=2026-08-28T05:00:00+00:00 age=0:05:05.110432 open=0.59557 close=0.59589 change=0.000537
2026-08-28 08:05:05,912 - INFO - 4H USD/CAD -> bar_open=2026-08-28T01:00:00+00:00 bar_close=2026-08-28T05:00:00+00:00 age=0:05:05.110432 open=1.38492 close=1.38535 change=0.000310
2026-08-28 08:05:05,913 - INFO - 4H USD/CHF -> bar_open=2026-08-28T01:00:00+00:00 bar_close=2026-08-28T05:00:00+00:00 age=0:05:05.110432 open=0.80403 close=0.805 change=0.001206
2026-08-28 08:05:05,914 - INFO - 4H USD/JPY -> bar_open=2026-08-28T01:00:00+00:00 bar_close=2026-08-28T05:00:00+00:00 age=0:05:05.110432 open=159.36357 close=159.51539 change=0.000953
2026-08-28 08:05:05,942 - INFO - Saved pair_changes_4h.csv with 7 rows
2026-08-28 08:05:07,094 - INFO - 4H input timestamp=2026-08-28T05:00:00+00:00 age=0:05:07.094166 rows=7
2026-08-28 08:05:07,104 - INFO - 4H Currency Strength:
currency  strength
     NZD  0.000537
     USD  0.000421
     AUD  0.000195
     CAD -0.000310
     GBP -0.000537
     EUR -0.000669
     JPY -0.000953
     CHF -0.001206
2026-08-28 08:05:07,107 - INFO - 4H Base/Quote Strength Matrix:
               NZD       USD       AUD       CAD       GBP       EUR       JPY       CHF
currency                                                                                
NZD       0.000000  0.000117  0.000343  0.000848  0.001074  0.001207  0.001490  0.001744
USD      -0.000117  0.000000  0.000226  0.000731  0.000957  0.001090  0.001373  0.001627
AUD      -0.000343 -0.000226  0.000000  0.000505  0.000731  0.000864  0.001147  0.001401
CAD      -0.000848 -0.000731 -0.000505  0.000000  0.000226  0.000359  0.000642  0.000896
GBP      -0.001074 -0.000957 -0.000731 -0.000226  0.000000  0.000132  0.000416  0.000670
EUR      -0.001207 -0.001090 -0.000864 -0.000359 -0.000132  0.000000  0.000283  0.000537
JPY      -0.001490 -0.001373 -0.001147 -0.000642 -0.000416 -0.000283  0.000000  0.000254
CHF      -0.001744 -0.001627 -0.001401 -0.000896 -0.000670 -0.000537 -0.000254  0.000000
2026-08-28 08:05:07,111 - INFO - 4H Signals:
   pair  score_diff  signal
AUD/USD   -0.000226 NEUTRAL
EUR/USD   -0.001090   SHORT
GBP/USD   -0.000957   SHORT
NZD/USD    0.000117 NEUTRAL
USD/CAD    0.000731    LONG
USD/CHF    0.001627    LONG
USD/JPY    0.001373    LONG
2026-08-28 08:05:07,113 - INFO - Saved signals_4h.csv with 7 rows
JOURNAL_LOCK_ACQUIRED pid=29140
Added 7 new journal rows.
Directional signals: 5
Neutral signals: 2
Recorded entry prices: 5
Missing entry prices: 0
Saved to: signals_journal.csv
JOURNAL_LOCK_RELEASED pid=29140
2026-08-28 08:05:07,980 - INFO - D1: saved price_history_1d.csv; total rows=14; minimum per pair=2
2026-08-28 08:05:07,988 - INFO - H4: saved price_history_4h.csv; total rows=42; minimum per pair=6
2026-08-28 08:05:07,997 - INFO - H1: saved price_history_1h.csv; total rows=112; minimum per pair=16
2026-08-28 08:05:08,624 - INFO - Saved reversal_signals.json
2026-08-28 08:05:09,237 - INFO - Saved dashboard_snapshot_v2.json with 7 pairs
H4 scan completed: Fri 08/28/2026  8:05:09.29

==================================================
H4 scan started: Fri 08/28/2026 20:05:01.77
2026-08-28 20:05:04,018 - INFO - Requesting interval=4h, outputsize=5
2026-08-28 20:05:04,021 - ERROR - 4H fetch failed: 4H request failed: ConnectionError
ERROR: fetch_4h_to_csv.py failed.

==================================================
H4 scan started: Sat 08/29/2026  4:05:01.95
2026-08-29 04:05:03,638 - INFO - Requesting interval=4h, outputsize=5
2026-08-29 04:05:04,769 - INFO - 4H AUD/USD -> bar_open=2026-08-28T21:00:00+00:00 bar_close=2026-08-29T01:00:00+00:00 age=0:05:03.638022 open=0.71615 close=0.71614 change=-0.000014
2026-08-29 04:05:04,769 - INFO - 4H EUR/USD -> bar_open=2026-08-28T21:00:00+00:00 bar_close=2026-08-29T01:00:00+00:00 age=0:05:03.638022 open=1.15829 close=1.15823 change=-0.000052
2026-08-29 04:05:04,770 - INFO - 4H GBP/USD -> bar_open=2026-08-28T21:00:00+00:00 bar_close=2026-08-29T01:00:00+00:00 age=0:05:03.638022 open=1.35352 close=1.3533 change=-0.000163
2026-08-29 04:05:04,771 - INFO - 4H NZD/USD -> bar_open=2026-08-28T21:00:00+00:00 bar_close=2026-08-29T01:00:00+00:00 age=0:05:03.638022 open=0.5913 close=0.59133 change=0.000051
2026-08-29 04:05:04,772 - INFO - 4H USD/CAD -> bar_open=2026-08-28T21:00:00+00:00 bar_close=2026-08-29T01:00:00+00:00 age=0:05:03.638022 open=1.39055 close=1.39039 change=-0.000115
2026-08-29 04:05:04,773 - INFO - 4H USD/CHF -> bar_open=2026-08-28T21:00:00+00:00 bar_close=2026-08-29T01:00:00+00:00 age=0:05:03.638022 open=0.80943 close=0.80808 change=-0.001668
2026-08-29 04:05:04,774 - INFO - 4H USD/JPY -> bar_open=2026-08-28T21:00:00+00:00 bar_close=2026-08-29T01:00:00+00:00 age=0:05:03.638022 open=160.10921 close=160.10283 change=-0.000040
2026-08-29 04:05:04,807 - INFO - Saved pair_changes_4h.csv with 7 rows
2026-08-29 04:05:05,563 - INFO - 4H input timestamp=2026-08-29T01:00:00+00:00 age=0:05:05.563774 rows=7
2026-08-29 04:05:05,571 - INFO - 4H Currency Strength:
currency  strength
     CHF  0.001668
     CAD  0.000115
     NZD  0.000051
     JPY  0.000040
     AUD -0.000014
     EUR -0.000052
     GBP -0.000163
     USD -0.000235
2026-08-29 04:05:05,573 - INFO - 4H Base/Quote Strength Matrix:
               CHF       CAD       NZD       JPY       AUD       EUR       GBP       USD
currency                                                                                
CHF       0.000000  0.001553  0.001617  0.001628  0.001682  0.001720  0.001830  0.001903
CAD      -0.001553  0.000000  0.000064  0.000075  0.000129  0.000167  0.000278  0.000350
NZD      -0.001617 -0.000064  0.000000  0.000011  0.000065  0.000103  0.000213  0.000286
JPY      -0.001628 -0.000075 -0.000011  0.000000  0.000054  0.000092  0.000202  0.000275
AUD      -0.001682 -0.000129 -0.000065 -0.000054  0.000000  0.000038  0.000149  0.000221
EUR      -0.001720 -0.000167 -0.000103 -0.000092 -0.000038  0.000000  0.000111  0.000183
GBP      -0.001830 -0.000278 -0.000213 -0.000202 -0.000149 -0.000111  0.000000  0.000072
USD      -0.001903 -0.000350 -0.000286 -0.000275 -0.000221 -0.000183 -0.000072  0.000000
2026-08-29 04:05:05,575 - INFO - 4H Signals:
   pair  score_diff  signal
AUD/USD    0.000221 NEUTRAL
EUR/USD    0.000183 NEUTRAL
GBP/USD    0.000072 NEUTRAL
NZD/USD    0.000286 NEUTRAL
USD/CAD   -0.000350 NEUTRAL
USD/CHF   -0.001903   SHORT
USD/JPY   -0.000275 NEUTRAL
2026-08-29 04:05:05,578 - INFO - Saved signals_4h.csv with 7 rows
JOURNAL_LOCK_ACQUIRED pid=9328
Added 7 new journal rows.
Directional signals: 1
Neutral signals: 6
Recorded entry prices: 1
Missing entry prices: 0
Saved to: signals_journal.csv
JOURNAL_LOCK_RELEASED pid=9328
2026-08-29 04:05:06,405 - INFO - D1: saved price_history_1d.csv; total rows=14; minimum per pair=2
2026-08-29 04:05:06,412 - INFO - H4: saved price_history_4h.csv; total rows=49; minimum per pair=7
2026-08-29 04:05:06,420 - INFO - H1: saved price_history_1h.csv; total rows=133; minimum per pair=19
2026-08-29 04:05:07,106 - INFO - Saved reversal_signals.json
2026-08-29 04:05:07,745 - INFO - Saved dashboard_snapshot_v2.json with 7 pairs
H4 scan completed: Sat 08/29/2026  4:05:07.80

==================================================
H4 scan started: Sat 08/29/2026  8:05:02.20
2026-08-29 08:05:04,067 - INFO - Requesting interval=4h, outputsize=5
2026-08-29 08:05:05,009 - INFO - 4H AUD/USD -> bar_open=2026-08-29T01:00:00+00:00 bar_close=2026-08-29T05:00:00+00:00 age=0:05:04.067703 open=0.71612 close=0.71613 change=0.000014
2026-08-29 08:05:05,010 - INFO - 4H EUR/USD -> bar_open=2026-08-29T01:00:00+00:00 bar_close=2026-08-29T05:00:00+00:00 age=0:05:04.067703 open=1.1582 close=1.15823 change=0.000026
2026-08-29 08:05:05,011 - INFO - 4H GBP/USD -> bar_open=2026-08-29T01:00:00+00:00 bar_close=2026-08-29T05:00:00+00:00 age=0:05:04.067703 open=1.35327 close=1.35326 change=-0.000007
2026-08-29 08:05:05,011 - INFO - 4H NZD/USD -> bar_open=2026-08-29T01:00:00+00:00 bar_close=2026-08-29T05:00:00+00:00 age=0:05:04.067703 open=0.59131 close=0.59135 change=0.000068
2026-08-29 08:05:05,012 - INFO - 4H USD/CAD -> bar_open=2026-08-29T01:00:00+00:00 bar_close=2026-08-29T05:00:00+00:00 age=0:05:04.067703 open=1.39036 close=1.39041 change=0.000036
2026-08-29 08:05:05,013 - INFO - 4H USD/CHF -> bar_open=2026-08-29T01:00:00+00:00 bar_close=2026-08-29T05:00:00+00:00 age=0:05:04.067703 open=0.80806 close=0.80807 change=0.000012
2026-08-29 08:05:05,014 - INFO - 4H USD/JPY -> bar_open=2026-08-29T01:00:00+00:00 bar_close=2026-08-29T05:00:00+00:00 age=0:05:04.067703 open=160.10346 close=160.10514 change=0.000010
2026-08-29 08:05:05,073 - INFO - Saved pair_changes_4h.csv with 7 rows
2026-08-29 08:05:05,679 - INFO - 4H input timestamp=2026-08-29T05:00:00+00:00 age=0:05:05.678955 rows=7
2026-08-29 08:05:05,688 - INFO - 4H Currency Strength:
currency  strength
     NZD  0.000068
     EUR  0.000026
     AUD  0.000014
     USD -0.000006
     GBP -0.000007
     JPY -0.000010
     CHF -0.000012
     CAD -0.000036
2026-08-29 08:05:05,691 - INFO - 4H Base/Quote Strength Matrix:
               NZD       EUR       AUD       USD       GBP       JPY       CHF       CAD
currency                                                                                
NZD       0.000000  0.000042  0.000054  0.000074  0.000075  0.000078  0.000080  0.000104
EUR      -0.000042  0.000000  0.000012  0.000032  0.000033  0.000036  0.000038  0.000062
AUD      -0.000054 -0.000012  0.000000  0.000020  0.000021  0.000024  0.000026  0.000050
USD      -0.000074 -0.000032 -0.000020  0.000000  0.000001  0.000005  0.000006  0.000030
GBP      -0.000075 -0.000033 -0.000021 -0.000001  0.000000  0.000003  0.000005  0.000029
JPY      -0.000078 -0.000036 -0.000024 -0.000005 -0.000003  0.000000  0.000002  0.000025
CHF      -0.000080 -0.000038 -0.000026 -0.000006 -0.000005 -0.000002  0.000000  0.000024
CAD      -0.000104 -0.000062 -0.000050 -0.000030 -0.000029 -0.000025 -0.000024  0.000000
2026-08-29 08:05:05,693 - INFO - 4H Signals:
   pair  score_diff  signal
AUD/USD    0.000020 NEUTRAL
EUR/USD    0.000032 NEUTRAL
GBP/USD   -0.000001 NEUTRAL
NZD/USD    0.000074 NEUTRAL
USD/CAD    0.000030 NEUTRAL
USD/CHF    0.000006 NEUTRAL
USD/JPY    0.000005 NEUTRAL
2026-08-29 08:05:05,696 - INFO - Saved signals_4h.csv with 7 rows
JOURNAL_LOCK_ACQUIRED pid=44216
Added 7 new journal rows.
Directional signals: 0
Neutral signals: 7
Recorded entry prices: 0
Missing entry prices: 0
Saved to: signals_journal.csv
JOURNAL_LOCK_RELEASED pid=44216
2026-08-29 08:05:06,502 - INFO - D1: saved price_history_1d.csv; total rows=14; minimum per pair=2
2026-08-29 08:05:06,511 - INFO - H4: saved price_history_4h.csv; total rows=56; minimum per pair=8
2026-08-29 08:05:06,520 - INFO - H1: saved price_history_1h.csv; total rows=161; minimum per pair=23
2026-08-29 08:05:07,374 - INFO - Saved reversal_signals.json
2026-08-29 08:05:07,953 - INFO - Saved dashboard_snapshot_v2.json with 7 pairs
H4 scan completed: Sat 08/29/2026  8:05:08.01

==================================================
H4 scan started: Sat 08/29/2026 12:05:01.34
2026-08-29 12:05:01,809 - INFO - Requesting interval=4h, outputsize=5
2026-08-29 12:05:02,412 - INFO - 4H AUD/USD -> bar_open=2026-08-29T05:00:00+00:00 bar_close=2026-08-29T09:00:00+00:00 age=0:05:01.809730 open=0.71612 close=0.71613 change=0.000014
2026-08-29 12:05:02,413 - INFO - 4H EUR/USD -> bar_open=2026-08-29T05:00:00+00:00 bar_close=2026-08-29T09:00:00+00:00 age=0:05:01.809730 open=1.15821 close=1.15822 change=0.000009
2026-08-29 12:05:02,414 - INFO - 4H GBP/USD -> bar_open=2026-08-29T05:00:00+00:00 bar_close=2026-08-29T09:00:00+00:00 age=0:05:01.809730 open=1.35323 close=1.35328 change=0.000037
2026-08-29 12:05:02,415 - INFO - 4H NZD/USD -> bar_open=2026-08-29T05:00:00+00:00 bar_close=2026-08-29T09:00:00+00:00 age=0:05:01.809730 open=0.59134 close=0.59135 change=0.000017
2026-08-29 12:05:02,416 - INFO - 4H USD/CAD -> bar_open=2026-08-29T05:00:00+00:00 bar_close=2026-08-29T09:00:00+00:00 age=0:05:01.809730 open=1.39037 close=1.39036 change=-0.000007
2026-08-29 12:05:02,416 - INFO - 4H USD/CHF -> bar_open=2026-08-29T05:00:00+00:00 bar_close=2026-08-29T09:00:00+00:00 age=0:05:01.809730 open=0.80806 close=0.80806 change=0.000000
2026-08-29 12:05:02,417 - INFO - 4H USD/JPY -> bar_open=2026-08-29T05:00:00+00:00 bar_close=2026-08-29T09:00:00+00:00 age=0:05:01.809730 open=160.10347 close=160.10698 change=0.000022
2026-08-29 12:05:02,422 - INFO - Saved pair_changes_4h.csv with 7 rows
2026-08-29 12:05:02,862 - INFO - 4H input timestamp=2026-08-29T09:00:00+00:00 age=0:05:02.862114 rows=7
2026-08-29 12:05:02,865 - INFO - 4H Currency Strength:
currency  strength
     GBP  0.000037
     NZD  0.000017
     AUD  0.000014
     EUR  0.000009
     CAD  0.000007
     CHF  0.000000
     USD -0.000009
     JPY -0.000022
2026-08-29 12:05:02,867 - INFO - 4H Base/Quote Strength Matrix:
               GBP       NZD       AUD       EUR       CAD       CHF       USD       JPY
currency                                                                                
GBP       0.000000  0.000020  0.000023  0.000028  0.000030  0.000037  0.000046  0.000059
NZD      -0.000020  0.000000  0.000003  0.000008  0.000010  0.000017  0.000026  0.000039
AUD      -0.000023 -0.000003  0.000000  0.000005  0.000007  0.000014  0.000023  0.000036
EUR      -0.000028 -0.000008 -0.000005  0.000000  0.000001  0.000009  0.000017  0.000031
CAD      -0.000030 -0.000010 -0.000007 -0.000001  0.000000  0.000007  0.000016  0.000029
CHF      -0.000037 -0.000017 -0.000014 -0.000009 -0.000007  0.000000  0.000009  0.000022
USD      -0.000046 -0.000026 -0.000023 -0.000017 -0.000016 -0.000009  0.000000  0.000013
JPY      -0.000059 -0.000039 -0.000036 -0.000031 -0.000029 -0.000022 -0.000013  0.000000
2026-08-29 12:05:02,869 - INFO - 4H Signals:
   pair  score_diff  signal
AUD/USD    0.000023 NEUTRAL
EUR/USD    0.000017 NEUTRAL
GBP/USD    0.000046 NEUTRAL
NZD/USD    0.000026 NEUTRAL
USD/CAD   -0.000016 NEUTRAL
USD/CHF   -0.000009 NEUTRAL
USD/JPY    0.000013 NEUTRAL
2026-08-29 12:05:02,870 - INFO - Saved signals_4h.csv with 7 rows
JOURNAL_LOCK_ACQUIRED pid=15172
Added 7 new journal rows.
Directional signals: 0
Neutral signals: 7
Recorded entry prices: 0
Missing entry prices: 0
Saved to: signals_journal.csv
JOURNAL_LOCK_RELEASED pid=15172
2026-08-29 12:05:03,455 - INFO - D1: saved price_history_1d.csv; total rows=14; minimum per pair=2
2026-08-29 12:05:03,462 - INFO - H4: saved price_history_4h.csv; total rows=63; minimum per pair=9
2026-08-29 12:05:03,469 - INFO - H1: saved price_history_1h.csv; total rows=182; minimum per pair=26
2026-08-29 12:05:03,939 - INFO - Saved reversal_signals.json
2026-08-29 12:05:04,389 - INFO - Saved dashboard_snapshot_v2.json with 7 pairs
H4 scan completed: Sat 08/29/2026 12:05:04.44

==================================================
H4 scan started: Sun 08/30/2026  7:10:02.14
2026-08-30 07:10:03,369 - INFO - Requesting interval=4h, outputsize=5
2026-08-30 07:10:03,373 - ERROR - 4H fetch failed: 4H request failed: ConnectionError
ERROR: fetch_4h_to_csv.py failed.

==================================================
H4 scan started: Sun 08/30/2026  8:05:02.13
2026-08-30 08:05:02,602 - INFO - Requesting interval=4h, outputsize=5
2026-08-30 08:05:03,542 - INFO - 4H AUD/USD -> bar_open=2026-08-30T01:00:00+00:00 bar_close=2026-08-30T05:00:00+00:00 age=0:05:02.602685 open=0.71627 close=0.71628 change=0.000014
2026-08-30 08:05:03,543 - INFO - 4H EUR/USD -> bar_open=2026-08-30T01:00:00+00:00 bar_close=2026-08-30T05:00:00+00:00 age=0:05:02.602685 open=1.15837 close=1.15856 change=0.000164
2026-08-30 08:05:03,544 - INFO - 4H GBP/USD -> bar_open=2026-08-30T01:00:00+00:00 bar_close=2026-08-30T05:00:00+00:00 age=0:05:02.602685 open=1.35353 close=1.35365 change=0.000089
2026-08-30 08:05:03,545 - INFO - 4H NZD/USD -> bar_open=2026-08-30T01:00:00+00:00 bar_close=2026-08-30T05:00:00+00:00 age=0:05:02.602685 open=0.59133 close=0.59134 change=0.000017
2026-08-30 08:05:03,545 - INFO - 4H USD/CAD -> bar_open=2026-08-30T01:00:00+00:00 bar_close=2026-08-30T05:00:00+00:00 age=0:05:02.602685 open=1.39057 close=1.39067 change=0.000072
2026-08-30 08:05:03,546 - INFO - 4H USD/CHF -> bar_open=2026-08-30T01:00:00+00:00 bar_close=2026-08-30T05:00:00+00:00 age=0:05:02.602685 open=0.80874 close=0.80939 change=0.000804
2026-08-30 08:05:03,547 - INFO - 4H USD/JPY -> bar_open=2026-08-30T01:00:00+00:00 bar_close=2026-08-30T05:00:00+00:00 age=0:05:02.602685 open=160.10083 close=160.08135 change=-0.000122
2026-08-30 08:05:03,552 - INFO - Saved pair_changes_4h.csv with 7 rows
2026-08-30 08:05:04,005 - INFO - 4H input timestamp=2026-08-30T05:00:00+00:00 age=0:05:04.005720 rows=7
2026-08-30 08:05:04,008 - INFO - 4H Currency Strength:
currency  strength
     EUR  0.000164
     JPY  0.000122
     GBP  0.000089
     USD  0.000067
     NZD  0.000017
     AUD  0.000014
     CAD -0.000072
     CHF -0.000804
2026-08-30 08:05:04,010 - INFO - 4H Base/Quote Strength Matrix:
               EUR       JPY       GBP       USD       NZD       AUD       CAD       CHF
currency                                                                                
EUR       0.000000  0.000042  0.000075  0.000097  0.000147  0.000150  0.000236  0.000968
JPY      -0.000042  0.000000  0.000033  0.000054  0.000105  0.000108  0.000194  0.000925
GBP      -0.000075 -0.000033  0.000000  0.000021  0.000072  0.000075  0.000161  0.000892
USD      -0.000097 -0.000054 -0.000021  0.000000  0.000050  0.000053  0.000139  0.000871
NZD      -0.000147 -0.000105 -0.000072 -0.000050  0.000000  0.000003  0.000089  0.000821
AUD      -0.000150 -0.000108 -0.000075 -0.000053 -0.000003  0.000000  0.000086  0.000818
CAD      -0.000236 -0.000194 -0.000161 -0.000139 -0.000089 -0.000086  0.000000  0.000732
CHF      -0.000968 -0.000925 -0.000892 -0.000871 -0.000821 -0.000818 -0.000732  0.000000
2026-08-30 08:05:04,011 - INFO - 4H Signals:
   pair  score_diff  signal
AUD/USD   -0.000053 NEUTRAL
EUR/USD    0.000097 NEUTRAL
GBP/USD    0.000021 NEUTRAL
NZD/USD   -0.000050 NEUTRAL
USD/CAD    0.000139 NEUTRAL
USD/CHF    0.000871    LONG
USD/JPY   -0.000054 NEUTRAL
2026-08-30 08:05:04,013 - INFO - Saved signals_4h.csv with 7 rows
JOURNAL_LOCK_ACQUIRED pid=28364
Added 7 new journal rows.
Directional signals: 1
Neutral signals: 6
Recorded entry prices: 1
Missing entry prices: 0
Saved to: signals_journal.csv
JOURNAL_LOCK_RELEASED pid=28364
2026-08-30 08:05:04,530 - INFO - D1: saved price_history_1d.csv; total rows=14; minimum per pair=2
2026-08-30 08:05:04,536 - INFO - H4: saved price_history_4h.csv; total rows=70; minimum per pair=10
2026-08-30 08:05:04,543 - INFO - H1: saved price_history_1h.csv; total rows=217; minimum per pair=31
2026-08-30 08:05:04,955 - INFO - Saved reversal_signals.json
2026-08-30 08:05:05,366 - INFO - Saved dashboard_snapshot_v2.json with 7 pairs
H4 scan completed: Sun 08/30/2026  8:05:05.42

==================================================
H4 scan started: Sun 08/30/2026 12:05:01.96
2026-08-30 12:05:02,985 - INFO - Requesting interval=4h, outputsize=5
2026-08-30 12:05:03,671 - INFO - 4H AUD/USD -> bar_open=2026-08-30T05:00:00+00:00 bar_close=2026-08-30T09:00:00+00:00 age=0:05:02.985764 open=0.71627 close=0.71638 change=0.000154
2026-08-30 12:05:03,672 - INFO - 4H EUR/USD -> bar_open=2026-08-30T05:00:00+00:00 bar_close=2026-08-30T09:00:00+00:00 age=0:05:02.985764 open=1.15854 close=1.1585 change=-0.000035
2026-08-30 12:05:03,673 - INFO - 4H GBP/USD -> bar_open=2026-08-30T05:00:00+00:00 bar_close=2026-08-30T09:00:00+00:00 age=0:05:02.985764 open=1.35362 close=1.35365 change=0.000022
2026-08-30 12:05:03,674 - INFO - 4H NZD/USD -> bar_open=2026-08-30T05:00:00+00:00 bar_close=2026-08-30T09:00:00+00:00 age=0:05:02.985764 open=0.59133 close=0.59133 change=0.000000
2026-08-30 12:05:03,674 - INFO - 4H USD/CAD -> bar_open=2026-08-30T05:00:00+00:00 bar_close=2026-08-30T09:00:00+00:00 age=0:05:02.985764 open=1.39064 close=1.39071 change=0.000050
2026-08-30 12:05:03,675 - INFO - 4H USD/CHF -> bar_open=2026-08-30T05:00:00+00:00 bar_close=2026-08-30T09:00:00+00:00 age=0:05:02.985764 open=0.80937 close=0.80945 change=0.000099
2026-08-30 12:05:03,676 - INFO - 4H USD/JPY -> bar_open=2026-08-30T05:00:00+00:00 bar_close=2026-08-30T09:00:00+00:00 age=0:05:02.985764 open=160.07944 close=160.10704 change=0.000172
2026-08-30 12:05:03,693 - INFO - Saved pair_changes_4h.csv with 7 rows
2026-08-30 12:05:04,199 - INFO - 4H input timestamp=2026-08-30T09:00:00+00:00 age=0:05:04.198333 rows=7
2026-08-30 12:05:04,209 - INFO - 4H Currency Strength:
currency  strength
     AUD  0.000154
     USD  0.000026
     GBP  0.000022
     NZD  0.000000
     EUR -0.000035
     CAD -0.000050
     CHF -0.000099
     JPY -0.000172
2026-08-30 12:05:04,211 - INFO - 4H Base/Quote Strength Matrix:
               AUD       USD       GBP       NZD       EUR       CAD       CHF       JPY
currency                                                                                
AUD       0.000000  0.000128  0.000131  0.000154  0.000188  0.000204  0.000252  0.000326
USD      -0.000128  0.000000  0.000004  0.000026  0.000060  0.000076  0.000125  0.000198
GBP      -0.000131 -0.000004  0.000000  0.000022  0.000057  0.000072  0.000121  0.000195
NZD      -0.000154 -0.000026 -0.000022  0.000000  0.000035  0.000050  0.000099  0.000172
EUR      -0.000188 -0.000060 -0.000057 -0.000035  0.000000  0.000016  0.000064  0.000138
CAD      -0.000204 -0.000076 -0.000072 -0.000050 -0.000016  0.000000  0.000049  0.000122
CHF      -0.000252 -0.000125 -0.000121 -0.000099 -0.000064 -0.000049  0.000000  0.000074
JPY      -0.000326 -0.000198 -0.000195 -0.000172 -0.000138 -0.000122 -0.000074  0.000000
2026-08-30 12:05:04,214 - INFO - 4H Signals:
   pair  score_diff  signal
AUD/USD    0.000128 NEUTRAL
EUR/USD   -0.000060 NEUTRAL
GBP/USD   -0.000004 NEUTRAL
NZD/USD   -0.000026 NEUTRAL
USD/CAD    0.000076 NEUTRAL
USD/CHF    0.000125 NEUTRAL
USD/JPY    0.000198 NEUTRAL
2026-08-30 12:05:04,216 - INFO - Saved signals_4h.csv with 7 rows
JOURNAL_LOCK_ACQUIRED pid=21204
Added 7 new journal rows.
Directional signals: 0
Neutral signals: 7
Recorded entry prices: 0
Missing entry prices: 0
Saved to: signals_journal.csv
JOURNAL_LOCK_RELEASED pid=21204
2026-08-30 12:05:05,050 - INFO - D1: saved price_history_1d.csv; total rows=14; minimum per pair=2
2026-08-30 12:05:05,083 - INFO - H4: saved price_history_4h.csv; total rows=77; minimum per pair=11
2026-08-30 12:05:05,091 - INFO - H1: saved price_history_1h.csv; total rows=231; minimum per pair=33
2026-08-30 12:05:05,671 - INFO - Saved reversal_signals.json
2026-08-30 12:05:06,285 - INFO - Saved dashboard_snapshot_v2.json with 7 pairs
H4 scan completed: Sun 08/30/2026 12:05:06.34

==================================================
H4 scan started: Sun 08/30/2026 20:05:01.16
2026-08-30 20:05:02,762 - INFO - Requesting interval=4h, outputsize=5
2026-08-30 20:05:03,428 - INFO - 4H AUD/USD -> bar_open=2026-08-30T13:00:00+00:00 bar_close=2026-08-30T17:00:00+00:00 age=0:05:02.762911 open=0.71627 close=0.71614 change=-0.000181
2026-08-30 20:05:03,429 - INFO - 4H EUR/USD -> bar_open=2026-08-30T13:00:00+00:00 bar_close=2026-08-30T17:00:00+00:00 age=0:05:02.762911 open=1.15631 close=1.15359 change=-0.002352
2026-08-30 20:05:03,430 - INFO - 4H GBP/USD -> bar_open=2026-08-30T13:00:00+00:00 bar_close=2026-08-30T17:00:00+00:00 age=0:05:02.762911 open=1.354 close=1.3543 change=0.000222
2026-08-30 20:05:03,431 - INFO - 4H NZD/USD -> bar_open=2026-08-30T13:00:00+00:00 bar_close=2026-08-30T17:00:00+00:00 age=0:05:02.762911 open=0.59134 close=0.59134 change=0.000000
2026-08-30 20:05:03,431 - INFO - 4H USD/CAD -> bar_open=2026-08-30T13:00:00+00:00 bar_close=2026-08-30T17:00:00+00:00 age=0:05:02.762911 open=1.39017 close=1.38981 change=-0.000259
2026-08-30 20:05:03,432 - INFO - 4H USD/CHF -> bar_open=2026-08-30T13:00:00+00:00 bar_close=2026-08-30T17:00:00+00:00 age=0:05:02.762911 open=0.80887 close=0.80856 change=-0.000383
2026-08-30 20:05:03,432 - INFO - 4H USD/JPY -> bar_open=2026-08-30T13:00:00+00:00 bar_close=2026-08-30T17:00:00+00:00 age=0:05:02.762911 open=160.1035 close=160.10701 change=0.000022
2026-08-30 20:05:03,459 - INFO - Saved pair_changes_4h.csv with 7 rows
2026-08-30 20:05:03,934 - INFO - 4H input timestamp=2026-08-30T17:00:00+00:00 age=0:05:03.934268 rows=7
2026-08-30 20:05:03,940 - INFO - 4H Currency Strength:
currency  strength
     CHF  0.000383
     CAD  0.000259
     USD  0.000242
     GBP  0.000222
     NZD  0.000000
     JPY -0.000022
     AUD -0.000181
     EUR -0.002352
2026-08-30 20:05:03,942 - INFO - 4H Base/Quote Strength Matrix:
               CHF       CAD       USD       GBP       NZD       JPY       AUD       EUR
currency                                                                                
CHF       0.000000  0.000124  0.000142  0.000162  0.000383  0.000405  0.000565  0.002736
CAD      -0.000124  0.000000  0.000017  0.000037  0.000259  0.000281  0.000440  0.002611
USD      -0.000142 -0.000017  0.000000  0.000020  0.000242  0.000264  0.000423  0.002594
GBP      -0.000162 -0.000037 -0.000020  0.000000  0.000222  0.000243  0.000403  0.002574
NZD      -0.000383 -0.000259 -0.000242 -0.000222  0.000000  0.000022  0.000181  0.002352
JPY      -0.000405 -0.000281 -0.000264 -0.000243 -0.000022  0.000000  0.000160  0.002330
AUD      -0.000565 -0.000440 -0.000423 -0.000403 -0.000181 -0.000160  0.000000  0.002171
EUR      -0.002736 -0.002611 -0.002594 -0.002574 -0.002352 -0.002330 -0.002171  0.000000
2026-08-30 20:05:03,944 - INFO - 4H Signals:
   pair  score_diff  signal
AUD/USD   -0.000423 NEUTRAL
EUR/USD   -0.002594   SHORT
GBP/USD   -0.000020 NEUTRAL
NZD/USD   -0.000242 NEUTRAL
USD/CAD   -0.000017 NEUTRAL
USD/CHF   -0.000142 NEUTRAL
USD/JPY    0.000264 NEUTRAL
2026-08-30 20:05:03,946 - INFO - Saved signals_4h.csv with 7 rows
JOURNAL_LOCK_ACQUIRED pid=17548
Added 7 new journal rows.
Directional signals: 1
Neutral signals: 6
Recorded entry prices: 1
Missing entry prices: 0
Saved to: signals_journal.csv
JOURNAL_LOCK_RELEASED pid=17548
2026-08-30 20:05:04,556 - INFO - D1: saved price_history_1d.csv; total rows=14; minimum per pair=2
2026-08-30 20:05:04,562 - INFO - H4: saved price_history_4h.csv; total rows=84; minimum per pair=12
2026-08-30 20:05:04,571 - INFO - H1: saved price_history_1h.csv; total rows=266; minimum per pair=38
2026-08-30 20:05:05,081 - INFO - Saved reversal_signals.json
2026-08-30 20:05:05,567 - INFO - Saved dashboard_snapshot_v2.json with 7 pairs
H4 scan completed: Sun 08/30/2026 20:05:05.63

==================================================
H4 scan started: Mon 08/31/2026  0:05:01.18
2026-08-31 00:05:01,703 - INFO - Requesting interval=4h, outputsize=5
2026-08-31 00:05:02,237 - INFO - 4H AUD/USD -> bar_open=2026-08-30T17:00:00+00:00 bar_close=2026-08-30T21:00:00+00:00 age=0:05:01.703016 open=0.71614 close=0.71575 change=-0.000545
2026-08-31 00:05:02,239 - INFO - 4H EUR/USD -> bar_open=2026-08-30T17:00:00+00:00 bar_close=2026-08-30T21:00:00+00:00 age=0:05:01.703016 open=1.15359 close=1.15827 change=0.004057
2026-08-31 00:05:02,239 - INFO - 4H GBP/USD -> bar_open=2026-08-30T17:00:00+00:00 bar_close=2026-08-30T21:00:00+00:00 age=0:05:01.703016 open=1.35431 close=1.35338 change=-0.000687
2026-08-31 00:05:02,240 - INFO - 4H NZD/USD -> bar_open=2026-08-30T17:00:00+00:00 bar_close=2026-08-30T21:00:00+00:00 age=0:05:01.703016 open=0.59134 close=0.59175 change=0.000693
2026-08-31 00:05:02,241 - INFO - 4H USD/CAD -> bar_open=2026-08-30T17:00:00+00:00 bar_close=2026-08-30T21:00:00+00:00 age=0:05:01.703016 open=1.38982 close=1.39074 change=0.000662
2026-08-31 00:05:02,242 - INFO - 4H USD/CHF -> bar_open=2026-08-30T17:00:00+00:00 bar_close=2026-08-30T21:00:00+00:00 age=0:05:01.703016 open=0.80856 close=0.80926 change=0.000866
2026-08-31 00:05:02,243 - INFO - 4H USD/JPY -> bar_open=2026-08-30T17:00:00+00:00 bar_close=2026-08-30T21:00:00+00:00 age=0:05:01.703016 open=160.10345 close=160.06593 change=-0.000234
2026-08-31 00:05:02,249 - INFO - Saved pair_changes_4h.csv with 7 rows
2026-08-31 00:05:02,800 - INFO - 4H input timestamp=2026-08-30T21:00:00+00:00 age=0:05:02.800117 rows=7
2026-08-31 00:05:02,803 - INFO - 4H Currency Strength:
currency  strength
     EUR  0.004057
     NZD  0.000693
     JPY  0.000234
     USD -0.000318
     AUD -0.000545
     CAD -0.000662
     GBP -0.000687
     CHF -0.000866
2026-08-31 00:05:02,805 - INFO - 4H Base/Quote Strength Matrix:
               EUR       NZD       JPY       USD       AUD       CAD       GBP       CHF
currency                                                                                
EUR       0.000000  0.003364  0.003823  0.004375  0.004601  0.004719  0.004744  0.004923
NZD      -0.003364  0.000000  0.000459  0.001011  0.001238  0.001355  0.001380  0.001559
JPY      -0.003823 -0.000459  0.000000  0.000552  0.000779  0.000896  0.000921  0.001100
USD      -0.004375 -0.001011 -0.000552  0.000000  0.000227  0.000344  0.000369  0.000548
AUD      -0.004601 -0.001238 -0.000779 -0.000227  0.000000  0.000117  0.000142  0.000321
CAD      -0.004719 -0.001355 -0.000896 -0.000344 -0.000117  0.000000  0.000025  0.000204
GBP      -0.004744 -0.001380 -0.000921 -0.000369 -0.000142 -0.000025  0.000000  0.000179
CHF      -0.004923 -0.001559 -0.001100 -0.000548 -0.000321 -0.000204 -0.000179  0.000000
2026-08-31 00:05:02,807 - INFO - 4H Signals:
   pair  score_diff  signal
AUD/USD   -0.000227 NEUTRAL
EUR/USD    0.004375    LONG
GBP/USD   -0.000369 NEUTRAL
NZD/USD    0.001011    LONG
USD/CAD    0.000344 NEUTRAL
USD/CHF    0.000548    LONG
USD/JPY   -0.000552   SHORT
2026-08-31 00:05:02,809 - INFO - Saved signals_4h.csv with 7 rows
JOURNAL_LOCK_ACQUIRED pid=22128
Added 7 new journal rows.
Directional signals: 4
Neutral signals: 3
Recorded entry prices: 4
Missing entry prices: 0
Saved to: signals_journal.csv
JOURNAL_LOCK_RELEASED pid=22128
2026-08-31 00:05:03,427 - INFO - D1: saved price_history_1d.csv; total rows=14; minimum per pair=2
2026-08-31 00:05:03,436 - INFO - H4: saved price_history_4h.csv; total rows=91; minimum per pair=13
2026-08-31 00:05:03,447 - INFO - H1: saved price_history_1h.csv; total rows=287; minimum per pair=41
2026-08-31 00:05:04,015 - INFO - Saved reversal_signals.json
2026-08-31 00:05:04,463 - INFO - Saved dashboard_snapshot_v2.json with 7 pairs
H4 scan completed: Mon 08/31/2026  0:05:04.51

==================================================
H4 scan started: Mon 08/31/2026 12:55:49.40
2026-08-31 12:55:53,468 - INFO - Requesting interval=4h, outputsize=5
2026-08-31 12:55:54,132 - INFO - 4H AUD/USD -> bar_open=2026-08-31T05:00:00+00:00 bar_close=2026-08-31T09:00:00+00:00 age=0:55:53.468847 open=0.71662 close=0.71588 change=-0.001033
2026-08-31 12:55:54,133 - INFO - 4H EUR/USD -> bar_open=2026-08-31T05:00:00+00:00 bar_close=2026-08-31T09:00:00+00:00 age=0:55:53.468847 open=1.1591 close=1.15937 change=0.000233
2026-08-31 12:55:54,134 - INFO - 4H GBP/USD -> bar_open=2026-08-31T05:00:00+00:00 bar_close=2026-08-31T09:00:00+00:00 age=0:55:53.468847 open=1.35443 close=1.35409 change=-0.000251
2026-08-31 12:55:54,134 - INFO - 4H NZD/USD -> bar_open=2026-08-31T05:00:00+00:00 bar_close=2026-08-31T09:00:00+00:00 age=0:55:53.468847 open=0.59196 close=0.59146 change=-0.000845
2026-08-31 12:55:54,135 - INFO - 4H USD/CAD -> bar_open=2026-08-31T05:00:00+00:00 bar_close=2026-08-31T09:00:00+00:00 age=0:55:53.468847 open=1.389 close=1.38996 change=0.000691
2026-08-31 12:55:54,136 - INFO - 4H USD/CHF -> bar_open=2026-08-31T05:00:00+00:00 bar_close=2026-08-31T09:00:00+00:00 age=0:55:53.468847 open=0.80923 close=0.80886 change=-0.000457
2026-08-31 12:55:54,137 - INFO - 4H USD/JPY -> bar_open=2026-08-31T05:00:00+00:00 bar_close=2026-08-31T09:00:00+00:00 age=0:55:53.468847 open=159.79539 close=159.74467 change=-0.000317
2026-08-31 12:55:54,156 - INFO - Saved pair_changes_4h.csv with 7 rows
2026-08-31 12:55:54,769 - INFO - 4H input timestamp=2026-08-31T09:00:00+00:00 age=0:55:54.769344 rows=7
2026-08-31 12:55:54,805 - INFO - 4H Currency Strength:
currency  strength
     CHF  0.000457
     JPY  0.000317
     USD  0.000259
     EUR  0.000233
     GBP -0.000251
     CAD -0.000691
     NZD -0.000845
     AUD -0.001033
2026-08-31 12:55:54,807 - INFO - 4H Base/Quote Strength Matrix:
               CHF       JPY       USD       EUR       GBP       CAD       NZD       AUD
currency                                                                                
CHF       0.000000  0.000140  0.000198  0.000224  0.000708  0.001148  0.001302  0.001490
JPY      -0.000140  0.000000  0.000059  0.000084  0.000568  0.001009  0.001162  0.001350
USD      -0.000198 -0.000059  0.000000  0.000026  0.000510  0.000950  0.001103  0.001291
EUR      -0.000224 -0.000084 -0.000026  0.000000  0.000484  0.000924  0.001078  0.001266
GBP      -0.000708 -0.000568 -0.000510 -0.000484  0.000000  0.000440  0.000594  0.000782
CAD      -0.001148 -0.001009 -0.000950 -0.000924 -0.000440  0.000000  0.000154  0.000341
NZD      -0.001302 -0.001162 -0.001103 -0.001078 -0.000594 -0.000154  0.000000  0.000188
AUD      -0.001490 -0.001350 -0.001291 -0.001266 -0.000782 -0.000341 -0.000188  0.000000
2026-08-31 12:55:54,809 - INFO - 4H Signals:
   pair  score_diff  signal
AUD/USD   -0.001291   SHORT
EUR/USD   -0.000026 NEUTRAL
GBP/USD   -0.000510   SHORT
NZD/USD   -0.001103   SHORT
USD/CAD    0.000950    LONG
USD/CHF   -0.000198 NEUTRAL
USD/JPY   -0.000059 NEUTRAL
2026-08-31 12:55:54,811 - INFO - Saved signals_4h.csv with 7 rows
JOURNAL_LOCK_ACQUIRED pid=21076
Added 7 new journal rows.
Directional signals: 4
Neutral signals: 3
Recorded entry prices: 4
Missing entry prices: 0
Saved to: signals_journal.csv
JOURNAL_LOCK_RELEASED pid=21076
2026-08-31 12:55:55,563 - INFO - D1: saved price_history_1d.csv; total rows=21; minimum per pair=3
2026-08-31 12:55:55,571 - INFO - H4: saved price_history_4h.csv; total rows=98; minimum per pair=14
2026-08-31 12:55:55,579 - INFO - H1: saved price_history_1h.csv; total rows=308; minimum per pair=44
2026-08-31 12:55:56,085 - INFO - Saved reversal_signals.json
2026-08-31 12:55:56,582 - INFO - Saved dashboard_snapshot_v2.json with 7 pairs
H4 scan completed: Mon 08/31/2026 12:55:56.64

==================================================
H4 scan started: Mon 08/31/2026 16:05:01.42
2026-08-31 16:05:02,648 - INFO - Requesting interval=4h, outputsize=5
2026-08-31 16:05:04,402 - INFO - 4H AUD/USD -> bar_open=2026-08-31T09:00:00+00:00 bar_close=2026-08-31T13:00:00+00:00 age=0:05:02.648167 open=0.71586 close=0.7159 change=0.000056
2026-08-31 16:05:04,402 - INFO - 4H EUR/USD -> bar_open=2026-08-31T09:00:00+00:00 bar_close=2026-08-31T13:00:00+00:00 age=0:05:02.648167 open=1.15941 close=1.15958 change=0.000147
2026-08-31 16:05:04,403 - INFO - 4H GBP/USD -> bar_open=2026-08-31T09:00:00+00:00 bar_close=2026-08-31T13:00:00+00:00 age=0:05:02.648167 open=1.35407 close=1.35387 change=-0.000148
2026-08-31 16:05:04,404 - INFO - 4H NZD/USD -> bar_open=2026-08-31T09:00:00+00:00 bar_close=2026-08-31T13:00:00+00:00 age=0:05:02.648167 open=0.59145 close=0.59145 change=0.000000
2026-08-31 16:05:04,404 - INFO - 4H USD/CAD -> bar_open=2026-08-31T09:00:00+00:00 bar_close=2026-08-31T13:00:00+00:00 age=0:05:02.648167 open=1.38998 close=1.38804 change=-0.001396
2026-08-31 16:05:04,405 - INFO - 4H USD/CHF -> bar_open=2026-08-31T09:00:00+00:00 bar_close=2026-08-31T13:00:00+00:00 age=0:05:02.648167 open=0.80887 close=0.80847 change=-0.000495
2026-08-31 16:05:04,406 - INFO - 4H USD/JPY -> bar_open=2026-08-31T09:00:00+00:00 bar_close=2026-08-31T13:00:00+00:00 age=0:05:02.648167 open=159.74021 close=159.87333 change=0.000833
2026-08-31 16:05:04,423 - INFO - Saved pair_changes_4h.csv with 7 rows
2026-08-31 16:05:04,897 - INFO - 4H input timestamp=2026-08-31T13:00:00+00:00 age=0:05:04.897749 rows=7
2026-08-31 16:05:04,904 - INFO - 4H Currency Strength:
currency  strength
     CAD  0.001396
     CHF  0.000495
     EUR  0.000147
     AUD  0.000056
     NZD  0.000000
     GBP -0.000148
     USD -0.000159
     JPY -0.000833
2026-08-31 16:05:04,906 - INFO - 4H Base/Quote Strength Matrix:
               CAD       CHF       EUR       AUD       NZD       GBP       USD       JPY
currency                                                                                
CAD       0.000000  0.000901  0.001249  0.001340  0.001396  0.001543  0.001555  0.002229
CHF      -0.000901  0.000000  0.000348  0.000439  0.000495  0.000642  0.000653  0.001328
EUR      -0.001249 -0.000348  0.000000  0.000091  0.000147  0.000294  0.000305  0.000980
AUD      -0.001340 -0.000439 -0.000091  0.000000  0.000056  0.000204  0.000215  0.000889
NZD      -0.001396 -0.000495 -0.000147 -0.000056  0.000000  0.000148  0.000159  0.000833
GBP      -0.001543 -0.000642 -0.000294 -0.000204 -0.000148  0.000000  0.000011  0.000686
USD      -0.001555 -0.000653 -0.000305 -0.000215 -0.000159 -0.000011  0.000000  0.000675
JPY      -0.002229 -0.001328 -0.000980 -0.000889 -0.000833 -0.000686 -0.000675  0.000000
2026-08-31 16:05:04,908 - INFO - 4H Signals:
   pair  score_diff  signal
AUD/USD    0.000215 NEUTRAL
EUR/USD    0.000305 NEUTRAL
GBP/USD    0.000011 NEUTRAL
NZD/USD    0.000159 NEUTRAL
USD/CAD   -0.001555   SHORT
USD/CHF   -0.000653   SHORT
USD/JPY    0.000675    LONG
2026-08-31 16:05:04,910 - INFO - Saved signals_4h.csv with 7 rows
JOURNAL_LOCK_ACQUIRED pid=2052
Added 7 new journal rows.
Directional signals: 3
Neutral signals: 4
Recorded entry prices: 3
Missing entry prices: 0
Saved to: signals_journal.csv
JOURNAL_LOCK_RELEASED pid=2052
2026-08-31 16:05:05,515 - INFO - D1: saved price_history_1d.csv; total rows=21; minimum per pair=3
2026-08-31 16:05:05,523 - INFO - H4: saved price_history_4h.csv; total rows=105; minimum per pair=15
2026-08-31 16:05:05,531 - INFO - H1: saved price_history_1h.csv; total rows=329; minimum per pair=47
2026-08-31 16:05:05,985 - INFO - Saved reversal_signals.json
2026-08-31 16:05:06,442 - INFO - Saved dashboard_snapshot_v2.json with 7 pairs
H4 scan completed: Mon 08/31/2026 16:05:06.49

==================================================
H4 scan started: Mon 08/31/2026 20:05:02.06
2026-08-31 20:05:03,481 - INFO - Requesting interval=4h, outputsize=5
2026-08-31 20:05:04,238 - INFO - 4H AUD/USD -> bar_open=2026-08-31T13:00:00+00:00 bar_close=2026-08-31T17:00:00+00:00 age=0:05:03.481226 open=0.71589 close=0.71672 change=0.001159
2026-08-31 20:05:04,239 - INFO - 4H EUR/USD -> bar_open=2026-08-31T13:00:00+00:00 bar_close=2026-08-31T17:00:00+00:00 age=0:05:03.481226 open=1.15961 close=1.16163 change=0.001742
2026-08-31 20:05:04,240 - INFO - 4H GBP/USD -> bar_open=2026-08-31T13:00:00+00:00 bar_close=2026-08-31T17:00:00+00:00 age=0:05:03.481226 open=1.35389 close=1.35484 change=0.000702
2026-08-31 20:05:04,241 - INFO - 4H NZD/USD -> bar_open=2026-08-31T13:00:00+00:00 bar_close=2026-08-31T17:00:00+00:00 age=0:05:03.481226 open=0.59142 close=0.59184 change=0.000710
2026-08-31 20:05:04,242 - INFO - 4H USD/CAD -> bar_open=2026-08-31T13:00:00+00:00 bar_close=2026-08-31T17:00:00+00:00 age=0:05:03.481226 open=1.38808 close=1.386 change=-0.001498
2026-08-31 20:05:04,244 - INFO - 4H USD/CHF -> bar_open=2026-08-31T13:00:00+00:00 bar_close=2026-08-31T17:00:00+00:00 age=0:05:03.481226 open=0.80849 close=0.80826 change=-0.000284
2026-08-31 20:05:04,244 - INFO - 4H USD/JPY -> bar_open=2026-08-31T13:00:00+00:00 bar_close=2026-08-31T17:00:00+00:00 age=0:05:03.481226 open=159.86817 close=159.69229 change=-0.001100
2026-08-31 20:05:04,261 - INFO - Saved pair_changes_4h.csv with 7 rows
2026-08-31 20:05:04,737 - INFO - 4H input timestamp=2026-08-31T17:00:00+00:00 age=0:05:04.737197 rows=7
2026-08-31 20:05:04,745 - INFO - 4H Currency Strength:
currency  strength
     EUR  0.001742
     CAD  0.001498
     AUD  0.001159
     JPY  0.001100
     NZD  0.000710
     GBP  0.000702
     CHF  0.000284
     USD -0.001028
2026-08-31 20:05:04,747 - INFO - 4H Base/Quote Strength Matrix:
               EUR       CAD       AUD       JPY       NZD       GBP       CHF       USD
currency                                                                                
EUR       0.000000  0.000243  0.000583  0.000642  0.001032  0.001040  0.001457  0.002770
CAD      -0.000243  0.000000  0.000339  0.000398  0.000788  0.000797  0.001214  0.002527
AUD      -0.000583 -0.000339  0.000000  0.000059  0.000449  0.000458  0.000875  0.002187
JPY      -0.000642 -0.000398 -0.000059  0.000000  0.000390  0.000398  0.000816  0.002128
NZD      -0.001032 -0.000788 -0.000449 -0.000390  0.000000  0.000008  0.000426  0.001738
GBP      -0.001040 -0.000797 -0.000458 -0.000398 -0.000008  0.000000  0.000417  0.001730
CHF      -0.001457 -0.001214 -0.000875 -0.000816 -0.000426 -0.000417  0.000000  0.001313
USD      -0.002770 -0.002527 -0.002187 -0.002128 -0.001738 -0.001730 -0.001313  0.000000
2026-08-31 20:05:04,750 - INFO - 4H Signals:
   pair  score_diff signal
AUD/USD    0.002187   LONG
EUR/USD    0.002770   LONG
GBP/USD    0.001730   LONG
NZD/USD    0.001738   LONG
USD/CAD   -0.002527  SHORT
USD/CHF   -0.001313  SHORT
USD/JPY   -0.002128  SHORT
2026-08-31 20:05:04,753 - INFO - Saved signals_4h.csv with 7 rows
JOURNAL_LOCK_ACQUIRED pid=35508
Added 7 new journal rows.
Directional signals: 7
Neutral signals: 0
Recorded entry prices: 7
Missing entry prices: 0
Saved to: signals_journal.csv
JOURNAL_LOCK_RELEASED pid=35508
2026-08-31 20:05:05,363 - INFO - D1: saved price_history_1d.csv; total rows=21; minimum per pair=3
2026-08-31 20:05:05,369 - INFO - H4: saved price_history_4h.csv; total rows=112; minimum per pair=16
2026-08-31 20:05:05,377 - INFO - H1: saved price_history_1h.csv; total rows=343; minimum per pair=49
2026-08-31 20:05:06,048 - INFO - Saved reversal_signals.json
2026-08-31 20:05:06,569 - INFO - Saved dashboard_snapshot_v2.json with 7 pairs
H4 scan completed: Mon 08/31/2026 20:05:06.64

==================================================
H4 scan started: Tue 09/01/2026 20:05:01.31
2026-09-01 20:05:03,188 - INFO - Requesting interval=4h, outputsize=5
2026-09-01 20:05:03,191 - ERROR - 4H fetch failed: 4H request failed: ConnectionError
ERROR: fetch_4h_to_csv.py failed.

==================================================
H4 scan started: Wed 09/02/2026  0:05:01.95
2026-09-02 00:05:04,279 - INFO - Requesting interval=4h, outputsize=5
2026-09-02 00:05:05,024 - INFO - 4H AUD/USD -> bar_open=2026-09-01T17:00:00+00:00 bar_close=2026-09-01T21:00:00+00:00 age=0:05:04.279246 open=0.71508 close=0.71448 change=-0.000839
2026-09-02 00:05:05,025 - INFO - 4H EUR/USD -> bar_open=2026-09-01T17:00:00+00:00 bar_close=2026-09-01T21:00:00+00:00 age=0:05:04.279246 open=1.15862 close=1.1593 change=0.000587
2026-09-02 00:05:05,026 - INFO - 4H GBP/USD -> bar_open=2026-09-01T17:00:00+00:00 bar_close=2026-09-01T21:00:00+00:00 age=0:05:04.279246 open=1.35157 close=1.35163 change=0.000044
2026-09-02 00:05:05,027 - INFO - 4H NZD/USD -> bar_open=2026-09-01T17:00:00+00:00 bar_close=2026-09-01T21:00:00+00:00 age=0:05:04.279246 open=0.58923 close=0.58913 change=-0.000170
2026-09-02 00:05:05,028 - INFO - 4H USD/CAD -> bar_open=2026-09-01T17:00:00+00:00 bar_close=2026-09-01T21:00:00+00:00 age=0:05:04.279246 open=1.3905 close=1.3897 change=-0.000575
2026-09-02 00:05:05,029 - INFO - 4H USD/CHF -> bar_open=2026-09-01T17:00:00+00:00 bar_close=2026-09-01T21:00:00+00:00 age=0:05:04.279246 open=0.81231 close=0.81163 change=-0.000837
2026-09-02 00:05:05,030 - INFO - 4H USD/JPY -> bar_open=2026-09-01T17:00:00+00:00 bar_close=2026-09-01T21:00:00+00:00 age=0:05:04.279246 open=160.16907 close=160.19861 change=0.000184
2026-09-02 00:05:05,080 - INFO - Saved pair_changes_4h.csv with 7 rows
2026-09-02 00:05:06,521 - INFO - 4H input timestamp=2026-09-01T21:00:00+00:00 age=0:05:06.519622 rows=7
2026-09-02 00:05:06,594 - INFO - 4H Currency Strength:
currency  strength
     CHF  0.000837
     EUR  0.000587
     CAD  0.000575
     GBP  0.000044
     USD -0.000122
     NZD -0.000170
     JPY -0.000184
     AUD -0.000839
2026-09-02 00:05:06,598 - INFO - 4H Base/Quote Strength Matrix:
               CHF       EUR       CAD       GBP       USD       NZD       JPY       AUD
currency                                                                                
CHF       0.000000  0.000250  0.000262  0.000793  0.000959  0.001007  0.001022  0.001676
EUR      -0.000250  0.000000  0.000012  0.000543  0.000708  0.000757  0.000771  0.001426
CAD      -0.000262 -0.000012  0.000000  0.000531  0.000697  0.000745  0.000760  0.001414
GBP      -0.000793 -0.000543 -0.000531  0.000000  0.000166  0.000214  0.000229  0.000883
USD      -0.000959 -0.000708 -0.000697 -0.000166  0.000000  0.000048  0.000063  0.000718
NZD      -0.001007 -0.000757 -0.000745 -0.000214 -0.000048  0.000000  0.000015  0.000669
JPY      -0.001022 -0.000771 -0.000760 -0.000229 -0.000063 -0.000015  0.000000  0.000655
AUD      -0.001676 -0.001426 -0.001414 -0.000883 -0.000718 -0.000669 -0.000655  0.000000
2026-09-02 00:05:06,600 - INFO - 4H Signals:
   pair  score_diff  signal
AUD/USD   -0.000718   SHORT
EUR/USD    0.000708    LONG
GBP/USD    0.000166 NEUTRAL
NZD/USD   -0.000048 NEUTRAL
USD/CAD   -0.000697   SHORT
USD/CHF   -0.000959   SHORT
USD/JPY    0.000063 NEUTRAL
2026-09-02 00:05:06,604 - INFO - Saved signals_4h.csv with 7 rows
JOURNAL_LOCK_ACQUIRED pid=33476
Added 7 new journal rows.
Directional signals: 4
Neutral signals: 3
Recorded entry prices: 4
Missing entry prices: 0
Saved to: signals_journal.csv
JOURNAL_LOCK_RELEASED pid=33476
2026-09-02 00:05:08,038 - INFO - D1: saved price_history_1d.csv; total rows=28; minimum per pair=4
2026-09-02 00:05:08,047 - INFO - H4: saved price_history_4h.csv; total rows=119; minimum per pair=17
2026-09-02 00:05:08,057 - INFO - H1: saved price_history_1h.csv; total rows=420; minimum per pair=60
2026-09-02 00:05:09,562 - INFO - Saved reversal_signals.json
2026-09-02 00:05:10,865 - INFO - Saved dashboard_snapshot_v2.json with 7 pairs
H4 scan completed: Wed 09/02/2026  0:05:10.93

==================================================
H4 scan started: Wed 09/02/2026  4:05:02.35
2026-09-02 04:05:06,009 - INFO - Requesting interval=4h, outputsize=5
2026-09-02 04:05:07,664 - INFO - 4H AUD/USD -> bar_open=2026-09-01T21:00:00+00:00 bar_close=2026-09-02T01:00:00+00:00 age=0:05:06.009548 open=0.71445 close=0.71417 change=-0.000392
2026-09-02 04:05:07,666 - INFO - 4H EUR/USD -> bar_open=2026-09-01T21:00:00+00:00 bar_close=2026-09-02T01:00:00+00:00 age=0:05:06.009548 open=1.15929 close=1.15845 change=-0.000725
2026-09-02 04:05:07,667 - INFO - 4H GBP/USD -> bar_open=2026-09-01T21:00:00+00:00 bar_close=2026-09-02T01:00:00+00:00 age=0:05:06.009548 open=1.35162 close=1.35085 change=-0.000570
2026-09-02 04:05:07,669 - INFO - 4H NZD/USD -> bar_open=2026-09-01T21:00:00+00:00 bar_close=2026-09-02T01:00:00+00:00 age=0:05:06.009548 open=0.58912 close=0.58918 change=0.000102
2026-09-02 04:05:07,670 - INFO - 4H USD/CAD -> bar_open=2026-09-01T21:00:00+00:00 bar_close=2026-09-02T01:00:00+00:00 age=0:05:06.009548 open=1.38969 close=1.39 change=0.000223
2026-09-02 04:05:07,672 - INFO - 4H USD/CHF -> bar_open=2026-09-01T21:00:00+00:00 bar_close=2026-09-02T01:00:00+00:00 age=0:05:06.009548 open=0.81156 close=0.81252 change=0.001183
2026-09-02 04:05:07,673 - INFO - 4H USD/JPY -> bar_open=2026-09-01T21:00:00+00:00 bar_close=2026-09-02T01:00:00+00:00 age=0:05:06.009548 open=160.19916 close=160.28153 change=0.000514
2026-09-02 04:05:07,771 - INFO - Saved pair_changes_4h.csv with 7 rows
2026-09-02 04:05:18,074 - INFO - 4H input timestamp=2026-09-02T01:00:00+00:00 age=0:05:17.947980 rows=7
2026-09-02 04:05:18,506 - INFO - 4H Currency Strength:
currency  strength
     USD  0.000501
     NZD  0.000102
     CAD -0.000223
     AUD -0.000392
     JPY -0.000514
     GBP -0.000570
     EUR -0.000725
     CHF -0.001183
2026-09-02 04:05:18,513 - INFO - 4H Base/Quote Strength Matrix:
               USD       NZD       CAD       AUD       JPY       GBP       EUR       CHF
currency                                                                                
USD       0.000000  0.000399  0.000724  0.000893  0.001015  0.001070  0.001225  0.001684
NZD      -0.000399  0.000000  0.000325  0.000494  0.000616  0.000672  0.000826  0.001285
CAD      -0.000724 -0.000325  0.000000  0.000169  0.000291  0.000347  0.000502  0.000960
AUD      -0.000893 -0.000494 -0.000169  0.000000  0.000122  0.000178  0.000333  0.000791
JPY      -0.001015 -0.000616 -0.000291 -0.000122  0.000000  0.000056  0.000210  0.000669
GBP      -0.001070 -0.000672 -0.000347 -0.000178 -0.000056  0.000000  0.000155  0.000613
EUR      -0.001225 -0.000826 -0.000502 -0.000333 -0.000210 -0.000155  0.000000  0.000458
CHF      -0.001684 -0.001285 -0.000960 -0.000791 -0.000669 -0.000613 -0.000458  0.000000
2026-09-02 04:05:18,572 - INFO - 4H Signals:
   pair  score_diff  signal
AUD/USD   -0.000893   SHORT
EUR/USD   -0.001225   SHORT
GBP/USD   -0.001070   SHORT
NZD/USD   -0.000399 NEUTRAL
USD/CAD    0.000724    LONG
USD/CHF    0.001684    LONG
USD/JPY    0.001015    LONG
2026-09-02 04:05:18,661 - INFO - Saved signals_4h.csv with 7 rows
JOURNAL_LOCK_ACQUIRED pid=2764
Added 7 new journal rows.
Directional signals: 6
Neutral signals: 1
Recorded entry prices: 6
Missing entry prices: 0
Saved to: signals_journal.csv
JOURNAL_LOCK_RELEASED pid=2764
2026-09-02 04:05:53,033 - INFO - D1: saved price_history_1d.csv; total rows=35; minimum per pair=5
2026-09-02 04:05:53,047 - INFO - H4: saved price_history_4h.csv; total rows=126; minimum per pair=18
2026-09-02 04:05:53,064 - INFO - H1: saved price_history_1h.csv; total rows=448; minimum per pair=64
2026-09-02 04:05:55,217 - INFO - Saved reversal_signals.json
2026-09-02 04:05:55,799 - INFO - Saved dashboard_snapshot_v2.json with 7 pairs
H4 scan completed: Wed 09/02/2026  4:05:55.86

==================================================
H4 scan started: Wed 09/02/2026  8:05:01.23
2026-09-02 08:05:03,424 - INFO - Requesting interval=4h, outputsize=5
2026-09-02 08:05:03,431 - ERROR - 4H fetch failed: 4H request failed: ConnectionError
ERROR: fetch_4h_to_csv.py failed.

==================================================
H4 scan started: Wed 09/02/2026 12:05:02.01
2026-09-02 12:05:06,530 - INFO - Requesting interval=4h, outputsize=5
2026-09-02 12:05:08,417 - INFO - 4H AUD/USD -> bar_open=2026-09-02T05:00:00+00:00 bar_close=2026-09-02T09:00:00+00:00 age=0:05:06.530175 open=0.71328 close=0.71286 change=-0.000589
2026-09-02 12:05:08,418 - INFO - 4H EUR/USD -> bar_open=2026-09-02T05:00:00+00:00 bar_close=2026-09-02T09:00:00+00:00 age=0:05:06.530175 open=1.15761 close=1.15732 change=-0.000251
2026-09-02 12:05:08,418 - INFO - 4H GBP/USD -> bar_open=2026-09-02T05:00:00+00:00 bar_close=2026-09-02T09:00:00+00:00 age=0:05:06.530175 open=1.34968 close=1.35018 change=0.000370
2026-09-02 12:05:08,419 - INFO - 4H NZD/USD -> bar_open=2026-09-02T05:00:00+00:00 bar_close=2026-09-02T09:00:00+00:00 age=0:05:06.530175 open=0.58299 close=0.58099 change=-0.003431
2026-09-02 12:05:08,420 - INFO - 4H USD/CAD -> bar_open=2026-09-02T05:00:00+00:00 bar_close=2026-09-02T09:00:00+00:00 age=0:05:06.530175 open=1.39215 close=1.39356 change=0.001013
2026-09-02 12:05:08,421 - INFO - 4H USD/CHF -> bar_open=2026-09-02T05:00:00+00:00 bar_close=2026-09-02T09:00:00+00:00 age=0:05:06.530175 open=0.81324 close=0.81498 change=0.002140
2026-09-02 12:05:08,422 - INFO - 4H USD/JPY -> bar_open=2026-09-02T05:00:00+00:00 bar_close=2026-09-02T09:00:00+00:00 age=0:05:06.530175 open=160.099 close=159.84452 change=-0.001590
2026-09-02 12:05:08,736 - INFO - Saved pair_changes_4h.csv with 7 rows
2026-09-02 12:05:11,961 - INFO - 4H input timestamp=2026-09-02T09:00:00+00:00 age=0:05:11.960640 rows=7
2026-09-02 12:05:12,020 - INFO - 4H Currency Strength:
currency  strength
     JPY  0.001590
     USD  0.000780
     GBP  0.000370
     EUR -0.000251
     AUD -0.000589
     CAD -0.001013
     CHF -0.002140
     NZD -0.003431
2026-09-02 12:05:12,022 - INFO - 4H Base/Quote Strength Matrix:
               JPY       USD       GBP       EUR       AUD       CAD       CHF       NZD
currency                                                                                
JPY       0.000000  0.000809  0.001219  0.001840  0.002178  0.002602  0.003729  0.005020
USD      -0.000809  0.000000  0.000410  0.001031  0.001369  0.001793  0.002920  0.004211
GBP      -0.001219 -0.000410  0.000000  0.000621  0.000959  0.001383  0.002510  0.003801
EUR      -0.001840 -0.001031 -0.000621  0.000000  0.000338  0.000762  0.001889  0.003180
AUD      -0.002178 -0.001369 -0.000959 -0.000338  0.000000  0.000424  0.001551  0.002842
CAD      -0.002602 -0.001793 -0.001383 -0.000762 -0.000424  0.000000  0.001127  0.002418
CHF      -0.003729 -0.002920 -0.002510 -0.001889 -0.001551 -0.001127  0.000000  0.001291
NZD      -0.005020 -0.004211 -0.003801 -0.003180 -0.002842 -0.002418 -0.001291  0.000000
2026-09-02 12:05:12,025 - INFO - 4H Signals:
   pair  score_diff  signal
AUD/USD   -0.001369   SHORT
EUR/USD   -0.001031   SHORT
GBP/USD   -0.000410 NEUTRAL
NZD/USD   -0.004211   SHORT
USD/CAD    0.001793    LONG
USD/CHF    0.002920    LONG
USD/JPY   -0.000809   SHORT
2026-09-02 12:05:12,027 - INFO - Saved signals_4h.csv with 7 rows
JOURNAL_LOCK_ACQUIRED pid=38460
Added 7 new journal rows.
Directional signals: 6
Neutral signals: 1
Recorded entry prices: 6
Missing entry prices: 0
Saved to: signals_journal.csv
JOURNAL_LOCK_RELEASED pid=38460
2026-09-02 12:05:12,987 - INFO - D1: saved price_history_1d.csv; total rows=35; minimum per pair=5
2026-09-02 12:05:12,994 - INFO - H4: saved price_history_4h.csv; total rows=133; minimum per pair=19
2026-09-02 12:05:13,003 - INFO - H1: saved price_history_1h.csv; total rows=469; minimum per pair=67
2026-09-02 12:05:13,559 - INFO - Saved reversal_signals.json
2026-09-02 12:05:14,775 - INFO - Saved dashboard_snapshot_v2.json with 7 pairs
H4 scan completed: Wed 09/02/2026 12:05:14.92

==================================================
H4 scan started: Wed 09/02/2026 16:05:01.46
2026-09-02 16:05:02,614 - INFO - Requesting interval=4h, outputsize=5
2026-09-02 16:05:04,312 - INFO - 4H AUD/USD -> bar_open=2026-09-02T09:00:00+00:00 bar_close=2026-09-02T13:00:00+00:00 age=0:05:02.614957 open=0.71284 close=0.71479 change=0.002736
2026-09-02 16:05:04,312 - INFO - 4H EUR/USD -> bar_open=2026-09-02T09:00:00+00:00 bar_close=2026-09-02T13:00:00+00:00 age=0:05:02.614957 open=1.15736 close=1.15785 change=0.000423
2026-09-02 16:05:04,313 - INFO - 4H GBP/USD -> bar_open=2026-09-02T09:00:00+00:00 bar_close=2026-09-02T13:00:00+00:00 age=0:05:02.614957 open=1.35023 close=1.34752 change=-0.002007
2026-09-02 16:05:04,314 - INFO - 4H NZD/USD -> bar_open=2026-09-02T09:00:00+00:00 bar_close=2026-09-02T13:00:00+00:00 age=0:05:02.614957 open=0.58104 close=0.58205 change=0.001738
2026-09-02 16:05:04,314 - INFO - 4H USD/CAD -> bar_open=2026-09-02T09:00:00+00:00 bar_close=2026-09-02T13:00:00+00:00 age=0:05:02.614957 open=1.39357 close=1.39166 change=-0.001371
2026-09-02 16:05:04,315 - INFO - 4H USD/CHF -> bar_open=2026-09-02T09:00:00+00:00 bar_close=2026-09-02T13:00:00+00:00 age=0:05:02.614957 open=0.81495 close=0.81489 change=-0.000074
2026-09-02 16:05:04,316 - INFO - 4H USD/JPY -> bar_open=2026-09-02T09:00:00+00:00 bar_close=2026-09-02T13:00:00+00:00 age=0:05:02.614957 open=159.83644 close=159.60838 change=-0.001427
2026-09-02 16:05:04,342 - INFO - Saved pair_changes_4h.csv with 7 rows
2026-09-02 16:05:04,927 - INFO - 4H input timestamp=2026-09-02T13:00:00+00:00 age=0:05:04.927697 rows=7
2026-09-02 16:05:04,936 - INFO - 4H Currency Strength:
currency  strength
     AUD  0.002736
     NZD  0.001738
     JPY  0.001427
     CAD  0.001371
     EUR  0.000423
     CHF  0.000074
     USD -0.000823
     GBP -0.002007
2026-09-02 16:05:04,938 - INFO - 4H Base/Quote Strength Matrix:
               AUD       NZD       JPY       CAD       EUR       CHF       USD       GBP
currency                                                                                
AUD       0.000000  0.000997  0.001309  0.001365  0.002312  0.002662  0.003559  0.004743
NZD      -0.000997  0.000000  0.000311  0.000368  0.001315  0.001665  0.002561  0.003745
JPY      -0.001309 -0.000311  0.000000  0.000056  0.001003  0.001353  0.002250  0.003434
CAD      -0.001365 -0.000368 -0.000056  0.000000  0.000947  0.001297  0.002194  0.003378
EUR      -0.002312 -0.001315 -0.001003 -0.000947  0.000000  0.000350  0.001246  0.002430
CHF      -0.002662 -0.001665 -0.001353 -0.001297 -0.000350  0.000000  0.000897  0.002081
USD      -0.003559 -0.002561 -0.002250 -0.002194 -0.001246 -0.000897  0.000000  0.001184
GBP      -0.004743 -0.003745 -0.003434 -0.003378 -0.002430 -0.002081 -0.001184  0.000000
2026-09-02 16:05:04,940 - INFO - 4H Signals:
   pair  score_diff signal
AUD/USD    0.003559   LONG
EUR/USD    0.001246   LONG
GBP/USD   -0.001184  SHORT
NZD/USD    0.002561   LONG
USD/CAD   -0.002194  SHORT
USD/CHF   -0.000897  SHORT
USD/JPY   -0.002250  SHORT
2026-09-02 16:05:04,942 - INFO - Saved signals_4h.csv with 7 rows
JOURNAL_LOCK_ACQUIRED pid=29188
Added 7 new journal rows.
Directional signals: 7
Neutral signals: 0
Recorded entry prices: 7
Missing entry prices: 0
Saved to: signals_journal.csv
JOURNAL_LOCK_RELEASED pid=29188
2026-09-02 16:05:05,553 - INFO - D1: saved price_history_1d.csv; total rows=35; minimum per pair=5
2026-09-02 16:05:05,561 - INFO - H4: saved price_history_4h.csv; total rows=140; minimum per pair=20
2026-09-02 16:05:05,571 - INFO - H1: saved price_history_1h.csv; total rows=490; minimum per pair=70
2026-09-02 16:05:06,084 - INFO - Saved reversal_signals.json
2026-09-02 16:05:06,547 - INFO - Saved dashboard_snapshot_v2.json with 7 pairs
H4 scan completed: Wed 09/02/2026 16:05:06.60

==================================================
H4 scan started: Wed 09/02/2026 20:05:01.46
2026-09-02 20:05:02,529 - INFO - Requesting interval=4h, outputsize=5
2026-09-02 20:05:04,767 - INFO - 4H AUD/USD -> bar_open=2026-09-02T13:00:00+00:00 bar_close=2026-09-02T17:00:00+00:00 age=0:05:02.529802 open=0.71481 close=0.71689 change=0.002910
2026-09-02 20:05:04,768 - INFO - 4H EUR/USD -> bar_open=2026-09-02T13:00:00+00:00 bar_close=2026-09-02T17:00:00+00:00 age=0:05:02.529802 open=1.15788 close=1.15889 change=0.000872
2026-09-02 20:05:04,769 - INFO - 4H GBP/USD -> bar_open=2026-09-02T13:00:00+00:00 bar_close=2026-09-02T17:00:00+00:00 age=0:05:02.529802 open=1.34757 close=1.34957 change=0.001484
2026-09-02 20:05:04,769 - INFO - 4H NZD/USD -> bar_open=2026-09-02T13:00:00+00:00 bar_close=2026-09-02T17:00:00+00:00 age=0:05:02.529802 open=0.5821 close=0.58464 change=0.004364
2026-09-02 20:05:04,770 - INFO - 4H USD/CAD -> bar_open=2026-09-02T13:00:00+00:00 bar_close=2026-09-02T17:00:00+00:00 age=0:05:02.529802 open=1.39161 close=1.38457 change=-0.005059
2026-09-02 20:05:04,771 - INFO - 4H USD/CHF -> bar_open=2026-09-02T13:00:00+00:00 bar_close=2026-09-02T17:00:00+00:00 age=0:05:02.529802 open=0.81485 close=0.81309 change=-0.002160
2026-09-02 20:05:04,771 - INFO - 4H USD/JPY -> bar_open=2026-09-02T13:00:00+00:00 bar_close=2026-09-02T17:00:00+00:00 age=0:05:02.529802 open=159.61071 close=158.82264 change=-0.004937
2026-09-02 20:05:04,787 - INFO - Saved pair_changes_4h.csv with 7 rows
2026-09-02 20:05:05,230 - INFO - 4H input timestamp=2026-09-02T17:00:00+00:00 age=0:05:05.230136 rows=7
2026-09-02 20:05:05,237 - INFO - 4H Currency Strength:
currency  strength
     CAD  0.005059
     JPY  0.004937
     NZD  0.004364
     AUD  0.002910
     CHF  0.002160
     GBP  0.001484
     EUR  0.000872
     USD -0.003112
2026-09-02 20:05:05,240 - INFO - 4H Base/Quote Strength Matrix:
               CAD       JPY       NZD       AUD       CHF       GBP       EUR       USD
currency                                                                                
CAD       0.000000  0.000121  0.000695  0.002149  0.002899  0.003575  0.004187  0.008171
JPY      -0.000121  0.000000  0.000574  0.002028  0.002778  0.003453  0.004065  0.008050
NZD      -0.000695 -0.000574  0.000000  0.001454  0.002204  0.002879  0.003491  0.007476
AUD      -0.002149 -0.002028 -0.001454  0.000000  0.000750  0.001426  0.002038  0.006022
CHF      -0.002899 -0.002778 -0.002204 -0.000750  0.000000  0.000676  0.001288  0.005272
GBP      -0.003575 -0.003453 -0.002879 -0.001426 -0.000676  0.000000  0.000612  0.004596
EUR      -0.004187 -0.004065 -0.003491 -0.002038 -0.001288 -0.000612  0.000000  0.003985
USD      -0.008171 -0.008050 -0.007476 -0.006022 -0.005272 -0.004596 -0.003985  0.000000
2026-09-02 20:05:05,242 - INFO - 4H Signals:
   pair  score_diff signal
AUD/USD    0.006022   LONG
EUR/USD    0.003985   LONG
GBP/USD    0.004596   LONG
NZD/USD    0.007476   LONG
USD/CAD   -0.008171  SHORT
USD/CHF   -0.005272  SHORT
USD/JPY   -0.008050  SHORT
2026-09-02 20:05:05,243 - INFO - Saved signals_4h.csv with 7 rows
JOURNAL_LOCK_ACQUIRED pid=28708
Added 7 new journal rows.
Directional signals: 7
Neutral signals: 0
Recorded entry prices: 7
Missing entry prices: 0
Saved to: signals_journal.csv
JOURNAL_LOCK_RELEASED pid=28708
2026-09-02 20:05:05,834 - INFO - D1: saved price_history_1d.csv; total rows=35; minimum per pair=5
2026-09-02 20:05:05,843 - INFO - H4: saved price_history_4h.csv; total rows=147; minimum per pair=21
2026-09-02 20:05:05,854 - INFO - H1: saved price_history_1h.csv; total rows=504; minimum per pair=72
2026-09-02 20:05:06,354 - INFO - Saved reversal_signals.json
2026-09-02 20:05:06,818 - INFO - Saved dashboard_snapshot_v2.json with 7 pairs
H4 scan completed: Wed 09/02/2026 20:05:06.86

==================================================
H4 scan started: Thu 09/03/2026  0:05:01.98
2026-09-03 00:05:02,500 - INFO - Requesting interval=4h, outputsize=5
2026-09-03 00:05:03,115 - INFO - 4H AUD/USD -> bar_open=2026-09-02T17:00:00+00:00 bar_close=2026-09-02T21:00:00+00:00 age=0:05:02.500428 open=0.71689 close=0.71701 change=0.000167
2026-09-03 00:05:03,115 - INFO - 4H EUR/USD -> bar_open=2026-09-02T17:00:00+00:00 bar_close=2026-09-02T21:00:00+00:00 age=0:05:02.500428 open=1.15891 close=1.15884 change=-0.000060
2026-09-03 00:05:03,116 - INFO - 4H GBP/USD -> bar_open=2026-09-02T17:00:00+00:00 bar_close=2026-09-02T21:00:00+00:00 age=0:05:02.500428 open=1.34961 close=1.34841 change=-0.000889
2026-09-03 00:05:03,117 - INFO - 4H NZD/USD -> bar_open=2026-09-02T17:00:00+00:00 bar_close=2026-09-02T21:00:00+00:00 age=0:05:02.500428 open=0.58467 close=0.58508 change=0.000701
2026-09-03 00:05:03,118 - INFO - 4H USD/CAD -> bar_open=2026-09-02T17:00:00+00:00 bar_close=2026-09-02T21:00:00+00:00 age=0:05:02.500428 open=1.38454 close=1.3845 change=-0.000029
2026-09-03 00:05:03,118 - INFO - 4H USD/CHF -> bar_open=2026-09-02T17:00:00+00:00 bar_close=2026-09-02T21:00:00+00:00 age=0:05:02.500428 open=0.81305 close=0.81298 change=-0.000086
2026-09-03 00:05:03,119 - INFO - 4H USD/JPY -> bar_open=2026-09-02T17:00:00+00:00 bar_close=2026-09-02T21:00:00+00:00 age=0:05:02.500428 open=158.83008 close=158.72699 change=-0.000649
2026-09-03 00:05:03,125 - INFO - Saved pair_changes_4h.csv with 7 rows
2026-09-03 00:05:03,569 - INFO - 4H input timestamp=2026-09-02T21:00:00+00:00 age=0:05:03.569031 rows=7
2026-09-03 00:05:03,572 - INFO - 4H Currency Strength:
currency  strength
     NZD  0.000701
     JPY  0.000649
     AUD  0.000167
     CHF  0.000086
     CAD  0.000029
     EUR -0.000060
     USD -0.000098
     GBP -0.000889
2026-09-03 00:05:03,574 - INFO - 4H Base/Quote Strength Matrix:
               NZD       JPY       AUD       CHF       CAD       EUR       USD       GBP
currency                                                                                
NZD       0.000000  0.000052  0.000534  0.000615  0.000672  0.000762  0.000799  0.001590
JPY      -0.000052  0.000000  0.000482  0.000563  0.000620  0.000709  0.000747  0.001538
AUD      -0.000534 -0.000482  0.000000  0.000081  0.000138  0.000228  0.000265  0.001057
CHF      -0.000615 -0.000563 -0.000081  0.000000  0.000057  0.000146  0.000184  0.000975
CAD      -0.000672 -0.000620 -0.000138 -0.000057  0.000000  0.000089  0.000126  0.000918
EUR      -0.000762 -0.000709 -0.000228 -0.000146 -0.000089  0.000000  0.000037  0.000829
USD      -0.000799 -0.000747 -0.000265 -0.000184 -0.000126 -0.000037  0.000000  0.000792
GBP      -0.001590 -0.001538 -0.001057 -0.000975 -0.000918 -0.000829 -0.000792  0.000000
2026-09-03 00:05:03,576 - INFO - 4H Signals:
   pair  score_diff  signal
AUD/USD    0.000265 NEUTRAL
EUR/USD    0.000037 NEUTRAL
GBP/USD   -0.000792   SHORT
NZD/USD    0.000799    LONG
USD/CAD   -0.000126 NEUTRAL
USD/CHF   -0.000184 NEUTRAL
USD/JPY   -0.000747   SHORT
2026-09-03 00:05:03,578 - INFO - Saved signals_4h.csv with 7 rows
JOURNAL_LOCK_ACQUIRED pid=20992
Added 7 new journal rows.
Directional signals: 3
Neutral signals: 4
Recorded entry prices: 3
Missing entry prices: 0
Saved to: signals_journal.csv
JOURNAL_LOCK_RELEASED pid=20992
2026-09-03 00:05:04,154 - INFO - D1: saved price_history_1d.csv; total rows=35; minimum per pair=5
2026-09-03 00:05:04,161 - INFO - H4: saved price_history_4h.csv; total rows=154; minimum per pair=22
2026-09-03 00:05:04,169 - INFO - H1: saved price_history_1h.csv; total rows=525; minimum per pair=75
2026-09-03 00:05:04,635 - INFO - Saved reversal_signals.json
2026-09-03 00:05:05,071 - INFO - Saved dashboard_snapshot_v2.json with 7 pairs
H4 scan completed: Thu 09/03/2026  0:05:05.11

==================================================
H4 scan started: Thu 09/03/2026  4:05:02.09
2026-09-03 04:05:02,563 - INFO - Requesting interval=4h, outputsize=5
2026-09-03 04:05:03,583 - INFO - 4H AUD/USD -> bar_open=2026-09-02T21:00:00+00:00 bar_close=2026-09-03T01:00:00+00:00 age=0:05:02.563411 open=0.71699 close=0.71667 change=-0.000446
2026-09-03 04:05:03,584 - INFO - 4H EUR/USD -> bar_open=2026-09-02T21:00:00+00:00 bar_close=2026-09-03T01:00:00+00:00 age=0:05:02.563411 open=1.15882 close=1.15903 change=0.000181
2026-09-03 04:05:03,585 - INFO - 4H GBP/USD -> bar_open=2026-09-02T21:00:00+00:00 bar_close=2026-09-03T01:00:00+00:00 age=0:05:02.563411 open=1.34847 close=1.34895 change=0.000356
2026-09-03 04:05:03,585 - INFO - 4H NZD/USD -> bar_open=2026-09-02T21:00:00+00:00 bar_close=2026-09-03T01:00:00+00:00 age=0:05:02.563411 open=0.58506 close=0.58552 change=0.000786
2026-09-03 04:05:03,586 - INFO - 4H USD/CAD -> bar_open=2026-09-02T21:00:00+00:00 bar_close=2026-09-03T01:00:00+00:00 age=0:05:02.563411 open=1.38449 close=1.38388 change=-0.000441
2026-09-03 04:05:03,587 - INFO - 4H USD/CHF -> bar_open=2026-09-02T21:00:00+00:00 bar_close=2026-09-03T01:00:00+00:00 age=0:05:02.563411 open=0.81296 close=0.81267 change=-0.000357
2026-09-03 04:05:03,588 - INFO - 4H USD/JPY -> bar_open=2026-09-02T21:00:00+00:00 bar_close=2026-09-03T01:00:00+00:00 age=0:05:02.563411 open=158.72599 close=158.70664 change=-0.000122
2026-09-03 04:05:03,592 - INFO - Saved pair_changes_4h.csv with 7 rows
2026-09-03 04:05:04,003 - INFO - 4H input timestamp=2026-09-03T01:00:00+00:00 age=0:05:04.003368 rows=7
2026-09-03 04:05:04,006 - INFO - 4H Currency Strength:
currency  strength
     NZD  0.000786
     CAD  0.000441
     CHF  0.000357
     GBP  0.000356
     EUR  0.000181
     JPY  0.000122
     USD -0.000257
     AUD -0.000446
2026-09-03 04:05:04,007 - INFO - 4H Base/Quote Strength Matrix:
               NZD       CAD           CHF           GBP       EUR       JPY       USD       AUD
currency                                                                                        
NZD       0.000000  0.000346  4.295230e-04  4.302852e-04  0.000605  0.000664  0.001043  0.001233
CAD      -0.000346  0.000000  8.387434e-05  8.463648e-05  0.000259  0.000319  0.000697  0.000887
CHF      -0.000430 -0.000084  0.000000e+00  7.621422e-07  0.000176  0.000235  0.000613  0.000803
GBP      -0.000430 -0.000085 -7.621422e-07  0.000000e+00  0.000175  0.000234  0.000613  0.000802
EUR      -0.000605 -0.000259 -1.755023e-04 -1.747401e-04  0.000000  0.000059  0.000438  0.000628
JPY      -0.000664 -0.000319 -2.348129e-04 -2.340508e-04 -0.000059  0.000000  0.000379  0.000568
USD      -0.001043 -0.000697 -6.133406e-04 -6.125785e-04 -0.000438 -0.000379  0.000000  0.000190
AUD      -0.001233 -0.000887 -8.030314e-04 -8.022692e-04 -0.000628 -0.000568 -0.000190  0.000000
2026-09-03 04:05:04,009 - INFO - 4H Signals:
   pair  score_diff  signal
AUD/USD   -0.000190 NEUTRAL
EUR/USD    0.000438 NEUTRAL
GBP/USD    0.000613    LONG
NZD/USD    0.001043    LONG
USD/CAD   -0.000697   SHORT
USD/CHF   -0.000613   SHORT
USD/JPY   -0.000379 NEUTRAL
2026-09-03 04:05:04,011 - INFO - Saved signals_4h.csv with 7 rows
JOURNAL_LOCK_ACQUIRED pid=36480
Added 7 new journal rows.
Directional signals: 4
Neutral signals: 3
Recorded entry prices: 4
Missing entry prices: 0
Saved to: signals_journal.csv
JOURNAL_LOCK_RELEASED pid=36480
2026-09-03 04:05:04,525 - INFO - D1: saved price_history_1d.csv; total rows=42; minimum per pair=6
2026-09-03 04:05:04,532 - INFO - H4: saved price_history_4h.csv; total rows=161; minimum per pair=23
2026-09-03 04:05:04,540 - INFO - H1: saved price_history_1h.csv; total rows=546; minimum per pair=78
2026-09-03 04:05:04,963 - INFO - Saved reversal_signals.json
2026-09-03 04:05:05,359 - INFO - Saved dashboard_snapshot_v2.json with 7 pairs
H4 scan completed: Thu 09/03/2026  4:05:05.40

==================================================
H4 scan started: Thu 09/03/2026  8:05:02.10
2026-09-03 08:05:02,638 - INFO - Requesting interval=4h, outputsize=5
2026-09-03 08:05:03,632 - INFO - 4H AUD/USD -> bar_open=2026-09-03T01:00:00+00:00 bar_close=2026-09-03T05:00:00+00:00 age=0:05:02.638157 open=0.71665 close=0.71678 change=0.000181
2026-09-03 08:05:03,632 - INFO - 4H EUR/USD -> bar_open=2026-09-03T01:00:00+00:00 bar_close=2026-09-03T05:00:00+00:00 age=0:05:02.638157 open=1.15901 close=1.15951 change=0.000431
2026-09-03 08:05:03,633 - INFO - 4H GBP/USD -> bar_open=2026-09-03T01:00:00+00:00 bar_close=2026-09-03T05:00:00+00:00 age=0:05:02.638157 open=1.3489 close=1.34935 change=0.000334
2026-09-03 08:05:03,634 - INFO - 4H NZD/USD -> bar_open=2026-09-03T01:00:00+00:00 bar_close=2026-09-03T05:00:00+00:00 age=0:05:02.638157 open=0.5855 close=0.58638 change=0.001503
2026-09-03 08:05:03,634 - INFO - 4H USD/CAD -> bar_open=2026-09-03T01:00:00+00:00 bar_close=2026-09-03T05:00:00+00:00 age=0:05:02.638157 open=1.38384 close=1.38329 change=-0.000397
2026-09-03 08:05:03,635 - INFO - 4H USD/CHF -> bar_open=2026-09-03T01:00:00+00:00 bar_close=2026-09-03T05:00:00+00:00 age=0:05:02.638157 open=0.81266 close=0.81195 change=-0.000874
2026-09-03 08:05:03,636 - INFO - 4H USD/JPY -> bar_open=2026-09-03T01:00:00+00:00 bar_close=2026-09-03T05:00:00+00:00 age=0:05:02.638157 open=158.69562 close=157.71698 change=-0.006167
2026-09-03 08:05:03,641 - INFO - Saved pair_changes_4h.csv with 7 rows
2026-09-03 08:05:04,067 - INFO - 4H input timestamp=2026-09-03T05:00:00+00:00 age=0:05:04.067117 rows=7
2026-09-03 08:05:04,073 - INFO - 4H Currency Strength:
currency  strength
     JPY  0.006167
     NZD  0.001503
     CHF  0.000874
     EUR  0.000431
     CAD  0.000397
     GBP  0.000334
     AUD  0.000181
     USD -0.001412
2026-09-03 08:05:04,075 - INFO - 4H Base/Quote Strength Matrix:
               JPY       NZD       CHF       EUR       CAD       GBP       AUD       USD
currency                                                                                
JPY       0.000000  0.004664  0.005293  0.005735  0.005769  0.005833  0.005985  0.007579
NZD      -0.004664  0.000000  0.000629  0.001072  0.001106  0.001169  0.001322  0.002915
CHF      -0.005293 -0.000629  0.000000  0.000442  0.000476  0.000540  0.000692  0.002286
EUR      -0.005735 -0.001072 -0.000442  0.000000  0.000034  0.000098  0.000250  0.001844
CAD      -0.005769 -0.001106 -0.000476 -0.000034  0.000000  0.000064  0.000216  0.001810
GBP      -0.005833 -0.001169 -0.000540 -0.000098 -0.000064  0.000000  0.000152  0.001746
AUD      -0.005985 -0.001322 -0.000692 -0.000250 -0.000216 -0.000152  0.000000  0.001594
USD      -0.007579 -0.002915 -0.002286 -0.001844 -0.001810 -0.001746 -0.001594  0.000000
2026-09-03 08:05:04,076 - INFO - 4H Signals:
   pair  score_diff signal
AUD/USD    0.001594   LONG
EUR/USD    0.001844   LONG
GBP/USD    0.001746   LONG
NZD/USD    0.002915   LONG
USD/CAD   -0.001810  SHORT
USD/CHF   -0.002286  SHORT
USD/JPY   -0.007579  SHORT
2026-09-03 08:05:04,078 - INFO - Saved signals_4h.csv with 7 rows
JOURNAL_LOCK_ACQUIRED pid=25020
Added 7 new journal rows.
Directional signals: 7
Neutral signals: 0
Recorded entry prices: 7
Missing entry prices: 0
Saved to: signals_journal.csv
JOURNAL_LOCK_RELEASED pid=25020
2026-09-03 08:05:04,623 - INFO - D1: saved price_history_1d.csv; total rows=42; minimum per pair=6
2026-09-03 08:05:04,630 - INFO - H4: saved price_history_4h.csv; total rows=168; minimum per pair=24
2026-09-03 08:05:04,638 - INFO - H1: saved price_history_1h.csv; total rows=574; minimum per pair=82
2026-09-03 08:05:05,105 - INFO - Saved reversal_signals.json
2026-09-03 08:05:05,514 - INFO - Saved dashboard_snapshot_v2.json with 7 pairs
H4 scan completed: Thu 09/03/2026  8:05:05.56

==================================================
H4 scan started: Thu 09/03/2026 12:05:01.57
2026-09-03 12:05:02,796 - INFO - Requesting interval=4h, outputsize=5
2026-09-03 12:05:04,115 - INFO - 4H AUD/USD -> bar_open=2026-09-03T05:00:00+00:00 bar_close=2026-09-03T09:00:00+00:00 age=0:05:02.796679 open=0.71678 close=0.7183 change=0.002121
2026-09-03 12:05:04,116 - INFO - 4H EUR/USD -> bar_open=2026-09-03T05:00:00+00:00 bar_close=2026-09-03T09:00:00+00:00 age=0:05:02.796679 open=1.15951 close=1.16101 change=0.001294
2026-09-03 12:05:04,117 - INFO - 4H GBP/USD -> bar_open=2026-09-03T05:00:00+00:00 bar_close=2026-09-03T09:00:00+00:00 age=0:05:02.796679 open=1.34929 close=1.35008 change=0.000585
2026-09-03 12:05:04,117 - INFO - 4H NZD/USD -> bar_open=2026-09-03T05:00:00+00:00 bar_close=2026-09-03T09:00:00+00:00 age=0:05:02.796679 open=0.58639 close=0.58651 change=0.000205
2026-09-03 12:05:04,118 - INFO - 4H USD/CAD -> bar_open=2026-09-03T05:00:00+00:00 bar_close=2026-09-03T09:00:00+00:00 age=0:05:02.796679 open=1.38327 close=1.38044 change=-0.002046
2026-09-03 12:05:04,119 - INFO - 4H USD/CHF -> bar_open=2026-09-03T05:00:00+00:00 bar_close=2026-09-03T09:00:00+00:00 age=0:05:02.796679 open=0.81195 close=0.80886 change=-0.003806
2026-09-03 12:05:04,120 - INFO - 4H USD/JPY -> bar_open=2026-09-03T05:00:00+00:00 bar_close=2026-09-03T09:00:00+00:00 age=0:05:02.796679 open=157.73312 close=156.65334 change=-0.006846
2026-09-03 12:05:04,137 - INFO - Saved pair_changes_4h.csv with 7 rows
2026-09-03 12:05:04,671 - INFO - 4H input timestamp=2026-09-03T09:00:00+00:00 age=0:05:04.671425 rows=7
2026-09-03 12:05:04,678 - INFO - 4H Currency Strength:
currency  strength
     JPY  0.006846
     CHF  0.003806
     AUD  0.002121
     CAD  0.002046
     EUR  0.001294
     GBP  0.000585
     NZD  0.000205
     USD -0.002415
2026-09-03 12:05:04,680 - INFO - 4H Base/Quote Strength Matrix:
               JPY       CHF       AUD       CAD       EUR       GBP       NZD       USD
currency                                                                                
JPY       0.000000  0.003040  0.004725  0.004800  0.005552  0.006260  0.006641  0.009260
CHF      -0.003040  0.000000  0.001685  0.001760  0.002512  0.003220  0.003601  0.006220
AUD      -0.004725 -0.001685  0.000000  0.000075  0.000827  0.001535  0.001916  0.004535
CAD      -0.004800 -0.001760 -0.000075  0.000000  0.000752  0.001460  0.001841  0.004460
EUR      -0.005552 -0.002512 -0.000827 -0.000752  0.000000  0.000708  0.001089  0.003708
GBP      -0.006260 -0.003220 -0.001535 -0.001460 -0.000708  0.000000  0.000381  0.003000
NZD      -0.006641 -0.003601 -0.001916 -0.001841 -0.001089 -0.000381  0.000000  0.002619
USD      -0.009260 -0.006220 -0.004535 -0.004460 -0.003708 -0.003000 -0.002619  0.000000
2026-09-03 12:05:04,682 - INFO - 4H Signals:
   pair  score_diff signal
AUD/USD    0.004535   LONG
EUR/USD    0.003708   LONG
GBP/USD    0.003000   LONG
NZD/USD    0.002619   LONG
USD/CAD   -0.004460  SHORT
USD/CHF   -0.006220  SHORT
USD/JPY   -0.009260  SHORT
2026-09-03 12:05:04,684 - INFO - Saved signals_4h.csv with 7 rows
JOURNAL_LOCK_ACQUIRED pid=30652
Added 7 new journal rows.
Directional signals: 7
Neutral signals: 0
Recorded entry prices: 7
Missing entry prices: 0
Saved to: signals_journal.csv
JOURNAL_LOCK_RELEASED pid=30652
2026-09-03 12:05:05,378 - INFO - D1: saved price_history_1d.csv; total rows=42; minimum per pair=6
2026-09-03 12:05:05,387 - INFO - H4: saved price_history_4h.csv; total rows=175; minimum per pair=25
2026-09-03 12:05:05,398 - INFO - H1: saved price_history_1h.csv; total rows=588; minimum per pair=84
2026-09-03 12:05:05,951 - INFO - Saved reversal_signals.json
2026-09-03 12:05:06,585 - INFO - Saved dashboard_snapshot_v2.json with 7 pairs
H4 scan completed: Thu 09/03/2026 12:05:06.64

==================================================
H4 scan started: Thu 09/03/2026 16:05:01.85
2026-09-03 16:05:04,325 - INFO - Requesting interval=4h, outputsize=5
2026-09-03 16:05:05,827 - INFO - 4H AUD/USD -> bar_open=2026-09-03T09:00:00+00:00 bar_close=2026-09-03T13:00:00+00:00 age=0:05:04.325945 open=0.71829 close=0.72056 change=0.003160
2026-09-03 16:05:05,829 - INFO - 4H EUR/USD -> bar_open=2026-09-03T09:00:00+00:00 bar_close=2026-09-03T13:00:00+00:00 age=0:05:04.325945 open=1.16099 close=1.16249 change=0.001292
2026-09-03 16:05:05,831 - INFO - 4H GBP/USD -> bar_open=2026-09-03T09:00:00+00:00 bar_close=2026-09-03T13:00:00+00:00 age=0:05:04.325945 open=1.3501 close=1.3517 change=0.001185
2026-09-03 16:05:05,835 - INFO - 4H NZD/USD -> bar_open=2026-09-03T09:00:00+00:00 bar_close=2026-09-03T13:00:00+00:00 age=0:05:04.325945 open=0.58647 close=0.58803 change=0.002660
2026-09-03 16:05:05,837 - INFO - 4H USD/CAD -> bar_open=2026-09-03T09:00:00+00:00 bar_close=2026-09-03T13:00:00+00:00 age=0:05:04.325945 open=1.38048 close=1.37929 change=-0.000862
2026-09-03 16:05:05,839 - INFO - 4H USD/CHF -> bar_open=2026-09-03T09:00:00+00:00 bar_close=2026-09-03T13:00:00+00:00 age=0:05:04.325945 open=0.80888 close=0.80701 change=-0.002312
2026-09-03 16:05:05,841 - INFO - 4H USD/JPY -> bar_open=2026-09-03T09:00:00+00:00 bar_close=2026-09-03T13:00:00+00:00 age=0:05:04.325945 open=156.65633 close=155.54482 change=-0.007095
2026-09-03 16:05:05,986 - INFO - Saved pair_changes_4h.csv with 7 rows
2026-09-03 16:05:07,606 - INFO - 4H input timestamp=2026-09-03T13:00:00+00:00 age=0:05:07.605974 rows=7
2026-09-03 16:05:07,615 - INFO - 4H Currency Strength:
currency  strength
     JPY  0.007095
     AUD  0.003160
     NZD  0.002660
     CHF  0.002312
     EUR  0.001292
     GBP  0.001185
     CAD  0.000862
     USD -0.002652
2026-09-03 16:05:07,618 - INFO - 4H Base/Quote Strength Matrix:
               JPY       AUD       NZD       CHF       EUR       GBP       CAD       USD
currency                                                                                
JPY       0.000000  0.003935  0.004435  0.004783  0.005803  0.005910  0.006233  0.009748
AUD      -0.003935  0.000000  0.000500  0.000848  0.001868  0.001975  0.002298  0.005813
NZD      -0.004435 -0.000500  0.000000  0.000348  0.001368  0.001475  0.001798  0.005312
CHF      -0.004783 -0.000848 -0.000348  0.000000  0.001020  0.001127  0.001450  0.004964
EUR      -0.005803 -0.001868 -0.001368 -0.001020  0.000000  0.000107  0.000430  0.003944
GBP      -0.005910 -0.001975 -0.001475 -0.001127 -0.000107  0.000000  0.000323  0.003837
CAD      -0.006233 -0.002298 -0.001798 -0.001450 -0.000430 -0.000323  0.000000  0.003514
USD      -0.009748 -0.005813 -0.005312 -0.004964 -0.003944 -0.003837 -0.003514  0.000000
2026-09-03 16:05:07,620 - INFO - 4H Signals:
   pair  score_diff signal
AUD/USD    0.005813   LONG
EUR/USD    0.003944   LONG
GBP/USD    0.003837   LONG
NZD/USD    0.005312   LONG
USD/CAD   -0.003514  SHORT
USD/CHF   -0.004964  SHORT
USD/JPY   -0.009748  SHORT
2026-09-03 16:05:07,622 - INFO - Saved signals_4h.csv with 7 rows
JOURNAL_LOCK_ACQUIRED pid=29160
Added 7 new journal rows.
Directional signals: 7
Neutral signals: 0
Recorded entry prices: 7
Missing entry prices: 0
Saved to: signals_journal.csv
JOURNAL_LOCK_RELEASED pid=29160
2026-09-03 16:05:08,335 - INFO - D1: saved price_history_1d.csv; total rows=49; minimum per pair=7
2026-09-03 16:05:08,343 - INFO - H4: saved price_history_4h.csv; total rows=182; minimum per pair=26
2026-09-03 16:05:08,353 - INFO - H1: saved price_history_1h.csv; total rows=602; minimum per pair=86
2026-09-03 16:05:09,147 - INFO - Saved reversal_signals.json
2026-09-03 16:05:09,746 - INFO - Saved dashboard_snapshot_v2.json with 7 pairs
H4 scan completed: Thu 09/03/2026 16:05:09.80

==================================================
H4 scan started: Thu 09/03/2026 20:05:01.93
2026-09-03 20:05:03,269 - INFO - Requesting interval=4h, outputsize=5
2026-09-03 20:05:03,958 - INFO - 4H AUD/USD -> bar_open=2026-09-03T13:00:00+00:00 bar_close=2026-09-03T17:00:00+00:00 age=0:05:03.269083 open=0.72052 close=0.72067 change=0.000208
2026-09-03 20:05:03,959 - INFO - 4H EUR/USD -> bar_open=2026-09-03T13:00:00+00:00 bar_close=2026-09-03T17:00:00+00:00 age=0:05:03.269083 open=1.16259 close=1.16387 change=0.001101
2026-09-03 20:05:03,960 - INFO - 4H GBP/USD -> bar_open=2026-09-03T13:00:00+00:00 bar_close=2026-09-03T17:00:00+00:00 age=0:05:03.269083 open=1.35181 close=1.35463 change=0.002086
2026-09-03 20:05:03,960 - INFO - 4H NZD/USD -> bar_open=2026-09-03T13:00:00+00:00 bar_close=2026-09-03T17:00:00+00:00 age=0:05:03.269083 open=0.5881 close=0.58904 change=0.001598
2026-09-03 20:05:03,961 - INFO - 4H USD/CAD -> bar_open=2026-09-03T13:00:00+00:00 bar_close=2026-09-03T17:00:00+00:00 age=0:05:03.269083 open=1.37934 close=1.37671 change=-0.001907
2026-09-03 20:05:03,962 - INFO - 4H USD/CHF -> bar_open=2026-09-03T13:00:00+00:00 bar_close=2026-09-03T17:00:00+00:00 age=0:05:03.269083 open=0.80705 close=0.80569 change=-0.001685
2026-09-03 20:05:03,962 - INFO - 4H USD/JPY -> bar_open=2026-09-03T13:00:00+00:00 bar_close=2026-09-03T17:00:00+00:00 age=0:05:03.269083 open=155.54002 close=155.3423 change=-0.001271
2026-09-03 20:05:03,980 - INFO - Saved pair_changes_4h.csv with 7 rows
2026-09-03 20:05:04,458 - INFO - 4H input timestamp=2026-09-03T17:00:00+00:00 age=0:05:04.458613 rows=7
2026-09-03 20:05:04,475 - INFO - 4H Currency Strength:
currency  strength
     GBP  0.002086
     CAD  0.001907
     CHF  0.001685
     NZD  0.001598
     JPY  0.001271
     EUR  0.001101
     AUD  0.000208
     USD -0.001408
2026-09-03 20:05:04,477 - INFO - 4H Base/Quote Strength Matrix:
               GBP       CAD       CHF       NZD       JPY       EUR       AUD       USD
currency                                                                                
GBP       0.000000  0.000179  0.000401  0.000488  0.000815  0.000985  0.001878  0.003494
CAD      -0.000179  0.000000  0.000222  0.000308  0.000636  0.000806  0.001699  0.003315
CHF      -0.000401 -0.000222  0.000000  0.000087  0.000414  0.000584  0.001477  0.003093
NZD      -0.000488 -0.000308 -0.000087  0.000000  0.000327  0.000497  0.001390  0.003006
JPY      -0.000815 -0.000636 -0.000414 -0.000327  0.000000  0.000170  0.001063  0.002679
EUR      -0.000985 -0.000806 -0.000584 -0.000497 -0.000170  0.000000  0.000893  0.002509
AUD      -0.001878 -0.001699 -0.001477 -0.001390 -0.001063 -0.000893  0.000000  0.001616
USD      -0.003494 -0.003315 -0.003093 -0.003006 -0.002679 -0.002509 -0.001616  0.000000
2026-09-03 20:05:04,479 - INFO - 4H Signals:
   pair  score_diff signal
AUD/USD    0.001616   LONG
EUR/USD    0.002509   LONG
GBP/USD    0.003494   LONG
NZD/USD    0.003006   LONG
USD/CAD   -0.003315  SHORT
USD/CHF   -0.003093  SHORT
USD/JPY   -0.002679  SHORT
2026-09-03 20:05:04,481 - INFO - Saved signals_4h.csv with 7 rows
JOURNAL_LOCK_ACQUIRED pid=20420
Added 7 new journal rows.
Directional signals: 7
Neutral signals: 0
Recorded entry prices: 7
Missing entry prices: 0
Saved to: signals_journal.csv
JOURNAL_LOCK_RELEASED pid=20420
2026-09-03 20:05:05,084 - INFO - D1: saved price_history_1d.csv; total rows=49; minimum per pair=7
2026-09-03 20:05:05,091 - INFO - H4: saved price_history_4h.csv; total rows=189; minimum per pair=27
2026-09-03 20:05:05,101 - INFO - H1: saved price_history_1h.csv; total rows=609; minimum per pair=87
2026-09-03 20:05:05,586 - INFO - Saved reversal_signals.json
2026-09-03 20:05:06,048 - INFO - Saved dashboard_snapshot_v2.json with 7 pairs
H4 scan completed: Thu 09/03/2026 20:05:06.10

==================================================
H4 scan started: Fri 09/04/2026  0:05:01.61
2026-09-04 00:05:04,049 - INFO - Requesting interval=4h, outputsize=5
2026-09-04 00:05:04,692 - INFO - 4H AUD/USD -> bar_open=2026-09-03T17:00:00+00:00 bar_close=2026-09-03T21:00:00+00:00 age=0:05:04.049956 open=0.72066 close=0.72007 change=-0.000819
2026-09-04 00:05:04,693 - INFO - 4H EUR/USD -> bar_open=2026-09-03T17:00:00+00:00 bar_close=2026-09-03T21:00:00+00:00 age=0:05:04.049956 open=1.16394 close=1.16258 change=-0.001168
2026-09-04 00:05:04,693 - INFO - 4H GBP/USD -> bar_open=2026-09-03T17:00:00+00:00 bar_close=2026-09-03T21:00:00+00:00 age=0:05:04.049956 open=1.35465 close=1.35243 change=-0.001639
2026-09-04 00:05:04,694 - INFO - 4H NZD/USD -> bar_open=2026-09-03T17:00:00+00:00 bar_close=2026-09-03T21:00:00+00:00 age=0:05:04.049956 open=0.58906 close=0.58818 change=-0.001494
2026-09-04 00:05:04,695 - INFO - 4H USD/CAD -> bar_open=2026-09-03T17:00:00+00:00 bar_close=2026-09-03T21:00:00+00:00 age=0:05:04.049956 open=1.37682 close=1.37934 change=0.001830
2026-09-04 00:05:04,696 - INFO - 4H USD/CHF -> bar_open=2026-09-03T17:00:00+00:00 bar_close=2026-09-03T21:00:00+00:00 age=0:05:04.049956 open=0.80564 close=0.80763 change=0.002470
2026-09-04 00:05:04,697 - INFO - 4H USD/JPY -> bar_open=2026-09-03T17:00:00+00:00 bar_close=2026-09-03T21:00:00+00:00 age=0:05:04.049956 open=155.32692 close=155.8121 change=0.003124
2026-09-04 00:05:04,715 - INFO - Saved pair_changes_4h.csv with 7 rows
2026-09-04 00:05:05,245 - INFO - 4H input timestamp=2026-09-03T21:00:00+00:00 age=0:05:05.244949 rows=7
2026-09-04 00:05:05,252 - INFO - 4H Currency Strength:
currency  strength
     USD  0.001792
     AUD -0.000819
     EUR -0.001168
     NZD -0.001494
     GBP -0.001639
     CAD -0.001830
     CHF -0.002470
     JPY -0.003124
2026-09-04 00:05:05,254 - INFO - 4H Base/Quote Strength Matrix:
               USD       AUD       EUR       NZD       GBP       CAD       CHF       JPY
currency                                                                                
USD       0.000000  0.002611  0.002960  0.003286  0.003431  0.003622  0.004262  0.004916
AUD      -0.002611  0.000000  0.000350  0.000675  0.000820  0.001012  0.001651  0.002305
EUR      -0.002960 -0.000350  0.000000  0.000325  0.000470  0.000662  0.001302  0.001955
NZD      -0.003286 -0.000675 -0.000325  0.000000  0.000145  0.000336  0.000976  0.001630
GBP      -0.003431 -0.000820 -0.000470 -0.000145  0.000000  0.000192  0.000831  0.001485
CAD      -0.003622 -0.001012 -0.000662 -0.000336 -0.000192  0.000000  0.000640  0.001293
CHF      -0.004262 -0.001651 -0.001302 -0.000976 -0.000831 -0.000640  0.000000  0.000654
JPY      -0.004916 -0.002305 -0.001955 -0.001630 -0.001485 -0.001293 -0.000654  0.000000
2026-09-04 00:05:05,256 - INFO - 4H Signals:
   pair  score_diff signal
AUD/USD   -0.002611  SHORT
EUR/USD   -0.002960  SHORT
GBP/USD   -0.003431  SHORT
NZD/USD   -0.003286  SHORT
USD/CAD    0.003622   LONG
USD/CHF    0.004262   LONG
USD/JPY    0.004916   LONG
2026-09-04 00:05:05,258 - INFO - Saved signals_4h.csv with 7 rows
JOURNAL_LOCK_ACQUIRED pid=6088
Added 7 new journal rows.
Directional signals: 7
Neutral signals: 0
Recorded entry prices: 7
Missing entry prices: 0
Saved to: signals_journal.csv
JOURNAL_LOCK_RELEASED pid=6088
2026-09-04 00:05:05,974 - INFO - D1: saved price_history_1d.csv; total rows=49; minimum per pair=7
2026-09-04 00:05:05,982 - INFO - H4: saved price_history_4h.csv; total rows=196; minimum per pair=28
2026-09-04 00:05:05,995 - INFO - H1: saved price_history_1h.csv; total rows=630; minimum per pair=90
2026-09-04 00:05:06,556 - INFO - Saved reversal_signals.json
2026-09-04 00:05:07,111 - INFO - Saved dashboard_snapshot_v2.json with 7 pairs
H4 scan completed: Fri 09/04/2026  0:05:07.16

==================================================
H4 scan started: Fri 09/04/2026  8:05:01.52
2026-09-04 08:05:03,499 - INFO - Requesting interval=4h, outputsize=5
2026-09-04 08:05:04,457 - INFO - 4H AUD/USD -> bar_open=2026-09-04T01:00:00+00:00 bar_close=2026-09-04T05:00:00+00:00 age=0:05:03.498985 open=0.72069 close=0.72098 change=0.000402
2026-09-04 08:05:04,458 - INFO - 4H EUR/USD -> bar_open=2026-09-04T01:00:00+00:00 bar_close=2026-09-04T05:00:00+00:00 age=0:05:03.498985 open=1.16307 close=1.16264 change=-0.000370
2026-09-04 08:05:04,459 - INFO - 4H GBP/USD -> bar_open=2026-09-04T01:00:00+00:00 bar_close=2026-09-04T05:00:00+00:00 age=0:05:03.498985 open=1.35334 close=1.35322 change=-0.000089
2026-09-04 08:05:04,460 - INFO - 4H NZD/USD -> bar_open=2026-09-04T01:00:00+00:00 bar_close=2026-09-04T05:00:00+00:00 age=0:05:03.498985 open=0.58935 close=0.58958 change=0.000390
2026-09-04 08:05:04,461 - INFO - 4H USD/CAD -> bar_open=2026-09-04T01:00:00+00:00 bar_close=2026-09-04T05:00:00+00:00 age=0:05:03.498985 open=1.37878 close=1.37917 change=0.000283
2026-09-04 08:05:04,462 - INFO - 4H USD/CHF -> bar_open=2026-09-04T01:00:00+00:00 bar_close=2026-09-04T05:00:00+00:00 age=0:05:03.498985 open=0.80757 close=0.80799 change=0.000520
2026-09-04 08:05:04,463 - INFO - 4H USD/JPY -> bar_open=2026-09-04T01:00:00+00:00 bar_close=2026-09-04T05:00:00+00:00 age=0:05:03.498985 open=155.6453 close=156.35477 change=0.004558
2026-09-04 08:05:04,489 - INFO - Saved pair_changes_4h.csv with 7 rows
2026-09-04 08:05:05,430 - INFO - 4H input timestamp=2026-09-04T05:00:00+00:00 age=0:05:05.430593 rows=7
2026-09-04 08:05:05,442 - INFO - 4H Currency Strength:
currency  strength
     USD  0.000718
     AUD  0.000402
     NZD  0.000390
     GBP -0.000089
     CAD -0.000283
     EUR -0.000370
     CHF -0.000520
     JPY -0.004558
2026-09-04 08:05:05,445 - INFO - 4H Base/Quote Strength Matrix:
               USD       AUD       NZD       GBP       CAD       EUR       CHF       JPY
currency                                                                                
USD       0.000000  0.000316  0.000328  0.000807  0.001001  0.001088  0.001238  0.005276
AUD      -0.000316  0.000000  0.000012  0.000491  0.000685  0.000772  0.000922  0.004961
NZD      -0.000328 -0.000012  0.000000  0.000479  0.000673  0.000760  0.000910  0.004949
GBP      -0.000807 -0.000491 -0.000479  0.000000  0.000194  0.000281  0.000431  0.004470
CAD      -0.001001 -0.000685 -0.000673 -0.000194  0.000000  0.000087  0.000237  0.004275
EUR      -0.001088 -0.000772 -0.000760 -0.000281 -0.000087  0.000000  0.000150  0.004189
CHF      -0.001238 -0.000922 -0.000910 -0.000431 -0.000237 -0.000150  0.000000  0.004038
JPY      -0.005276 -0.004961 -0.004949 -0.004470 -0.004275 -0.004189 -0.004038  0.000000
2026-09-04 08:05:05,448 - INFO - 4H Signals:
   pair  score_diff  signal
AUD/USD   -0.000316 NEUTRAL
EUR/USD   -0.001088   SHORT
GBP/USD   -0.000807   SHORT
NZD/USD   -0.000328 NEUTRAL
USD/CAD    0.001001    LONG
USD/CHF    0.001238    LONG
USD/JPY    0.005276    LONG
2026-09-04 08:05:05,451 - INFO - Saved signals_4h.csv with 7 rows
JOURNAL_LOCK_ACQUIRED pid=30760
Added 7 new journal rows.
Directional signals: 5
Neutral signals: 2
Recorded entry prices: 5
Missing entry prices: 0
Saved to: signals_journal.csv
JOURNAL_LOCK_RELEASED pid=30760
2026-09-04 08:05:06,267 - INFO - D1: saved price_history_1d.csv; total rows=49; minimum per pair=7
2026-09-04 08:05:06,277 - INFO - H4: saved price_history_4h.csv; total rows=203; minimum per pair=29
2026-09-04 08:05:06,291 - INFO - H1: saved price_history_1h.csv; total rows=637; minimum per pair=91
2026-09-04 08:05:06,952 - INFO - Saved reversal_signals.json
2026-09-04 08:05:07,912 - INFO - Saved dashboard_snapshot_v2.json with 7 pairs
H4 scan completed: Fri 09/04/2026  8:05:08.02

==================================================
H4 scan started: Fri 09/04/2026 12:05:01.48
2026-09-04 12:05:02,867 - INFO - Requesting interval=4h, outputsize=5
2026-09-04 12:05:04,126 - INFO - 4H AUD/USD -> bar_open=2026-09-04T05:00:00+00:00 bar_close=2026-09-04T09:00:00+00:00 age=0:05:02.867881 open=0.72098 close=0.72015 change=-0.001151
2026-09-04 12:05:04,127 - INFO - 4H EUR/USD -> bar_open=2026-09-04T05:00:00+00:00 bar_close=2026-09-04T09:00:00+00:00 age=0:05:02.867881 open=1.16268 close=1.16255 change=-0.000112
2026-09-04 12:05:04,128 - INFO - 4H GBP/USD -> bar_open=2026-09-04T05:00:00+00:00 bar_close=2026-09-04T09:00:00+00:00 age=0:05:02.867881 open=1.35319 close=1.35331 change=0.000089
2026-09-04 12:05:04,129 - INFO - 4H NZD/USD -> bar_open=2026-09-04T05:00:00+00:00 bar_close=2026-09-04T09:00:00+00:00 age=0:05:02.867881 open=0.58958 close=0.58827 change=-0.002222
2026-09-04 12:05:04,129 - INFO - 4H USD/CAD -> bar_open=2026-09-04T05:00:00+00:00 bar_close=2026-09-04T09:00:00+00:00 age=0:05:02.867881 open=1.37914 close=1.38012 change=0.000711
2026-09-04 12:05:04,130 - INFO - 4H USD/CHF -> bar_open=2026-09-04T05:00:00+00:00 bar_close=2026-09-04T09:00:00+00:00 age=0:05:02.867881 open=0.80796 close=0.80878 change=0.001015
2026-09-04 12:05:04,131 - INFO - 4H USD/JPY -> bar_open=2026-09-04T05:00:00+00:00 bar_close=2026-09-04T09:00:00+00:00 age=0:05:02.867881 open=156.35149 close=156.41796 change=0.000425
2026-09-04 12:05:04,158 - INFO - Saved pair_changes_4h.csv with 7 rows
2026-09-04 12:05:04,921 - INFO - 4H input timestamp=2026-09-04T09:00:00+00:00 age=0:05:04.919838 rows=7
2026-09-04 12:05:04,931 - INFO - 4H Currency Strength:
currency  strength
     USD  0.000792
     GBP  0.000089
     EUR -0.000112
     JPY -0.000425
     CAD -0.000711
     CHF -0.001015
     AUD -0.001151
     NZD -0.002222
2026-09-04 12:05:04,934 - INFO - 4H Base/Quote Strength Matrix:
               USD       GBP       EUR       JPY       CAD       CHF       AUD       NZD
currency                                                                                
USD       0.000000  0.000704  0.000904  0.001218  0.001503  0.001807  0.001944  0.003014
GBP      -0.000704  0.000000  0.000200  0.000514  0.000799  0.001104  0.001240  0.002311
EUR      -0.000904 -0.000200  0.000000  0.000313  0.000599  0.000903  0.001039  0.002110
JPY      -0.001218 -0.000514 -0.000313  0.000000  0.000285  0.000590  0.000726  0.001797
CAD      -0.001503 -0.000799 -0.000599 -0.000285  0.000000  0.000304  0.000441  0.001511
CHF      -0.001807 -0.001104 -0.000903 -0.000590 -0.000304  0.000000  0.000136  0.001207
AUD      -0.001944 -0.001240 -0.001039 -0.000726 -0.000441 -0.000136  0.000000  0.001071
NZD      -0.003014 -0.002311 -0.002110 -0.001797 -0.001511 -0.001207 -0.001071  0.000000
2026-09-04 12:05:04,936 - INFO - 4H Signals:
   pair  score_diff signal
AUD/USD   -0.001944  SHORT
EUR/USD   -0.000904  SHORT
GBP/USD   -0.000704  SHORT
NZD/USD   -0.003014  SHORT
USD/CAD    0.001503   LONG
USD/CHF    0.001807   LONG
USD/JPY    0.001218   LONG
2026-09-04 12:05:04,939 - INFO - Saved signals_4h.csv with 7 rows
JOURNAL_LOCK_ACQUIRED pid=5796
Added 7 new journal rows.
Directional signals: 7
Neutral signals: 0
Recorded entry prices: 7
Missing entry prices: 0
Saved to: signals_journal.csv
JOURNAL_LOCK_RELEASED pid=5796
2026-09-04 12:05:05,651 - INFO - D1: saved price_history_1d.csv; total rows=49; minimum per pair=7
2026-09-04 12:05:05,658 - INFO - H4: saved price_history_4h.csv; total rows=210; minimum per pair=30
2026-09-04 12:05:05,667 - INFO - H1: saved price_history_1h.csv; total rows=658; minimum per pair=94
2026-09-04 12:05:06,447 - INFO - Saved reversal_signals.json
2026-09-04 12:05:07,044 - INFO - Saved dashboard_snapshot_v2.json with 7 pairs
H4 scan completed: Fri 09/04/2026 12:05:07.09

==================================================
H4 scan started: Fri 09/04/2026 16:05:01.84
2026-09-04 16:05:03,742 - INFO - Requesting interval=4h, outputsize=5
2026-09-04 16:05:04,472 - INFO - 4H AUD/USD -> bar_open=2026-09-04T09:00:00+00:00 bar_close=2026-09-04T13:00:00+00:00 age=0:05:03.742474 open=0.72017 close=0.71922 change=-0.001319
2026-09-04 16:05:04,474 - INFO - 4H EUR/USD -> bar_open=2026-09-04T09:00:00+00:00 bar_close=2026-09-04T13:00:00+00:00 age=0:05:03.742474 open=1.16252 close=1.16011 change=-0.002073
2026-09-04 16:05:04,475 - INFO - 4H GBP/USD -> bar_open=2026-09-04T09:00:00+00:00 bar_close=2026-09-04T13:00:00+00:00 age=0:05:03.742474 open=1.35336 close=1.35025 change=-0.002298
2026-09-04 16:05:04,476 - INFO - 4H NZD/USD -> bar_open=2026-09-04T09:00:00+00:00 bar_close=2026-09-04T13:00:00+00:00 age=0:05:03.742474 open=0.58829 close=0.587 change=-0.002193
2026-09-04 16:05:04,477 - INFO - 4H USD/CAD -> bar_open=2026-09-04T09:00:00+00:00 bar_close=2026-09-04T13:00:00+00:00 age=0:05:03.742474 open=1.38017 close=1.38711 change=0.005028
2026-09-04 16:05:04,478 - INFO - 4H USD/CHF -> bar_open=2026-09-04T09:00:00+00:00 bar_close=2026-09-04T13:00:00+00:00 age=0:05:03.742474 open=0.80872 close=0.81126 change=0.003141
2026-09-04 16:05:04,479 - INFO - 4H USD/JPY -> bar_open=2026-09-04T09:00:00+00:00 bar_close=2026-09-04T13:00:00+00:00 age=0:05:03.742474 open=156.4053 close=155.73715 change=-0.004272
2026-09-04 16:05:04,510 - INFO - Saved pair_changes_4h.csv with 7 rows
2026-09-04 16:05:05,469 - INFO - 4H input timestamp=2026-09-04T13:00:00+00:00 age=0:05:05.468403 rows=7
2026-09-04 16:05:05,481 - INFO - 4H Currency Strength:
currency  strength
     JPY  0.004272
     USD  0.001683
     AUD -0.001319
     EUR -0.002073
     NZD -0.002193
     GBP -0.002298
     CHF -0.003141
     CAD -0.005028
2026-09-04 16:05:05,485 - INFO - 4H Base/Quote Strength Matrix:
               JPY       USD       AUD       EUR       NZD       GBP       CHF       CAD
currency                                                                                
JPY       0.000000  0.002589  0.005591  0.006345  0.006465  0.006570  0.007413  0.009300
USD      -0.002589  0.000000  0.003002  0.003756  0.003876  0.003981  0.004824  0.006711
AUD      -0.005591 -0.003002  0.000000  0.000754  0.000874  0.000979  0.001822  0.003709
EUR      -0.006345 -0.003756 -0.000754  0.000000  0.000120  0.000225  0.001068  0.002955
NZD      -0.006465 -0.003876 -0.000874 -0.000120  0.000000  0.000105  0.000948  0.002836
GBP      -0.006570 -0.003981 -0.000979 -0.000225 -0.000105  0.000000  0.000843  0.002730
CHF      -0.007413 -0.004824 -0.001822 -0.001068 -0.000948 -0.000843  0.000000  0.001888
CAD      -0.009300 -0.006711 -0.003709 -0.002955 -0.002836 -0.002730 -0.001888  0.000000
2026-09-04 16:05:05,488 - INFO - 4H Signals:
   pair  score_diff signal
AUD/USD   -0.003002  SHORT
EUR/USD   -0.003756  SHORT
GBP/USD   -0.003981  SHORT
NZD/USD   -0.003876  SHORT
USD/CAD    0.006711   LONG
USD/CHF    0.004824   LONG
USD/JPY   -0.002589  SHORT
2026-09-04 16:05:05,492 - INFO - Saved signals_4h.csv with 7 rows
JOURNAL_LOCK_ACQUIRED pid=21376
Added 7 new journal rows.
Directional signals: 7
Neutral signals: 0
Recorded entry prices: 7
Missing entry prices: 0
Saved to: signals_journal.csv
JOURNAL_LOCK_RELEASED pid=21376
2026-09-04 16:05:06,534 - INFO - D1: saved price_history_1d.csv; total rows=49; minimum per pair=7
2026-09-04 16:05:06,545 - INFO - H4: saved price_history_4h.csv; total rows=217; minimum per pair=31
2026-09-04 16:05:06,559 - INFO - H1: saved price_history_1h.csv; total rows=672; minimum per pair=96
2026-09-04 16:05:07,664 - INFO - Saved reversal_signals.json
2026-09-04 16:05:08,706 - INFO - Saved dashboard_snapshot_v2.json with 7 pairs
H4 scan completed: Fri 09/04/2026 16:05:08.80

==================================================
H4 scan started: Fri 09/04/2026 20:05:01.29
2026-09-04 20:05:01,833 - INFO - Requesting interval=4h, outputsize=5
2026-09-04 20:05:05,712 - INFO - 4H AUD/USD -> bar_open=2026-09-04T13:00:00+00:00 bar_close=2026-09-04T17:00:00+00:00 age=0:05:01.833643 open=0.71917 close=0.72102 change=0.002572
2026-09-04 20:05:05,713 - INFO - 4H EUR/USD -> bar_open=2026-09-04T13:00:00+00:00 bar_close=2026-09-04T17:00:00+00:00 age=0:05:01.833643 open=1.16002 close=1.16206 change=0.001759
2026-09-04 20:05:05,714 - INFO - 4H GBP/USD -> bar_open=2026-09-04T13:00:00+00:00 bar_close=2026-09-04T17:00:00+00:00 age=0:05:01.833643 open=1.35014 close=1.35195 change=0.001341
2026-09-04 20:05:05,714 - INFO - 4H NZD/USD -> bar_open=2026-09-04T13:00:00+00:00 bar_close=2026-09-04T17:00:00+00:00 age=0:05:01.833643 open=0.5869 close=0.58896 change=0.003510
2026-09-04 20:05:05,715 - INFO - 4H USD/CAD -> bar_open=2026-09-04T13:00:00+00:00 bar_close=2026-09-04T17:00:00+00:00 age=0:05:01.833643 open=1.38705 close=1.38369 change=-0.002422
2026-09-04 20:05:05,716 - INFO - 4H USD/CHF -> bar_open=2026-09-04T13:00:00+00:00 bar_close=2026-09-04T17:00:00+00:00 age=0:05:01.833643 open=0.81132 close=0.8093 change=-0.002490
2026-09-04 20:05:05,716 - INFO - 4H USD/JPY -> bar_open=2026-09-04T13:00:00+00:00 bar_close=2026-09-04T17:00:00+00:00 age=0:05:01.833643 open=155.80037 close=156.08895 change=0.001852
2026-09-04 20:05:05,722 - INFO - Saved pair_changes_4h.csv with 7 rows
2026-09-04 20:05:06,199 - INFO - 4H input timestamp=2026-09-04T17:00:00+00:00 age=0:05:06.199769 rows=7
2026-09-04 20:05:06,203 - INFO - 4H Currency Strength:
currency  strength
     NZD  0.003510
     AUD  0.002572
     CHF  0.002490
     CAD  0.002422
     EUR  0.001759
     GBP  0.001341
     USD -0.001749
     JPY -0.001852
2026-09-04 20:05:06,205 - INFO - 4H Base/Quote Strength Matrix:
               NZD       AUD       CHF       CAD       EUR       GBP       USD       JPY
currency                                                                                
NZD       0.000000  0.000938  0.001020  0.001088  0.001751  0.002169  0.005259  0.005362
AUD      -0.000938  0.000000  0.000083  0.000150  0.000814  0.001232  0.004321  0.004425
CHF      -0.001020 -0.000083  0.000000  0.000067  0.000731  0.001149  0.004239  0.004342
CAD      -0.001088 -0.000150 -0.000067  0.000000  0.000664  0.001082  0.004171  0.004275
EUR      -0.001751 -0.000814 -0.000731 -0.000664  0.000000  0.000418  0.003507  0.003611
GBP      -0.002169 -0.001232 -0.001149 -0.001082 -0.000418  0.000000  0.003089  0.003193
USD      -0.005259 -0.004321 -0.004239 -0.004171 -0.003507 -0.003089  0.000000  0.000103
JPY      -0.005362 -0.004425 -0.004342 -0.004275 -0.003611 -0.003193 -0.000103  0.000000
2026-09-04 20:05:06,207 - INFO - 4H Signals:
   pair  score_diff  signal
AUD/USD    0.004321    LONG
EUR/USD    0.003507    LONG
GBP/USD    0.003089    LONG
NZD/USD    0.005259    LONG
USD/CAD   -0.004171   SHORT
USD/CHF   -0.004239   SHORT
USD/JPY    0.000103 NEUTRAL
2026-09-04 20:05:06,209 - INFO - Saved signals_4h.csv with 7 rows
JOURNAL_LOCK_ACQUIRED pid=29400
Added 7 new journal rows.
Directional signals: 6
Neutral signals: 1
Recorded entry prices: 6
Missing entry prices: 0
Saved to: signals_journal.csv
JOURNAL_LOCK_RELEASED pid=29400
2026-09-04 20:05:06,815 - INFO - D1: saved price_history_1d.csv; total rows=49; minimum per pair=7
2026-09-04 20:05:06,824 - INFO - H4: saved price_history_4h.csv; total rows=224; minimum per pair=32
2026-09-04 20:05:06,835 - INFO - H1: saved price_history_1h.csv; total rows=679; minimum per pair=97
2026-09-04 20:05:07,357 - INFO - Saved reversal_signals.json
2026-09-04 20:05:07,813 - INFO - Saved dashboard_snapshot_v2.json with 7 pairs
H4 scan completed: Fri 09/04/2026 20:05:07.86

==================================================
H4 scan started: Sat 09/05/2026  9:40:50.61
2026-09-05 09:41:08,335 - INFO - Requesting interval=4h, outputsize=5
2026-09-05 09:41:09,301 - INFO - 4H AUD/USD -> bar_open=2026-09-05T01:00:00+00:00 bar_close=2026-09-05T05:00:00+00:00 age=1:41:08.335050 open=0.72041 close=0.72042 change=0.000014
2026-09-05 09:41:09,303 - INFO - 4H EUR/USD -> bar_open=2026-09-05T01:00:00+00:00 bar_close=2026-09-05T05:00:00+00:00 age=1:41:08.335050 open=1.16138 close=1.1614 change=0.000017
2026-09-05 09:41:09,305 - INFO - 4H GBP/USD -> bar_open=2026-09-05T01:00:00+00:00 bar_close=2026-09-05T05:00:00+00:00 age=1:41:08.335050 open=1.35176 close=1.35173 change=-0.000022
2026-09-05 09:41:09,307 - INFO - 4H NZD/USD -> bar_open=2026-09-05T01:00:00+00:00 bar_close=2026-09-05T05:00:00+00:00 age=1:41:08.335050 open=0.58803 close=0.58804 change=0.000017
2026-09-05 09:41:09,308 - INFO - 4H USD/CAD -> bar_open=2026-09-05T01:00:00+00:00 bar_close=2026-09-05T05:00:00+00:00 age=1:41:08.335050 open=1.38359 close=1.38361 change=0.000014
2026-09-05 09:41:09,310 - INFO - 4H USD/CHF -> bar_open=2026-09-05T01:00:00+00:00 bar_close=2026-09-05T05:00:00+00:00 age=1:41:08.335050 open=0.80967 close=0.80969 change=0.000025
2026-09-05 09:41:09,312 - INFO - 4H USD/JPY -> bar_open=2026-09-05T01:00:00+00:00 bar_close=2026-09-05T05:00:00+00:00 age=1:41:08.335050 open=156.23407 close=156.23283 change=-0.000008
2026-09-05 09:41:09,733 - INFO - Saved pair_changes_4h.csv with 7 rows
2026-09-05 09:41:11,778 - INFO - 4H input timestamp=2026-09-05T05:00:00+00:00 age=1:41:11.777134 rows=7
2026-09-05 09:41:11,787 - INFO - 4H Currency Strength:
currency      strength
     EUR  1.722089e-05
     NZD  1.700594e-05
     AUD  1.388098e-05
     JPY  7.936809e-06
     USD  7.578912e-07
     CAD -1.445515e-05
     GBP -2.219329e-05
     CHF -2.470142e-05
2026-09-05 09:41:11,789 - INFO - 4H Base/Quote Strength Matrix:
                   EUR           NZD       AUD       JPY       USD       CAD       GBP       CHF
currency                                                                                        
EUR       0.000000e+00  2.149573e-07  0.000003  0.000009  0.000016  0.000032  0.000039  0.000042
NZD      -2.149573e-07  0.000000e+00  0.000003  0.000009  0.000016  0.000031  0.000039  0.000042
AUD      -3.339908e-06 -3.124951e-06  0.000000  0.000006  0.000013  0.000028  0.000036  0.000039
JPY      -9.284083e-06 -9.069126e-06 -0.000006  0.000000  0.000007  0.000022  0.000030  0.000033
USD      -1.646300e-05 -1.624804e-05 -0.000013 -0.000007  0.000000  0.000015  0.000023  0.000025
CAD      -3.167604e-05 -3.146108e-05 -0.000028 -0.000022 -0.000015  0.000000  0.000008  0.000010
GBP      -3.941418e-05 -3.919922e-05 -0.000036 -0.000030 -0.000023 -0.000008  0.000000  0.000003
CHF      -4.192231e-05 -4.170736e-05 -0.000039 -0.000033 -0.000025 -0.000010 -0.000003  0.000000
2026-09-05 09:41:11,791 - INFO - 4H Signals:
   pair  score_diff  signal
AUD/USD    0.000013 NEUTRAL
EUR/USD    0.000016 NEUTRAL
GBP/USD   -0.000023 NEUTRAL
NZD/USD    0.000016 NEUTRAL
USD/CAD    0.000015 NEUTRAL
USD/CHF    0.000025 NEUTRAL
USD/JPY   -0.000007 NEUTRAL
2026-09-05 09:41:11,793 - INFO - Saved signals_4h.csv with 7 rows
JOURNAL_LOCK_ACQUIRED pid=14476
Added 7 new journal rows.
Directional signals: 0
Neutral signals: 7
Recorded entry prices: 0
Missing entry prices: 0
Saved to: signals_journal.csv
JOURNAL_LOCK_RELEASED pid=14476
2026-09-05 09:41:13,042 - INFO - D1: saved price_history_1d.csv; total rows=56; minimum per pair=8
2026-09-05 09:41:13,050 - INFO - H4: saved price_history_4h.csv; total rows=231; minimum per pair=33
2026-09-05 09:41:13,059 - INFO - H1: saved price_history_1h.csv; total rows=728; minimum per pair=104
2026-09-05 09:41:14,298 - INFO - Saved reversal_signals.json
2026-09-05 09:41:15,302 - INFO - Saved dashboard_snapshot_v2.json with 7 pairs
H4 scan completed: Sat 09/05/2026  9:41:15.41

==================================================
H4 scan started: Sat 09/05/2026 12:05:02.03
2026-09-05 12:05:03,811 - INFO - Requesting interval=4h, outputsize=5
2026-09-05 12:05:04,731 - INFO - 4H AUD/USD -> bar_open=2026-09-05T05:00:00+00:00 bar_close=2026-09-05T09:00:00+00:00 age=0:05:03.811056 open=0.72041 close=0.72041 change=0.000000
2026-09-05 12:05:04,733 - INFO - 4H EUR/USD -> bar_open=2026-09-05T05:00:00+00:00 bar_close=2026-09-05T09:00:00+00:00 age=0:05:03.811056 open=1.16138 close=1.16138 change=0.000000
2026-09-05 12:05:04,733 - INFO - 4H GBP/USD -> bar_open=2026-09-05T05:00:00+00:00 bar_close=2026-09-05T09:00:00+00:00 age=0:05:03.811056 open=1.35171 close=1.35178 change=0.000052
2026-09-05 12:05:04,734 - INFO - 4H NZD/USD -> bar_open=2026-09-05T05:00:00+00:00 bar_close=2026-09-05T09:00:00+00:00 age=0:05:03.811056 open=0.58804 close=0.58798 change=-0.000102
2026-09-05 12:05:04,735 - INFO - 4H USD/CAD -> bar_open=2026-09-05T05:00:00+00:00 bar_close=2026-09-05T09:00:00+00:00 age=0:05:03.811056 open=1.38359 close=1.38361 change=0.000014
2026-09-05 12:05:04,736 - INFO - 4H USD/CHF -> bar_open=2026-09-05T05:00:00+00:00 bar_close=2026-09-05T09:00:00+00:00 age=0:05:03.811056 open=0.80967 close=0.80967 change=0.000000
2026-09-05 12:05:04,737 - INFO - 4H USD/JPY -> bar_open=2026-09-05T05:00:00+00:00 bar_close=2026-09-05T09:00:00+00:00 age=0:05:03.811056 open=156.234 close=156.23389 change=-0.000001
2026-09-05 12:05:04,876 - INFO - Saved pair_changes_4h.csv with 7 rows
2026-09-05 12:05:06,498 - INFO - 4H input timestamp=2026-09-05T09:00:00+00:00 age=0:05:06.495619 rows=7
2026-09-05 12:05:06,523 - INFO - 4H Currency Strength:
currency      strength
     GBP  5.178626e-05
     USD  9.142671e-06
     JPY  7.040721e-07
     AUD  0.000000e+00
     CHF  0.000000e+00
     EUR  0.000000e+00
     CAD -1.445515e-05
     NZD -1.020339e-04
2026-09-05 12:05:06,526 - INFO - 4H Base/Quote Strength Matrix:
               GBP       USD           JPY           AUD           CHF           EUR       CAD       NZD
currency                                                                                                
GBP       0.000000  0.000043  5.108218e-05  5.178626e-05  5.178626e-05  5.178626e-05  0.000066  0.000154
USD      -0.000043  0.000000  8.438599e-06  9.142671e-06  9.142671e-06  9.142671e-06  0.000024  0.000111
JPY      -0.000051 -0.000008  0.000000e+00  7.040721e-07  7.040721e-07  7.040721e-07  0.000015  0.000103
AUD      -0.000052 -0.000009 -7.040721e-07  0.000000e+00  0.000000e+00  0.000000e+00  0.000014  0.000102
CHF      -0.000052 -0.000009 -7.040721e-07  0.000000e+00  0.000000e+00  0.000000e+00  0.000014  0.000102
EUR      -0.000052 -0.000009 -7.040721e-07  0.000000e+00  0.000000e+00  0.000000e+00  0.000014  0.000102
CAD      -0.000066 -0.000024 -1.515922e-05 -1.445515e-05 -1.445515e-05 -1.445515e-05  0.000000  0.000088
NZD      -0.000154 -0.000111 -1.027379e-04 -1.020339e-04 -1.020339e-04 -1.020339e-04 -0.000088  0.000000
2026-09-05 12:05:06,529 - INFO - 4H Signals:
   pair  score_diff  signal
AUD/USD   -0.000009 NEUTRAL
EUR/USD   -0.000009 NEUTRAL
GBP/USD    0.000043 NEUTRAL
NZD/USD   -0.000111 NEUTRAL
USD/CAD    0.000024 NEUTRAL
USD/CHF    0.000009 NEUTRAL
USD/JPY    0.000008 NEUTRAL
2026-09-05 12:05:06,533 - INFO - Saved signals_4h.csv with 7 rows
JOURNAL_LOCK_ACQUIRED pid=13828
Added 7 new journal rows.
Directional signals: 0
Neutral signals: 7
Recorded entry prices: 0
Missing entry prices: 0
Saved to: signals_journal.csv
JOURNAL_LOCK_RELEASED pid=13828
2026-09-05 12:05:08,369 - INFO - D1: saved price_history_1d.csv; total rows=56; minimum per pair=8
2026-09-05 12:05:08,377 - INFO - H4: saved price_history_4h.csv; total rows=238; minimum per pair=34
2026-09-05 12:05:08,389 - INFO - H1: saved price_history_1h.csv; total rows=749; minimum per pair=107
2026-09-05 12:05:09,008 - INFO - Saved reversal_signals.json
2026-09-05 12:05:09,612 - INFO - Saved dashboard_snapshot_v2.json with 7 pairs
H4 scan completed: Sat 09/05/2026 12:05:09.67

==================================================
H4 scan started: Sat 09/05/2026 16:05:02.59
2026-09-05 16:05:17,550 - INFO - Requesting interval=4h, outputsize=5
2026-09-05 16:05:21,205 - INFO - 4H AUD/USD -> bar_open=2026-09-05T09:00:00+00:00 bar_close=2026-09-05T13:00:00+00:00 age=0:05:17.549967 open=0.72042 close=0.7203 change=-0.000167
2026-09-05 16:05:21,208 - INFO - 4H EUR/USD -> bar_open=2026-09-05T09:00:00+00:00 bar_close=2026-09-05T13:00:00+00:00 age=0:05:17.549967 open=1.16138 close=1.1616 change=0.000189
2026-09-05 16:05:21,210 - INFO - 4H GBP/USD -> bar_open=2026-09-05T09:00:00+00:00 bar_close=2026-09-05T13:00:00+00:00 age=0:05:17.549967 open=1.35176 close=1.35159 change=-0.000126
2026-09-05 16:05:21,213 - INFO - 4H NZD/USD -> bar_open=2026-09-05T09:00:00+00:00 bar_close=2026-09-05T13:00:00+00:00 age=0:05:17.549967 open=0.58798 close=0.58799 change=0.000017
2026-09-05 16:05:21,215 - INFO - 4H USD/CAD -> bar_open=2026-09-05T09:00:00+00:00 bar_close=2026-09-05T13:00:00+00:00 age=0:05:17.549967 open=1.3836 close=1.38364 change=0.000029
2026-09-05 16:05:21,217 - INFO - 4H USD/CHF -> bar_open=2026-09-05T09:00:00+00:00 bar_close=2026-09-05T13:00:00+00:00 age=0:05:17.549967 open=0.80967 close=0.80977 change=0.000124
2026-09-05 16:05:21,221 - INFO - 4H USD/JPY -> bar_open=2026-09-05T09:00:00+00:00 bar_close=2026-09-05T13:00:00+00:00 age=0:05:17.549967 open=156.23402 close=156.23965 change=0.000036
2026-09-05 16:05:22,416 - INFO - Saved pair_changes_4h.csv with 7 rows
2026-09-05 16:05:31,511 - INFO - 4H input timestamp=2026-09-05T13:00:00+00:00 age=0:05:31.508862 rows=7
2026-09-05 16:05:31,869 - INFO - 4H Currency Strength:
currency  strength
     EUR  0.000189
     USD  0.000039
     NZD  0.000017
     CAD -0.000029
     JPY -0.000036
     CHF -0.000124
     GBP -0.000126
     AUD -0.000167
2026-09-05 16:05:31,934 - INFO - 4H Base/Quote Strength Matrix:
               EUR       USD       NZD       CAD       JPY       CHF       GBP       AUD
currency                                                                                
EUR       0.000000  0.000150  0.000172  0.000218  0.000225  0.000313  0.000315  0.000356
USD      -0.000150  0.000000  0.000022  0.000068  0.000075  0.000163  0.000165  0.000206
NZD      -0.000172 -0.000022  0.000000  0.000046  0.000053  0.000141  0.000143  0.000184
CAD      -0.000218 -0.000068 -0.000046  0.000000  0.000007  0.000095  0.000097  0.000138
JPY      -0.000225 -0.000075 -0.000053 -0.000007  0.000000  0.000087  0.000090  0.000131
CHF      -0.000313 -0.000163 -0.000141 -0.000095 -0.000087  0.000000  0.000002  0.000043
GBP      -0.000315 -0.000165 -0.000143 -0.000097 -0.000090 -0.000002  0.000000  0.000041
AUD      -0.000356 -0.000206 -0.000184 -0.000138 -0.000131 -0.000043 -0.000041  0.000000
2026-09-05 16:05:31,980 - INFO - 4H Signals:
   pair  score_diff  signal
AUD/USD   -0.000206 NEUTRAL
EUR/USD    0.000150 NEUTRAL
GBP/USD   -0.000165 NEUTRAL
NZD/USD   -0.000022 NEUTRAL
USD/CAD    0.000068 NEUTRAL
USD/CHF    0.000163 NEUTRAL
USD/JPY    0.000075 NEUTRAL
2026-09-05 16:05:32,034 - INFO - Saved signals_4h.csv with 7 rows
JOURNAL_LOCK_ACQUIRED pid=25552
Added 7 new journal rows.
Directional signals: 0
Neutral signals: 7
Recorded entry prices: 0
Missing entry prices: 0
Saved to: signals_journal.csv
JOURNAL_LOCK_RELEASED pid=25552
2026-09-05 16:05:35,094 - INFO - D1: saved price_history_1d.csv; total rows=56; minimum per pair=8
2026-09-05 16:05:35,104 - INFO - H4: saved price_history_4h.csv; total rows=245; minimum per pair=35
2026-09-05 16:05:35,124 - INFO - H1: saved price_history_1h.csv; total rows=763; minimum per pair=109
2026-09-05 16:05:35,794 - INFO - Saved reversal_signals.json
2026-09-05 16:05:36,459 - INFO - Saved dashboard_snapshot_v2.json with 7 pairs
H4 scan completed: Sat 09/05/2026 16:05:36.56

==================================================
H4 scan started: Sat 09/05/2026 20:05:01.80
2026-09-05 20:05:15,736 - INFO - Requesting interval=4h, outputsize=5
2026-09-05 20:05:18,517 - INFO - 4H AUD/USD -> bar_open=2026-09-05T13:00:00+00:00 bar_close=2026-09-05T17:00:00+00:00 age=0:05:15.735529 open=0.72033 close=0.7204 change=0.000097
2026-09-05 20:05:18,547 - INFO - 4H EUR/USD -> bar_open=2026-09-05T13:00:00+00:00 bar_close=2026-09-05T17:00:00+00:00 age=0:05:15.735529 open=1.16157 close=1.16141 change=-0.000138
2026-09-05 20:05:18,548 - INFO - 4H GBP/USD -> bar_open=2026-09-05T13:00:00+00:00 bar_close=2026-09-05T17:00:00+00:00 age=0:05:15.735529 open=1.3516 close=1.35175 change=0.000111
2026-09-05 20:05:18,549 - INFO - 4H NZD/USD -> bar_open=2026-09-05T13:00:00+00:00 bar_close=2026-09-05T17:00:00+00:00 age=0:05:15.735529 open=0.58799 close=0.58799 change=0.000000
2026-09-05 20:05:18,550 - INFO - 4H USD/CAD -> bar_open=2026-09-05T13:00:00+00:00 bar_close=2026-09-05T17:00:00+00:00 age=0:05:15.735529 open=1.3836 close=1.38359 change=-0.000007
2026-09-05 20:05:18,551 - INFO - 4H USD/CHF -> bar_open=2026-09-05T13:00:00+00:00 bar_close=2026-09-05T17:00:00+00:00 age=0:05:15.735529 open=0.80978 close=0.80973 change=-0.000062
2026-09-05 20:05:18,552 - INFO - 4H USD/JPY -> bar_open=2026-09-05T13:00:00+00:00 bar_close=2026-09-05T17:00:00+00:00 age=0:05:15.735529 open=156.23753 close=156.23818 change=0.000004
2026-09-05 20:05:18,830 - INFO - Saved pair_changes_4h.csv with 7 rows
2026-09-05 20:05:23,823 - INFO - 4H input timestamp=2026-09-05T17:00:00+00:00 age=0:05:23.821344 rows=7
2026-09-05 20:05:24,152 - INFO - 4H Currency Strength:
currency  strength
     GBP  0.000111
     AUD  0.000097
     CHF  0.000062
     CAD  0.000007
     NZD  0.000000
     JPY -0.000004
     USD -0.000019
     EUR -0.000138
2026-09-05 20:05:24,159 - INFO - 4H Base/Quote Strength Matrix:
               GBP       AUD       CHF       CAD       NZD       JPY       USD       EUR
currency                                                                                
GBP       0.000000  0.000014  0.000049  0.000104  0.000111  0.000115  0.000130  0.000249
AUD      -0.000014  0.000000  0.000035  0.000090  0.000097  0.000101  0.000116  0.000235
CHF      -0.000049 -0.000035  0.000000  0.000055  0.000062  0.000066  0.000081  0.000199
CAD      -0.000104 -0.000090 -0.000055  0.000000  0.000007  0.000011  0.000027  0.000145
NZD      -0.000111 -0.000097 -0.000062 -0.000007  0.000000  0.000004  0.000019  0.000138
JPY      -0.000115 -0.000101 -0.000066 -0.000011 -0.000004  0.000000  0.000015  0.000134
USD      -0.000130 -0.000116 -0.000081 -0.000027 -0.000019 -0.000015  0.000000  0.000118
EUR      -0.000249 -0.000235 -0.000199 -0.000145 -0.000138 -0.000134 -0.000118  0.000000
2026-09-05 20:05:24,164 - INFO - 4H Signals:
   pair  score_diff  signal
AUD/USD    0.000116 NEUTRAL
EUR/USD   -0.000118 NEUTRAL
GBP/USD    0.000130 NEUTRAL
NZD/USD    0.000019 NEUTRAL
USD/CAD   -0.000027 NEUTRAL
USD/CHF   -0.000081 NEUTRAL
USD/JPY   -0.000015 NEUTRAL
2026-09-05 20:05:24,212 - INFO - Saved signals_4h.csv with 7 rows
JOURNAL_LOCK_ACQUIRED pid=32752
Added 7 new journal rows.
Directional signals: 0
Neutral signals: 7
Recorded entry prices: 0
Missing entry prices: 0
Saved to: signals_journal.csv
JOURNAL_LOCK_RELEASED pid=32752
2026-09-05 20:05:58,602 - INFO - D1: saved price_history_1d.csv; total rows=56; minimum per pair=8
2026-09-05 20:05:58,686 - INFO - H4: saved price_history_4h.csv; total rows=252; minimum per pair=36
2026-09-05 20:05:58,736 - INFO - H1: saved price_history_1h.csv; total rows=784; minimum per pair=112
2026-09-05 20:06:55,049 - INFO - Saved reversal_signals.json
2026-09-05 20:09:23,943 - ERROR - Dashboard snapshot build failed
Traceback (most recent call last):
  File "C:\Users\User\fx_strength\build_dashboard_data_v2.py", line 524, in <module>
    main()
    ~~~~^^
  File "C:\Users\User\fx_strength\build_dashboard_data_v2.py", line 473, in main
    f"{uuid.uuid4().hex[:8]}"
       ^^^^
NameError: name 'uuid' is not defined. Did you forget to import 'uuid'?
ERROR: build_dashboard_data_v2.py failed.

==================================================
H4 scan started: Sun 09/06/2026  0:05:02.81
2026-09-06 00:05:07,615 - INFO - Requesting interval=4h, outputsize=5
2026-09-06 00:05:08,637 - ERROR - 4H fetch failed: 4H API returned HTTP 401
ERROR: fetch_4h_to_csv.py failed.

==================================================
H4 scan started: Sun 09/06/2026 13:53:08.40
2026-09-06 13:53:11,792 - INFO - Requesting interval=4h, outputsize=5
2026-09-06 13:53:12,320 - ERROR - 4H fetch failed: 4H API returned HTTP 401
ERROR: fetch_4h_to_csv.py failed.

==================================================
H4 scan started: Sun 09/06/2026 16:05:02.20
2026-09-06 16:05:04,296 - INFO - Requesting interval=4h, outputsize=5
2026-09-06 16:05:05,221 - ERROR - 4H fetch failed: 4H API returned HTTP 401
ERROR: fetch_4h_to_csv.py failed.

==================================================
H4 scan started: Sun 09/06/2026 20:05:02.37
2026-09-06 20:05:06,179 - INFO - Requesting interval=4h, outputsize=5
2026-09-06 20:05:06,735 - ERROR - 4H fetch failed: 4H API returned HTTP 401
ERROR: fetch_4h_to_csv.py failed.

==================================================
H4 scan started: Mon 09/07/2026  0:05:01.78
2026-09-07 00:05:07,862 - INFO - Requesting interval=4h, outputsize=5
2026-09-07 00:05:09,449 - ERROR - 4H fetch failed: 4H API returned HTTP 401
ERROR: fetch_4h_to_csv.py failed.

==================================================
H4 scan started: Mon 09/07/2026 12:05:01.58
2026-09-07 12:05:03,564 - INFO - Requesting interval=4h, outputsize=5
2026-09-07 12:05:03,567 - ERROR - 4H fetch failed: 4H request failed: ConnectionError
ERROR: fetch_4h_to_csv.py failed.

==================================================
H4 scan started: Mon 09/07/2026 16:05:01.85
2026-09-07 16:05:03,246 - INFO - Requesting interval=4h, outputsize=5
2026-09-07 16:05:03,876 - ERROR - 4H fetch failed: 4H API returned HTTP 401
ERROR: fetch_4h_to_csv.py failed.

==================================================
H4 scan started: Tue 09/08/2026  0:05:02.06
2026-09-08 00:05:04,836 - INFO - Requesting interval=4h, outputsize=5
2026-09-08 00:05:05,909 - ERROR - 4H fetch failed: 4H API returned HTTP 401
ERROR: fetch_4h_to_csv.py failed.

==================================================
H4 scan started: Tue 09/08/2026  4:05:01.58
2026-09-08 04:05:03,266 - INFO - Requesting interval=4h, outputsize=5
2026-09-08 04:05:04,089 - ERROR - 4H fetch failed: 4H API returned HTTP 401
ERROR: fetch_4h_to_csv.py failed.

==================================================
H4 scan started: Tue 09/08/2026 11:20:23.05
2026-09-08 11:20:28,642 - INFO - Requesting interval=4h, outputsize=5
2026-09-08 11:20:28,645 - ERROR - 4H fetch failed: 4H request failed: ConnectionError
ERROR: fetch_4h_to_csv.py failed.

==================================================
H4 scan started: Tue 09/08/2026 12:05:01.83

==================================================
H4 scan started: Tue 09/08/2026 16:05:02.19
2026-09-08 16:05:04,936 - INFO - Requesting interval=4h, outputsize=5
2026-09-08 16:05:05,642 - ERROR - 4H fetch failed: 4H API returned HTTP 401
ERROR: fetch_4h_to_csv.py failed.

==================================================
H4 scan started: Tue 09/08/2026 20:05:01.95
2026-09-08 20:05:03,656 - INFO - Requesting interval=4h, outputsize=5
2026-09-08 20:05:04,309 - ERROR - 4H fetch failed: 4H API returned HTTP 401
ERROR: fetch_4h_to_csv.py failed.

==================================================
H4 scan started: Wed 09/09/2026  0:05:02.01
2026-09-09 00:05:04,424 - INFO - Requesting interval=4h, outputsize=5
2026-09-09 00:05:05,298 - ERROR - 4H fetch failed: 4H API returned HTTP 401
ERROR: fetch_4h_to_csv.py failed.

==================================================
H4 scan started: Wed 09/09/2026  6:32:38.15
2026-09-09 06:32:46,922 - INFO - Requesting interval=4h, outputsize=5
2026-09-09 06:32:48,889 - ERROR - 4H fetch failed: 4H API returned HTTP 401
ERROR: fetch_4h_to_csv.py failed.

==================================================
H4 scan started: Wed 09/09/2026  8:05:01.38
2026-09-09 08:05:03,134 - INFO - Requesting interval=4h, outputsize=5
2026-09-09 08:05:03,887 - ERROR - 4H fetch failed: 4H API returned HTTP 401
ERROR: fetch_4h_to_csv.py failed.

==================================================
H4 scan started: Wed 09/09/2026 12:05:02.13
2026-09-09 12:05:03,537 - INFO - Requesting interval=4h, outputsize=5
2026-09-09 12:05:05,437 - INFO - 4H AUD/USD -> bar_open=2026-09-09T05:00:00+00:00 bar_close=2026-09-09T09:00:00+00:00 age=0:05:03.537199 open=0.72294 close=0.72236 change=-0.000802
2026-09-09 12:05:05,438 - INFO - 4H EUR/USD -> bar_open=2026-09-09T05:00:00+00:00 bar_close=2026-09-09T09:00:00+00:00 age=0:05:03.537199 open=1.16329 close=1.16336 change=0.000060
2026-09-09 12:05:05,438 - INFO - 4H GBP/USD -> bar_open=2026-09-09T05:00:00+00:00 bar_close=2026-09-09T09:00:00+00:00 age=0:05:03.537199 open=1.35506 close=1.35432 change=-0.000546
2026-09-09 12:05:05,439 - INFO - 4H NZD/USD -> bar_open=2026-09-09T05:00:00+00:00 bar_close=2026-09-09T09:00:00+00:00 age=0:05:03.537199 open=0.5856 close=0.58437 change=-0.002100
2026-09-09 12:05:05,440 - INFO - 4H USD/CAD -> bar_open=2026-09-09T05:00:00+00:00 bar_close=2026-09-09T09:00:00+00:00 age=0:05:03.537199 open=1.37733 close=1.37792 change=0.000428
2026-09-09 12:05:05,440 - INFO - 4H USD/CHF -> bar_open=2026-09-09T05:00:00+00:00 bar_close=2026-09-09T09:00:00+00:00 age=0:05:03.537199 open=0.80875 close=0.80958 change=0.001026
2026-09-09 12:05:05,441 - INFO - 4H USD/JPY -> bar_open=2026-09-09T05:00:00+00:00 bar_close=2026-09-09T09:00:00+00:00 age=0:05:03.537199 open=153.44365 close=153.66437 change=0.001438
2026-09-09 12:05:05,457 - INFO - Saved pair_changes_4h.csv with 7 rows
2026-09-09 12:05:05,878 - INFO - 4H input timestamp=2026-09-09T09:00:00+00:00 age=0:05:05.878000 rows=7
2026-09-09 12:05:05,898 - INFO - 4H Currency Strength:
currency  strength
     USD  0.000897
     EUR  0.000060
     CAD -0.000428
     GBP -0.000546
     AUD -0.000802
     CHF -0.001026
     JPY -0.001438
     NZD -0.002100
2026-09-09 12:05:05,900 - INFO - 4H Base/Quote Strength Matrix:
               USD       EUR       CAD       GBP       AUD       CHF       JPY       NZD
currency                                                                                
USD       0.000000  0.000837  0.001326  0.001443  0.001700  0.001924  0.002336  0.002998
EUR      -0.000837  0.000000  0.000489  0.000606  0.000862  0.001086  0.001499  0.002161
CAD      -0.001326 -0.000489  0.000000  0.000118  0.000374  0.000598  0.001010  0.001672
GBP      -0.001443 -0.000606 -0.000118  0.000000  0.000256  0.000480  0.000892  0.001554
AUD      -0.001700 -0.000862 -0.000374 -0.000256  0.000000  0.000224  0.000636  0.001298
CHF      -0.001924 -0.001086 -0.000598 -0.000480 -0.000224  0.000000  0.000412  0.001074
JPY      -0.002336 -0.001499 -0.001010 -0.000892 -0.000636 -0.000412  0.000000  0.000662
NZD      -0.002998 -0.002161 -0.001672 -0.001554 -0.001298 -0.001074 -0.000662  0.000000
2026-09-09 12:05:05,902 - INFO - 4H Signals:
   pair  score_diff signal
AUD/USD   -0.001700  SHORT
EUR/USD   -0.000837  SHORT
GBP/USD   -0.001443  SHORT
NZD/USD   -0.002998  SHORT
USD/CAD    0.001326   LONG
USD/CHF    0.001924   LONG
USD/JPY    0.002336   LONG
2026-09-09 12:05:05,928 - INFO - Saved signals_4h.csv with 7 rows
JOURNAL_LOCK_ACQUIRED pid=13172
Added 7 new journal rows.
Directional signals: 7
Neutral signals: 0
Recorded entry prices: 7
Missing entry prices: 0
Saved to: signals_journal.csv
JOURNAL_LOCK_RELEASED pid=13172
2026-09-09 12:05:06,455 - INFO - D1: saved price_history_1d.csv; total rows=63; minimum per pair=9
2026-09-09 12:05:06,462 - INFO - H4: saved price_history_4h.csv; total rows=266; minimum per pair=38
2026-09-09 12:05:06,471 - INFO - H1: saved price_history_1h.csv; total rows=812; minimum per pair=116
2026-09-09 12:05:06,902 - INFO - Saved reversal_signals.json
2026-09-09 12:05:07,332 - INFO - Saved dashboard_snapshot_v2.json with 7 pairs
H4 scan completed: Wed 09/09/2026 12:05:07.38

==================================================
H4 scan started: Wed 09/09/2026 20:05:01.47
2026-09-09 20:05:03,246 - INFO - Requesting interval=4h, outputsize=5
2026-09-09 20:05:03,251 - ERROR - 4H fetch failed: 4H request failed: ConnectionError
ERROR: fetch_4h_to_csv.py failed.

==================================================
H4 scan started: Thu 09/10/2026  0:05:02.88
2026-09-10 00:05:09,578 - INFO - Requesting interval=4h, outputsize=5
2026-09-10 00:05:10,373 - INFO - 4H AUD/USD -> bar_open=2026-09-09T17:00:00+00:00 bar_close=2026-09-09T21:00:00+00:00 age=0:05:09.578151 open=0.72205 close=0.72185 change=-0.000277
2026-09-10 00:05:10,374 - INFO - 4H EUR/USD -> bar_open=2026-09-09T17:00:00+00:00 bar_close=2026-09-09T21:00:00+00:00 age=0:05:09.578151 open=1.16364 close=1.16334 change=-0.000258
2026-09-10 00:05:10,376 - INFO - 4H GBP/USD -> bar_open=2026-09-09T17:00:00+00:00 bar_close=2026-09-09T21:00:00+00:00 age=0:05:09.578151 open=1.35519 close=1.35469 change=-0.000369
2026-09-10 00:05:10,377 - INFO - 4H NZD/USD -> bar_open=2026-09-09T17:00:00+00:00 bar_close=2026-09-09T21:00:00+00:00 age=0:05:09.578151 open=0.58417 close=0.58384 change=-0.000565
2026-09-10 00:05:10,378 - INFO - 4H USD/CAD -> bar_open=2026-09-09T17:00:00+00:00 bar_close=2026-09-09T21:00:00+00:00 age=0:05:09.578151 open=1.38067 close=1.38054 change=-0.000094
2026-09-10 00:05:10,379 - INFO - 4H USD/CHF -> bar_open=2026-09-09T17:00:00+00:00 bar_close=2026-09-09T21:00:00+00:00 age=0:05:09.578151 open=0.80992 close=0.81027 change=0.000432
2026-09-10 00:05:10,380 - INFO - 4H USD/JPY -> bar_open=2026-09-09T17:00:00+00:00 bar_close=2026-09-09T21:00:00+00:00 age=0:05:09.578151 open=153.56163 close=153.5536 change=-0.000052
2026-09-10 00:05:10,402 - INFO - Saved pair_changes_4h.csv with 7 rows
2026-09-10 00:05:11,286 - INFO - 4H input timestamp=2026-09-09T21:00:00+00:00 age=0:05:11.286121 rows=7
2026-09-10 00:05:11,295 - INFO - 4H Currency Strength:
currency  strength
     USD  0.000251
     CAD  0.000094
     JPY  0.000052
     EUR -0.000258
     AUD -0.000277
     GBP -0.000369
     CHF -0.000432
     NZD -0.000565
2026-09-10 00:05:11,298 - INFO - 4H Base/Quote Strength Matrix:
               USD       CAD       JPY       EUR       AUD       GBP       CHF       NZD
currency                                                                                
USD       0.000000  0.000156  0.000198  0.000508  0.000528  0.000620  0.000683  0.000816
CAD      -0.000156  0.000000  0.000042  0.000352  0.000371  0.000463  0.000526  0.000659
JPY      -0.000198 -0.000042  0.000000  0.000310  0.000329  0.000421  0.000484  0.000617
EUR      -0.000508 -0.000352 -0.000310  0.000000  0.000019  0.000111  0.000174  0.000307
AUD      -0.000528 -0.000371 -0.000329 -0.000019  0.000000  0.000092  0.000155  0.000288
GBP      -0.000620 -0.000463 -0.000421 -0.000111 -0.000092  0.000000  0.000063  0.000196
CHF      -0.000683 -0.000526 -0.000484 -0.000174 -0.000155 -0.000063  0.000000  0.000133
NZD      -0.000816 -0.000659 -0.000617 -0.000307 -0.000288 -0.000196 -0.000133  0.000000
2026-09-10 00:05:11,302 - INFO - 4H Signals:
   pair  score_diff  signal
AUD/USD   -0.000528   SHORT
EUR/USD   -0.000508   SHORT
GBP/USD   -0.000620   SHORT
NZD/USD   -0.000816   SHORT
USD/CAD    0.000156 NEUTRAL
USD/CHF    0.000683    LONG
USD/JPY    0.000198 NEUTRAL
2026-09-10 00:05:11,305 - INFO - Saved signals_4h.csv with 7 rows
JOURNAL_LOCK_ACQUIRED pid=37548
Added 7 new journal rows.
Directional signals: 5
Neutral signals: 2
Recorded entry prices: 5
Missing entry prices: 0
Saved to: signals_journal.csv
JOURNAL_LOCK_RELEASED pid=37548
2026-09-10 00:05:12,421 - INFO - D1: saved price_history_1d.csv; total rows=63; minimum per pair=9
2026-09-10 00:05:12,435 - INFO - H4: saved price_history_4h.csv; total rows=273; minimum per pair=39
2026-09-10 00:05:12,456 - INFO - H1: saved price_history_1h.csv; total rows=854; minimum per pair=122
2026-09-10 00:05:13,401 - INFO - Saved reversal_signals.json
2026-09-10 00:05:15,699 - INFO - Saved dashboard_snapshot_v2.json with 7 pairs
H4 scan completed: Thu 09/10/2026  0:05:15.81

==================================================
H4 scan started: Thu 09/10/2026  8:05:01.66
2026-09-10 08:05:03,241 - INFO - Requesting interval=4h, outputsize=5
2026-09-10 08:05:04,025 - INFO - 4H AUD/USD -> bar_open=2026-09-09T21:00:00+00:00 bar_close=2026-09-10T01:00:00+00:00 age=4:05:03.241592 open=0.72183 close=0.72176 change=-0.000097
2026-09-10 08:05:04,026 - INFO - 4H EUR/USD -> bar_open=2026-09-09T21:00:00+00:00 bar_close=2026-09-10T01:00:00+00:00 age=4:05:03.241592 open=1.16331 close=1.16312 change=-0.000163
2026-09-10 08:05:04,027 - INFO - 4H GBP/USD -> bar_open=2026-09-09T21:00:00+00:00 bar_close=2026-09-10T01:00:00+00:00 age=4:05:03.241592 open=1.35467 close=1.35473 change=0.000044
2026-09-10 08:05:04,027 - INFO - 4H NZD/USD -> bar_open=2026-09-09T21:00:00+00:00 bar_close=2026-09-10T01:00:00+00:00 age=4:05:03.241592 open=0.58383 close=0.58463 change=0.001370
2026-09-10 08:05:04,028 - INFO - 4H USD/CAD -> bar_open=2026-09-09T21:00:00+00:00 bar_close=2026-09-10T01:00:00+00:00 age=4:05:03.241592 open=1.38051 close=1.38064 change=0.000094
2026-09-10 08:05:04,028 - INFO - 4H USD/CHF -> bar_open=2026-09-09T21:00:00+00:00 bar_close=2026-09-10T01:00:00+00:00 age=4:05:03.241592 open=0.81024 close=0.81017 change=-0.000086
2026-09-10 08:05:04,029 - INFO - 4H USD/JPY -> bar_open=2026-09-09T21:00:00+00:00 bar_close=2026-09-10T01:00:00+00:00 age=4:05:03.241592 open=153.5543 close=153.67391 change=0.000779
2026-09-10 08:05:04,052 - INFO - Saved pair_changes_4h.csv with 7 rows
2026-09-10 08:05:05,055 - INFO - 4H input timestamp=2026-09-10T01:00:00+00:00 age=4:05:05.053374 rows=7
2026-09-10 08:05:05,065 - INFO - 4H Currency Strength:
currency  strength
     NZD  0.001370
     CHF  0.000086
     GBP  0.000044
     USD -0.000053
     CAD -0.000094
     AUD -0.000097
     EUR -0.000163
     JPY -0.000779
2026-09-10 08:05:05,069 - INFO - 4H Base/Quote Strength Matrix:
               NZD       CHF       GBP       USD       CAD       AUD       EUR       JPY
currency                                                                                
NZD       0.000000  0.001284  0.001326  0.001423  0.001464  0.001467  0.001534  0.002149
CHF      -0.001284  0.000000  0.000042  0.000139  0.000181  0.000183  0.000250  0.000865
GBP      -0.001326 -0.000042  0.000000  0.000097  0.000138  0.000141  0.000208  0.000823
USD      -0.001423 -0.000139 -0.000097  0.000000  0.000042  0.000044  0.000111  0.000726
CAD      -0.001464 -0.000181 -0.000138 -0.000042  0.000000  0.000003  0.000069  0.000685
AUD      -0.001467 -0.000183 -0.000141 -0.000044 -0.000003  0.000000  0.000066  0.000682
EUR      -0.001534 -0.000250 -0.000208 -0.000111 -0.000069 -0.000066  0.000000  0.000616
JPY      -0.002149 -0.000865 -0.000823 -0.000726 -0.000685 -0.000682 -0.000616  0.000000
2026-09-10 08:05:05,071 - INFO - 4H Signals:
   pair  score_diff  signal
AUD/USD   -0.000044 NEUTRAL
EUR/USD   -0.000111 NEUTRAL
GBP/USD    0.000097 NEUTRAL
NZD/USD    0.001423    LONG
USD/CAD    0.000042 NEUTRAL
USD/CHF   -0.000139 NEUTRAL
USD/JPY    0.000726    LONG
2026-09-10 08:05:05,074 - INFO - Saved signals_4h.csv with 7 rows
JOURNAL_LOCK_ACQUIRED pid=33408
Added 7 new journal rows.
Directional signals: 2
Neutral signals: 5
Recorded entry prices: 2
Missing entry prices: 0
Saved to: signals_journal.csv
JOURNAL_LOCK_RELEASED pid=33408
2026-09-10 08:05:06,488 - INFO - D1: saved price_history_1d.csv; total rows=63; minimum per pair=9
2026-09-10 08:05:06,499 - INFO - H4: saved price_history_4h.csv; total rows=280; minimum per pair=40
2026-09-10 08:05:06,510 - INFO - H1: saved price_history_1h.csv; total rows=882; minimum per pair=126
2026-09-10 08:05:07,601 - INFO - Saved reversal_signals.json
2026-09-10 08:05:08,366 - INFO - Saved dashboard_snapshot_v2.json with 7 pairs
H4 scan completed: Thu 09/10/2026  8:05:08.42

==================================================
H4 scan started: Thu 09/10/2026 12:05:02.17
2026-09-10 12:05:06,254 - INFO - Requesting interval=4h, outputsize=5
2026-09-10 12:05:07,550 - INFO - 4H AUD/USD -> bar_open=2026-09-10T05:00:00+00:00 bar_close=2026-09-10T09:00:00+00:00 age=0:05:06.254211 open=0.7219 close=0.72122 change=-0.000942
2026-09-10 12:05:07,552 - INFO - 4H EUR/USD -> bar_open=2026-09-10T05:00:00+00:00 bar_close=2026-09-10T09:00:00+00:00 age=0:05:06.254211 open=1.16373 close=1.16382 change=0.000077
2026-09-10 12:05:07,552 - INFO - 4H GBP/USD -> bar_open=2026-09-10T05:00:00+00:00 bar_close=2026-09-10T09:00:00+00:00 age=0:05:06.254211 open=1.35536 close=1.35557 change=0.000155
2026-09-10 12:05:07,553 - INFO - 4H NZD/USD -> bar_open=2026-09-10T05:00:00+00:00 bar_close=2026-09-10T09:00:00+00:00 age=0:05:06.254211 open=0.58479 close=0.58457 change=-0.000376
2026-09-10 12:05:07,554 - INFO - 4H USD/CAD -> bar_open=2026-09-10T05:00:00+00:00 bar_close=2026-09-10T09:00:00+00:00 age=0:05:06.254211 open=1.38082 close=1.38051 change=-0.000225
2026-09-10 12:05:07,554 - INFO - 4H USD/CHF -> bar_open=2026-09-10T05:00:00+00:00 bar_close=2026-09-10T09:00:00+00:00 age=0:05:06.254211 open=0.80937 close=0.81026 change=0.001100
2026-09-10 12:05:07,555 - INFO - 4H USD/JPY -> bar_open=2026-09-10T05:00:00+00:00 bar_close=2026-09-10T09:00:00+00:00 age=0:05:06.254211 open=153.47676 close=153.63921 change=0.001058
2026-09-10 12:05:07,605 - INFO - Saved pair_changes_4h.csv with 7 rows
2026-09-10 12:05:08,816 - INFO - 4H input timestamp=2026-09-10T09:00:00+00:00 age=0:05:08.814547 rows=7
2026-09-10 12:05:08,827 - INFO - 4H Currency Strength:
currency  strength
     USD  0.000431
     CAD  0.000225
     GBP  0.000155
     EUR  0.000077
     NZD -0.000376
     AUD -0.000942
     JPY -0.001058
     CHF -0.001100
2026-09-10 12:05:08,830 - INFO - 4H Base/Quote Strength Matrix:
               USD       CAD       GBP       EUR       NZD       AUD       JPY       CHF
currency                                                                                
USD       0.000000  0.000207  0.000276  0.000354  0.000808  0.001373  0.001490  0.001531
CAD      -0.000207  0.000000  0.000070  0.000147  0.000601  0.001166  0.001283  0.001324
GBP      -0.000276 -0.000070  0.000000  0.000078  0.000531  0.001097  0.001213  0.001255
EUR      -0.000354 -0.000147 -0.000078  0.000000  0.000454  0.001019  0.001136  0.001177
NZD      -0.000808 -0.000601 -0.000531 -0.000454  0.000000  0.000566  0.000682  0.000723
AUD      -0.001373 -0.001166 -0.001097 -0.001019 -0.000566  0.000000  0.000117  0.000158
JPY      -0.001490 -0.001283 -0.001213 -0.001136 -0.000682 -0.000117  0.000000  0.000041
CHF      -0.001531 -0.001324 -0.001255 -0.001177 -0.000723 -0.000158 -0.000041  0.000000
2026-09-10 12:05:08,833 - INFO - 4H Signals:
   pair  score_diff  signal
AUD/USD   -0.001373   SHORT
EUR/USD   -0.000354 NEUTRAL
GBP/USD   -0.000276 NEUTRAL
NZD/USD   -0.000808   SHORT
USD/CAD    0.000207 NEUTRAL
USD/CHF    0.001531    LONG
USD/JPY    0.001490    LONG
2026-09-10 12:05:08,837 - INFO - Saved signals_4h.csv with 7 rows
JOURNAL_LOCK_ACQUIRED pid=35452
Added 7 new journal rows.
Directional signals: 4
Neutral signals: 3
Recorded entry prices: 4
Missing entry prices: 0
Saved to: signals_journal.csv
JOURNAL_LOCK_RELEASED pid=35452
2026-09-10 12:05:10,435 - INFO - D1: saved price_history_1d.csv; total rows=63; minimum per pair=9
2026-09-10 12:05:10,446 - INFO - H4: saved price_history_4h.csv; total rows=287; minimum per pair=41
2026-09-10 12:05:10,476 - INFO - H1: saved price_history_1h.csv; total rows=910; minimum per pair=130
2026-09-10 12:05:11,463 - INFO - Saved reversal_signals.json
2026-09-10 12:05:12,486 - INFO - Saved dashboard_snapshot_v2.json with 7 pairs
H4 scan completed: Thu 09/10/2026 12:05:12.56

==================================================
H4 scan started: Thu 09/10/2026 16:05:01.91
2026-09-10 16:05:03,898 - INFO - Requesting interval=4h, outputsize=5

==================================================
H4 scan started: Thu 09/10/2026 20:05:01.25
2026-09-10 20:05:03,233 - INFO - Requesting interval=4h, outputsize=5
2026-09-10 20:05:03,237 - ERROR - 4H fetch failed: 4H request failed: ConnectionError
ERROR: fetch_4h_to_csv.py failed.

==================================================
H4 scan started: Fri 09/11/2026  0:05:01.53
2026-09-11 00:05:03,404 - INFO - Requesting interval=4h, outputsize=5
2026-09-11 00:05:05,559 - INFO - 4H AUD/USD -> bar_open=2026-09-10T17:00:00+00:00 bar_close=2026-09-10T21:00:00+00:00 age=0:05:03.404569 open=0.7167 close=0.71565 change=-0.001465
2026-09-11 00:05:05,560 - INFO - 4H EUR/USD -> bar_open=2026-09-10T17:00:00+00:00 bar_close=2026-09-10T21:00:00+00:00 age=0:05:03.404569 open=1.16195 close=1.16105 change=-0.000775
2026-09-11 00:05:05,561 - INFO - 4H GBP/USD -> bar_open=2026-09-10T17:00:00+00:00 bar_close=2026-09-10T21:00:00+00:00 age=0:05:03.404569 open=1.35237 close=1.35116 change=-0.000895
2026-09-11 00:05:05,562 - INFO - 4H NZD/USD -> bar_open=2026-09-10T17:00:00+00:00 bar_close=2026-09-10T21:00:00+00:00 age=0:05:03.404569 open=0.58051 close=0.57964 change=-0.001499
2026-09-11 00:05:05,562 - INFO - 4H USD/CAD -> bar_open=2026-09-10T17:00:00+00:00 bar_close=2026-09-10T21:00:00+00:00 age=0:05:03.404569 open=1.3817 close=1.38334 change=0.001187
2026-09-11 00:05:05,563 - INFO - 4H USD/CHF -> bar_open=2026-09-10T17:00:00+00:00 bar_close=2026-09-10T21:00:00+00:00 age=0:05:03.404569 open=0.81226 close=0.81297 change=0.000874
2026-09-11 00:05:05,564 - INFO - 4H USD/JPY -> bar_open=2026-09-10T17:00:00+00:00 bar_close=2026-09-10T21:00:00+00:00 age=0:05:03.404569 open=154.31005 close=154.49485 change=0.001198
2026-09-11 00:05:05,591 - INFO - Saved pair_changes_4h.csv with 7 rows
2026-09-11 00:05:06,728 - INFO - 4H input timestamp=2026-09-10T21:00:00+00:00 age=0:05:06.727818 rows=7
2026-09-11 00:05:06,738 - INFO - 4H Currency Strength:
currency  strength
     USD  0.001127
     EUR -0.000775
     CHF -0.000874
     GBP -0.000895
     CAD -0.001187
     JPY -0.001198
     AUD -0.001465
     NZD -0.001499
2026-09-11 00:05:06,740 - INFO - 4H Base/Quote Strength Matrix:
               USD       EUR       CHF       GBP       CAD       JPY       AUD       NZD
currency                                                                                
USD       0.000000  0.001902  0.002001  0.002022  0.002314  0.002325  0.002592  0.002626
EUR      -0.001902  0.000000  0.000100  0.000120  0.000412  0.000423  0.000690  0.000724
CHF      -0.002001 -0.000100  0.000000  0.000021  0.000313  0.000323  0.000591  0.000625
GBP      -0.002022 -0.000120 -0.000021  0.000000  0.000292  0.000303  0.000570  0.000604
CAD      -0.002314 -0.000412 -0.000313 -0.000292  0.000000  0.000011  0.000278  0.000312
JPY      -0.002325 -0.000423 -0.000323 -0.000303 -0.000011  0.000000  0.000267  0.000301
AUD      -0.002592 -0.000690 -0.000591 -0.000570 -0.000278 -0.000267  0.000000  0.000034
NZD      -0.002626 -0.000724 -0.000625 -0.000604 -0.000312 -0.000301 -0.000034  0.000000
2026-09-11 00:05:06,743 - INFO - 4H Signals:
   pair  score_diff signal
AUD/USD   -0.002592  SHORT
EUR/USD   -0.001902  SHORT
GBP/USD   -0.002022  SHORT
NZD/USD   -0.002626  SHORT
USD/CAD    0.002314   LONG
USD/CHF    0.002001   LONG
USD/JPY    0.002325   LONG
2026-09-11 00:05:06,746 - INFO - Saved signals_4h.csv with 7 rows
JOURNAL_LOCK_ACQUIRED pid=19004
Added 7 new journal rows.
Directional signals: 7
Neutral signals: 0
Recorded entry prices: 7
Missing entry prices: 0
Saved to: signals_journal.csv
JOURNAL_LOCK_RELEASED pid=19004
2026-09-11 00:05:07,799 - INFO - D1: saved price_history_1d.csv; total rows=63; minimum per pair=9
2026-09-11 00:05:07,809 - INFO - H4: saved price_history_4h.csv; total rows=294; minimum per pair=42
2026-09-11 00:05:07,825 - INFO - H1: saved price_history_1h.csv; total rows=980; minimum per pair=140
2026-09-11 00:05:08,715 - INFO - Saved reversal_signals.json
2026-09-11 00:05:09,426 - INFO - Saved dashboard_snapshot_v2.json with 7 pairs
H4 scan completed: Fri 09/11/2026  0:05:09.52

==================================================
H4 scan started: Fri 09/11/2026  4:05:02.24
2026-09-11 04:05:03,868 - INFO - Requesting interval=4h, outputsize=5
2026-09-11 04:05:05,256 - INFO - 4H AUD/USD -> bar_open=2026-09-10T21:00:00+00:00 bar_close=2026-09-11T01:00:00+00:00 age=0:05:03.868630 open=0.71565 close=0.71646 change=0.001132
2026-09-11 04:05:05,257 - INFO - 4H EUR/USD -> bar_open=2026-09-10T21:00:00+00:00 bar_close=2026-09-11T01:00:00+00:00 age=0:05:03.868630 open=1.16102 close=1.16149 change=0.000405
2026-09-11 04:05:05,258 - INFO - 4H GBP/USD -> bar_open=2026-09-10T21:00:00+00:00 bar_close=2026-09-11T01:00:00+00:00 age=0:05:03.868630 open=1.35113 close=1.35147 change=0.000252
2026-09-11 04:05:05,259 - INFO - 4H NZD/USD -> bar_open=2026-09-10T21:00:00+00:00 bar_close=2026-09-11T01:00:00+00:00 age=0:05:03.868630 open=0.57962 close=0.58141 change=0.003088
2026-09-11 04:05:05,259 - INFO - 4H USD/CAD -> bar_open=2026-09-10T21:00:00+00:00 bar_close=2026-09-11T01:00:00+00:00 age=0:05:03.868630 open=1.38337 close=1.3836 change=0.000166
2026-09-11 04:05:05,260 - INFO - 4H USD/CHF -> bar_open=2026-09-10T21:00:00+00:00 bar_close=2026-09-11T01:00:00+00:00 age=0:05:03.868630 open=0.81304 close=0.81306 change=0.000025
2026-09-11 04:05:05,261 - INFO - 4H USD/JPY -> bar_open=2026-09-10T21:00:00+00:00 bar_close=2026-09-11T01:00:00+00:00 age=0:05:03.868630 open=154.48598 close=154.56094 change=0.000485
2026-09-11 04:05:05,292 - INFO - Saved pair_changes_4h.csv with 7 rows
2026-09-11 04:05:05,848 - INFO - 4H input timestamp=2026-09-11T01:00:00+00:00 age=0:05:05.847929 rows=7
2026-09-11 04:05:05,904 - INFO - 4H Currency Strength:
currency  strength
     NZD  0.003088
     AUD  0.001132
     EUR  0.000405
     GBP  0.000252
     CHF -0.000025
     CAD -0.000166
     JPY -0.000485
     USD -0.000600
2026-09-11 04:05:05,906 - INFO - 4H Base/Quote Strength Matrix:
               NZD       AUD       EUR       GBP       CHF       CAD       JPY       USD
currency                                                                                
NZD       0.000000  0.001956  0.002683  0.002837  0.003113  0.003254  0.003573  0.003688
AUD      -0.001956  0.000000  0.000727  0.000880  0.001156  0.001298  0.001617  0.001732
EUR      -0.002683 -0.000727  0.000000  0.000153  0.000429  0.000571  0.000890  0.001005
GBP      -0.002837 -0.000880 -0.000153  0.000000  0.000276  0.000418  0.000737  0.000852
CHF      -0.003113 -0.001156 -0.000429 -0.000276  0.000000  0.000142  0.000461  0.000575
CAD      -0.003254 -0.001298 -0.000571 -0.000418 -0.000142  0.000000  0.000319  0.000434
JPY      -0.003573 -0.001617 -0.000890 -0.000737 -0.000461 -0.000319  0.000000  0.000115
USD      -0.003688 -0.001732 -0.001005 -0.000852 -0.000575 -0.000434 -0.000115  0.000000
2026-09-11 04:05:05,908 - INFO - 4H Signals:
   pair  score_diff  signal
AUD/USD    0.001732    LONG
EUR/USD    0.001005    LONG
GBP/USD    0.000852    LONG
NZD/USD    0.003688    LONG
USD/CAD   -0.000434 NEUTRAL
USD/CHF   -0.000575   SHORT
USD/JPY   -0.000115 NEUTRAL
2026-09-11 04:05:05,910 - INFO - Saved signals_4h.csv with 7 rows
JOURNAL_LOCK_ACQUIRED pid=36076
Added 7 new journal rows.
Directional signals: 5
Neutral signals: 2
Recorded entry prices: 5
Missing entry prices: 0
Saved to: signals_journal.csv
JOURNAL_LOCK_RELEASED pid=36076
2026-09-11 04:05:06,555 - INFO - D1: saved price_history_1d.csv; total rows=70; minimum per pair=10
2026-09-11 04:05:06,563 - INFO - H4: saved price_history_4h.csv; total rows=301; minimum per pair=43
2026-09-11 04:05:06,576 - INFO - H1: saved price_history_1h.csv; total rows=1008; minimum per pair=144
2026-09-11 04:05:07,069 - INFO - Saved reversal_signals.json
2026-09-11 04:05:07,545 - INFO - Saved dashboard_snapshot_v2.json with 7 pairs
H4 scan completed: Fri 09/11/2026  4:05:07.59

==================================================
H4 scan started: Fri 09/11/2026 12:05:01.99
2026-09-11 12:05:03,044 - INFO - Requesting interval=4h, outputsize=5
2026-09-11 12:05:04,827 - INFO - 4H AUD/USD -> bar_open=2026-09-11T05:00:00+00:00 bar_close=2026-09-11T09:00:00+00:00 age=0:05:03.044100 open=0.71609 close=0.71677 change=0.000950
2026-09-11 12:05:04,828 - INFO - 4H EUR/USD -> bar_open=2026-09-11T05:00:00+00:00 bar_close=2026-09-11T09:00:00+00:00 age=0:05:03.044100 open=1.1605 close=1.1599 change=-0.000517
2026-09-11 12:05:04,828 - INFO - 4H GBP/USD -> bar_open=2026-09-11T05:00:00+00:00 bar_close=2026-09-11T09:00:00+00:00 age=0:05:03.044100 open=1.35032 close=1.35063 change=0.000230
2026-09-11 12:05:04,829 - INFO - 4H NZD/USD -> bar_open=2026-09-11T05:00:00+00:00 bar_close=2026-09-11T09:00:00+00:00 age=0:05:03.044100 open=0.58267 close=0.58236 change=-0.000532
2026-09-11 12:05:04,830 - INFO - 4H USD/CAD -> bar_open=2026-09-11T05:00:00+00:00 bar_close=2026-09-11T09:00:00+00:00 age=0:05:03.044100 open=1.38406 close=1.38475 change=0.000499
2026-09-11 12:05:04,830 - INFO - 4H USD/CHF -> bar_open=2026-09-11T05:00:00+00:00 bar_close=2026-09-11T09:00:00+00:00 age=0:05:03.044100 open=0.81345 close=0.81434 change=0.001094
2026-09-11 12:05:04,831 - INFO - 4H USD/JPY -> bar_open=2026-09-11T05:00:00+00:00 bar_close=2026-09-11T09:00:00+00:00 age=0:05:03.044100 open=154.33327 close=154.10334 change=-0.001490
2026-09-11 12:05:04,847 - INFO - Saved pair_changes_4h.csv with 7 rows
2026-09-11 12:05:05,292 - INFO - 4H input timestamp=2026-09-11T09:00:00+00:00 age=0:05:05.292216 rows=7
2026-09-11 12:05:05,299 - INFO - 4H Currency Strength:
currency  strength
     JPY  0.001490
     AUD  0.000950
     GBP  0.000230
     USD -0.000004
     CAD -0.000499
     EUR -0.000517
     NZD -0.000532
     CHF -0.001094
2026-09-11 12:05:05,301 - INFO - 4H Base/Quote Strength Matrix:
               JPY       AUD       GBP       USD       CAD       EUR       NZD       CHF
currency                                                                                
JPY       0.000000  0.000540  0.001260  0.001494  0.001988  0.002007  0.002022  0.002584
AUD      -0.000540  0.000000  0.000720  0.000954  0.001448  0.001467  0.001482  0.002044
GBP      -0.001260 -0.000720  0.000000  0.000233  0.000728  0.000747  0.000762  0.001324
USD      -0.001494 -0.000954 -0.000233  0.000000  0.000495  0.000513  0.000528  0.001090
CAD      -0.001988 -0.001448 -0.000728 -0.000495  0.000000  0.000018  0.000034  0.000596
EUR      -0.002007 -0.001467 -0.000747 -0.000513 -0.000018  0.000000  0.000015  0.000577
NZD      -0.002022 -0.001482 -0.000762 -0.000528 -0.000034 -0.000015  0.000000  0.000562
CHF      -0.002584 -0.002044 -0.001324 -0.001090 -0.000596 -0.000577 -0.000562  0.000000
2026-09-11 12:05:05,303 - INFO - 4H Signals:
   pair  score_diff  signal
AUD/USD    0.000954    LONG
EUR/USD   -0.000513   SHORT
GBP/USD    0.000233 NEUTRAL
NZD/USD   -0.000528   SHORT
USD/CAD    0.000495 NEUTRAL
USD/CHF    0.001090    LONG
USD/JPY   -0.001494   SHORT
2026-09-11 12:05:05,304 - INFO - Saved signals_4h.csv with 7 rows
JOURNAL_LOCK_ACQUIRED pid=25900
Added 7 new journal rows.
Directional signals: 5
Neutral signals: 2
Recorded entry prices: 5
Missing entry prices: 0
Saved to: signals_journal.csv
JOURNAL_LOCK_RELEASED pid=25900
2026-09-11 12:05:05,854 - INFO - D1: saved price_history_1d.csv; total rows=70; minimum per pair=10
2026-09-11 12:05:05,862 - INFO - H4: saved price_history_4h.csv; total rows=308; minimum per pair=44
2026-09-11 12:05:05,873 - INFO - H1: saved price_history_1h.csv; total rows=1022; minimum per pair=146
2026-09-11 12:05:06,300 - INFO - Saved reversal_signals.json
2026-09-11 12:05:06,730 - INFO - Saved dashboard_snapshot_v2.json with 7 pairs
H4 scan completed: Fri 09/11/2026 12:05:06.77

==================================================
H4 scan started: Fri 09/11/2026 16:05:01.62
2026-09-11 16:05:02,729 - INFO - Requesting interval=4h, outputsize=5
2026-09-11 16:05:03,876 - INFO - 4H AUD/USD -> bar_open=2026-09-11T09:00:00+00:00 bar_close=2026-09-11T13:00:00+00:00 age=0:05:02.729675 open=0.71679 close=0.71835 change=0.002176
2026-09-11 16:05:03,877 - INFO - 4H EUR/USD -> bar_open=2026-09-11T09:00:00+00:00 bar_close=2026-09-11T13:00:00+00:00 age=0:05:02.729675 open=1.15993 close=1.16007 change=0.000121
2026-09-11 16:05:03,878 - INFO - 4H GBP/USD -> bar_open=2026-09-11T09:00:00+00:00 bar_close=2026-09-11T13:00:00+00:00 age=0:05:02.729675 open=1.35066 close=1.35224 change=0.001170
2026-09-11 16:05:03,879 - INFO - 4H NZD/USD -> bar_open=2026-09-11T09:00:00+00:00 bar_close=2026-09-11T13:00:00+00:00 age=0:05:02.729675 open=0.58239 close=0.58264 change=0.000429
2026-09-11 16:05:03,879 - INFO - 4H USD/CAD -> bar_open=2026-09-11T09:00:00+00:00 bar_close=2026-09-11T13:00:00+00:00 age=0:05:02.729675 open=1.38472 close=1.3866 change=0.001358
2026-09-11 16:05:03,880 - INFO - 4H USD/CHF -> bar_open=2026-09-11T09:00:00+00:00 bar_close=2026-09-11T13:00:00+00:00 age=0:05:02.729675 open=0.8143 close=0.81449 change=0.000233
2026-09-11 16:05:03,881 - INFO - 4H USD/JPY -> bar_open=2026-09-11T09:00:00+00:00 bar_close=2026-09-11T13:00:00+00:00 age=0:05:02.729675 open=154.09955 close=153.51878 change=-0.003769
2026-09-11 16:05:03,902 - INFO - Saved pair_changes_4h.csv with 7 rows
2026-09-11 16:05:04,582 - INFO - 4H input timestamp=2026-09-11T13:00:00+00:00 age=0:05:04.581397 rows=7
2026-09-11 16:05:04,592 - INFO - 4H Currency Strength:
currency  strength
     JPY  0.003769
     AUD  0.002176
     GBP  0.001170
     NZD  0.000429
     EUR  0.000121
     CHF -0.000233
     USD -0.000868
     CAD -0.001358
2026-09-11 16:05:04,594 - INFO - 4H Base/Quote Strength Matrix:
               JPY       AUD       GBP       NZD       EUR       CHF       USD       CAD
currency                                                                                
JPY       0.000000  0.001592  0.002599  0.003340  0.003648  0.004002  0.004637  0.005126
AUD      -0.001592  0.000000  0.001007  0.001747  0.002056  0.002410  0.003044  0.003534
GBP      -0.002599 -0.001007  0.000000  0.000741  0.001049  0.001403  0.002038  0.002527
NZD      -0.003340 -0.001747 -0.000741  0.000000  0.000309  0.000663  0.001297  0.001787
EUR      -0.003648 -0.002056 -0.001049 -0.000309  0.000000  0.000354  0.000988  0.001478
CHF      -0.004002 -0.002410 -0.001403 -0.000663 -0.000354  0.000000  0.000634  0.001124
USD      -0.004637 -0.003044 -0.002038 -0.001297 -0.000988 -0.000634  0.000000  0.000490
CAD      -0.005126 -0.003534 -0.002527 -0.001787 -0.001478 -0.001124 -0.000490  0.000000
2026-09-11 16:05:04,596 - INFO - 4H Signals:
   pair  score_diff  signal
AUD/USD    0.003044    LONG
EUR/USD    0.000988    LONG
GBP/USD    0.002038    LONG
NZD/USD    0.001297    LONG
USD/CAD    0.000490 NEUTRAL
USD/CHF   -0.000634   SHORT
USD/JPY   -0.004637   SHORT
2026-09-11 16:05:04,599 - INFO - Saved signals_4h.csv with 7 rows
JOURNAL_LOCK_ACQUIRED pid=26672
Added 7 new journal rows.
Directional signals: 6
Neutral signals: 1
Recorded entry prices: 6
Missing entry prices: 0
Saved to: signals_journal.csv
JOURNAL_LOCK_RELEASED pid=26672
2026-09-11 16:05:05,376 - INFO - D1: saved price_history_1d.csv; total rows=70; minimum per pair=10
2026-09-11 16:05:05,383 - INFO - H4: saved price_history_4h.csv; total rows=315; minimum per pair=45
2026-09-11 16:05:05,394 - INFO - H1: saved price_history_1h.csv; total rows=1043; minimum per pair=149
2026-09-11 16:05:06,031 - INFO - Saved reversal_signals.json
2026-09-11 16:05:06,595 - INFO - Saved dashboard_snapshot_v2.json with 7 pairs
H4 scan completed: Fri 09/11/2026 16:05:06.64

==================================================
H4 scan started: Fri 09/11/2026 20:05:01.39
2026-09-11 20:05:02,618 - INFO - Requesting interval=4h, outputsize=5
2026-09-11 20:05:03,645 - INFO - 4H AUD/USD -> bar_open=2026-09-11T13:00:00+00:00 bar_close=2026-09-11T17:00:00+00:00 age=0:05:02.618048 open=0.7184 close=0.71757 change=-0.001155
2026-09-11 20:05:03,646 - INFO - 4H EUR/USD -> bar_open=2026-09-11T13:00:00+00:00 bar_close=2026-09-11T17:00:00+00:00 age=0:05:02.618048 open=1.16014 close=1.15994 change=-0.000172
2026-09-11 20:05:03,647 - INFO - 4H GBP/USD -> bar_open=2026-09-11T13:00:00+00:00 bar_close=2026-09-11T17:00:00+00:00 age=0:05:02.618048 open=1.35215 close=1.35237 change=0.000163
2026-09-11 20:05:03,648 - INFO - 4H NZD/USD -> bar_open=2026-09-11T13:00:00+00:00 bar_close=2026-09-11T17:00:00+00:00 age=0:05:02.618048 open=0.58254 close=0.58167 change=-0.001493
2026-09-11 20:05:03,649 - INFO - 4H USD/CAD -> bar_open=2026-09-11T13:00:00+00:00 bar_close=2026-09-11T17:00:00+00:00 age=0:05:02.618048 open=1.38658 close=1.38642 change=-0.000115
2026-09-11 20:05:03,649 - INFO - 4H USD/CHF -> bar_open=2026-09-11T13:00:00+00:00 bar_close=2026-09-11T17:00:00+00:00 age=0:05:02.618048 open=0.81445 close=0.81611 change=0.002038
2026-09-11 20:05:03,650 - INFO - 4H USD/JPY -> bar_open=2026-09-11T13:00:00+00:00 bar_close=2026-09-11T17:00:00+00:00 age=0:05:02.618048 open=153.55283 close=153.71477 change=0.001055
2026-09-11 20:05:03,676 - INFO - Saved pair_changes_4h.csv with 7 rows
2026-09-11 20:05:04,399 - INFO - 4H input timestamp=2026-09-11T17:00:00+00:00 age=0:05:04.397777 rows=7
2026-09-11 20:05:04,409 - INFO - 4H Currency Strength:
currency  strength
     USD  0.000805
     GBP  0.000163
     CAD  0.000115
     EUR -0.000172
     JPY -0.001055
     AUD -0.001155
     NZD -0.001493
     CHF -0.002038
2026-09-11 20:05:04,411 - INFO - 4H Base/Quote Strength Matrix:
               USD       GBP       CAD       EUR       JPY       AUD       NZD       CHF
currency                                                                                
USD       0.000000  0.000642  0.000690  0.000978  0.001860  0.001960  0.002299  0.002843
GBP      -0.000642  0.000000  0.000047  0.000335  0.001217  0.001318  0.001656  0.002201
CAD      -0.000690 -0.000047  0.000000  0.000288  0.001170  0.001271  0.001609  0.002154
EUR      -0.000978 -0.000335 -0.000288  0.000000  0.000882  0.000983  0.001321  0.001866
JPY      -0.001860 -0.001217 -0.001170 -0.000882  0.000000  0.000101  0.000439  0.000984
AUD      -0.001960 -0.001318 -0.001271 -0.000983 -0.000101  0.000000  0.000338  0.000883
NZD      -0.002299 -0.001656 -0.001609 -0.001321 -0.000439 -0.000338  0.000000  0.000545
CHF      -0.002843 -0.002201 -0.002154 -0.001866 -0.000984 -0.000883 -0.000545  0.000000
2026-09-11 20:05:04,414 - INFO - 4H Signals:
   pair  score_diff signal
AUD/USD   -0.001960  SHORT
EUR/USD   -0.000978  SHORT
GBP/USD   -0.000642  SHORT
NZD/USD   -0.002299  SHORT
USD/CAD    0.000690   LONG
USD/CHF    0.002843   LONG
USD/JPY    0.001860   LONG
2026-09-11 20:05:04,416 - INFO - Saved signals_4h.csv with 7 rows
JOURNAL_LOCK_ACQUIRED pid=8400
Added 7 new journal rows.
Directional signals: 7
Neutral signals: 0
Recorded entry prices: 7
Missing entry prices: 0
Saved to: signals_journal.csv
JOURNAL_LOCK_RELEASED pid=8400
2026-09-11 20:05:05,280 - INFO - D1: saved price_history_1d.csv; total rows=70; minimum per pair=10
2026-09-11 20:05:05,291 - INFO - H4: saved price_history_4h.csv; total rows=322; minimum per pair=46
2026-09-11 20:05:05,304 - INFO - H1: saved price_history_1h.csv; total rows=1071; minimum per pair=153
2026-09-11 20:05:07,858 - INFO - Saved reversal_signals.json
2026-09-11 20:05:08,600 - INFO - Saved dashboard_snapshot_v2.json with 7 pairs
H4 scan completed: Fri 09/11/2026 20:05:08.66

==================================================
H4 scan started: Sat 09/12/2026  0:05:02.11
2026-09-12 00:05:03,688 - INFO - Requesting interval=4h, outputsize=5
2026-09-12 00:05:04,304 - INFO - 4H AUD/USD -> bar_open=2026-09-11T17:00:00+00:00 bar_close=2026-09-11T21:00:00+00:00 age=0:05:03.688443 open=0.71756 close=0.71711 change=-0.000627
2026-09-12 00:05:04,305 - INFO - 4H EUR/USD -> bar_open=2026-09-11T17:00:00+00:00 bar_close=2026-09-11T21:00:00+00:00 age=0:05:03.688443 open=1.15994 close=1.15989 change=-0.000043
2026-09-12 00:05:04,306 - INFO - 4H GBP/USD -> bar_open=2026-09-11T17:00:00+00:00 bar_close=2026-09-11T21:00:00+00:00 age=0:05:03.688443 open=1.35233 close=1.3526 change=0.000200
2026-09-12 00:05:04,307 - INFO - 4H NZD/USD -> bar_open=2026-09-11T17:00:00+00:00 bar_close=2026-09-11T21:00:00+00:00 age=0:05:03.688443 open=0.58163 close=0.58135 change=-0.000481
2026-09-12 00:05:04,308 - INFO - 4H USD/CAD -> bar_open=2026-09-11T17:00:00+00:00 bar_close=2026-09-11T21:00:00+00:00 age=0:05:03.688443 open=1.38643 close=1.38725 change=0.000591
2026-09-12 00:05:04,309 - INFO - 4H USD/CHF -> bar_open=2026-09-11T17:00:00+00:00 bar_close=2026-09-11T21:00:00+00:00 age=0:05:03.688443 open=0.8161 close=0.81645 change=0.000429
2026-09-12 00:05:04,309 - INFO - 4H USD/JPY -> bar_open=2026-09-11T17:00:00+00:00 bar_close=2026-09-11T21:00:00+00:00 age=0:05:03.688443 open=153.71518 close=153.52682 change=-0.001225
2026-09-12 00:05:04,329 - INFO - Saved pair_changes_4h.csv with 7 rows
2026-09-12 00:05:04,943 - INFO - 4H input timestamp=2026-09-11T21:00:00+00:00 age=0:05:04.943838 rows=7
2026-09-12 00:05:04,952 - INFO - 4H Currency Strength:
currency  strength
     JPY  0.001225
     GBP  0.000200
     USD  0.000107
     EUR -0.000043
     CHF -0.000429
     NZD -0.000481
     CAD -0.000591
     AUD -0.000627
2026-09-12 00:05:04,954 - INFO - 4H Base/Quote Strength Matrix:
               JPY       GBP       USD       EUR       CHF       NZD       CAD       AUD
currency                                                                                
JPY       0.000000  0.001026  0.001119  0.001268  0.001654  0.001707  0.001817  0.001853
GBP      -0.001026  0.000000  0.000093  0.000243  0.000629  0.000681  0.000791  0.000827
USD      -0.001119 -0.000093  0.000000  0.000150  0.000536  0.000588  0.000698  0.000734
EUR      -0.001268 -0.000243 -0.000150  0.000000  0.000386  0.000438  0.000548  0.000584
CHF      -0.001654 -0.000629 -0.000536 -0.000386  0.000000  0.000053  0.000163  0.000198
NZD      -0.001707 -0.000681 -0.000588 -0.000438 -0.000053  0.000000  0.000110  0.000146
CAD      -0.001817 -0.000791 -0.000698 -0.000548 -0.000163 -0.000110  0.000000  0.000036
AUD      -0.001853 -0.000827 -0.000734 -0.000584 -0.000198 -0.000146 -0.000036  0.000000
2026-09-12 00:05:04,956 - INFO - 4H Signals:
   pair  score_diff  signal
AUD/USD   -0.000734   SHORT
EUR/USD   -0.000150 NEUTRAL
GBP/USD    0.000093 NEUTRAL
NZD/USD   -0.000588   SHORT
USD/CAD    0.000698    LONG
USD/CHF    0.000536    LONG
USD/JPY   -0.001119   SHORT
2026-09-12 00:05:04,958 - INFO - Saved signals_4h.csv with 7 rows
JOURNAL_LOCK_ACQUIRED pid=20516
Added 7 new journal rows.
Directional signals: 5
Neutral signals: 2
Recorded entry prices: 5
Missing entry prices: 0
Saved to: signals_journal.csv
JOURNAL_LOCK_RELEASED pid=20516
2026-09-12 00:05:05,529 - INFO - D1: saved price_history_1d.csv; total rows=70; minimum per pair=10
2026-09-12 00:05:05,537 - INFO - H4: saved price_history_4h.csv; total rows=329; minimum per pair=47
2026-09-12 00:05:05,563 - INFO - H1: saved price_history_1h.csv; total rows=1099; minimum per pair=157
2026-09-12 00:05:07,356 - INFO - Saved reversal_signals.json

==================================================
H4 scan started: Sat 09/12/2026  4:05:01.44
2026-09-12 04:05:03,055 - INFO - Requesting interval=4h, outputsize=5
2026-09-12 04:05:03,639 - INFO - 4H AUD/USD -> bar_open=2026-09-11T21:00:00+00:00 bar_close=2026-09-12T01:00:00+00:00 age=0:05:03.055768 open=0.71709 close=0.71711 change=0.000028
2026-09-12 04:05:03,640 - INFO - 4H EUR/USD -> bar_open=2026-09-11T21:00:00+00:00 bar_close=2026-09-12T01:00:00+00:00 age=0:05:03.055768 open=1.15986 close=1.15986 change=0.000000
2026-09-12 04:05:03,641 - INFO - 4H GBP/USD -> bar_open=2026-09-11T21:00:00+00:00 bar_close=2026-09-12T01:00:00+00:00 age=0:05:03.055768 open=1.3526 close=1.35283 change=0.000170
2026-09-12 04:05:03,641 - INFO - 4H NZD/USD -> bar_open=2026-09-11T21:00:00+00:00 bar_close=2026-09-12T01:00:00+00:00 age=0:05:03.055768 open=0.58134 close=0.58136 change=0.000034
2026-09-12 04:05:03,642 - INFO - 4H USD/CAD -> bar_open=2026-09-11T21:00:00+00:00 bar_close=2026-09-12T01:00:00+00:00 age=0:05:03.055768 open=1.38722 close=1.38708 change=-0.000101
2026-09-12 04:05:03,643 - INFO - 4H USD/CHF -> bar_open=2026-09-11T21:00:00+00:00 bar_close=2026-09-12T01:00:00+00:00 age=0:05:03.055768 open=0.81645 close=0.81652 change=0.000086
2026-09-12 04:05:03,644 - INFO - 4H USD/JPY -> bar_open=2026-09-11T21:00:00+00:00 bar_close=2026-09-12T01:00:00+00:00 age=0:05:03.055768 open=153.51533 close=153.5698 change=0.000355
2026-09-12 04:05:03,724 - INFO - Saved pair_changes_4h.csv with 7 rows
2026-09-12 04:05:04,682 - INFO - 4H input timestamp=2026-09-12T01:00:00+00:00 age=0:05:04.681027 rows=7
2026-09-12 04:05:04,690 - INFO - 4H Currency Strength:
currency  strength
     GBP  0.000170
     CAD  0.000101
     NZD  0.000034
     AUD  0.000028
     USD  0.000015
     EUR  0.000000
     CHF -0.000086
     JPY -0.000355
2026-09-12 04:05:04,693 - INFO - 4H Base/Quote Strength Matrix:
               GBP       CAD       NZD       AUD       USD       EUR       CHF       JPY
currency                                                                                
GBP       0.000000  0.000069  0.000136  0.000142  0.000155  0.000170  0.000256  0.000525
CAD      -0.000069  0.000000  0.000067  0.000073  0.000086  0.000101  0.000187  0.000456
NZD      -0.000136 -0.000067  0.000000  0.000007  0.000019  0.000034  0.000120  0.000389
AUD      -0.000142 -0.000073 -0.000007  0.000000  0.000013  0.000028  0.000114  0.000383
USD      -0.000155 -0.000086 -0.000019 -0.000013  0.000000  0.000015  0.000101  0.000370
EUR      -0.000170 -0.000101 -0.000034 -0.000028 -0.000015  0.000000  0.000086  0.000355
CHF      -0.000256 -0.000187 -0.000120 -0.000114 -0.000101 -0.000086  0.000000  0.000269
JPY      -0.000525 -0.000456 -0.000389 -0.000383 -0.000370 -0.000355 -0.000269  0.000000
2026-09-12 04:05:04,695 - INFO - 4H Signals:
   pair  score_diff  signal
AUD/USD    0.000013 NEUTRAL
EUR/USD   -0.000015 NEUTRAL
GBP/USD    0.000155 NEUTRAL
NZD/USD    0.000019 NEUTRAL
USD/CAD   -0.000086 NEUTRAL
USD/CHF    0.000101 NEUTRAL
USD/JPY    0.000370 NEUTRAL
2026-09-12 04:05:04,697 - INFO - Saved signals_4h.csv with 7 rows
JOURNAL_LOCK_ACQUIRED pid=31844
Added 7 new journal rows.
Directional signals: 0
Neutral signals: 7
Recorded entry prices: 0
Missing entry prices: 0
Saved to: signals_journal.csv
JOURNAL_LOCK_RELEASED pid=31844
2026-09-12 04:05:05,571 - INFO - D1: saved price_history_1d.csv; total rows=77; minimum per pair=11
2026-09-12 04:05:05,579 - INFO - H4: saved price_history_4h.csv; total rows=336; minimum per pair=48
2026-09-12 04:05:05,592 - INFO - H1: saved price_history_1h.csv; total rows=1120; minimum per pair=160
2026-09-12 04:05:06,249 - INFO - Saved reversal_signals.json
2026-09-12 04:05:06,950 - INFO - Saved dashboard_snapshot_v2.json with 7 pairs
H4 scan completed: Sat 09/12/2026  4:05:07.00

==================================================
H4 scan started: Sat 09/12/2026 11:48:10.78
2026-09-12 11:48:17,973 - INFO - Requesting interval=4h, outputsize=5
2026-09-12 11:48:18,633 - INFO - 4H AUD/USD -> bar_open=2026-09-12T01:00:00+00:00 bar_close=2026-09-12T05:00:00+00:00 age=3:48:17.973912 open=0.7171 close=0.71709 change=-0.000014
2026-09-12 11:48:18,634 - INFO - 4H EUR/USD -> bar_open=2026-09-12T01:00:00+00:00 bar_close=2026-09-12T05:00:00+00:00 age=3:48:17.973912 open=1.15983 close=1.15985 change=0.000017
2026-09-12 11:48:18,635 - INFO - 4H GBP/USD -> bar_open=2026-09-12T01:00:00+00:00 bar_close=2026-09-12T05:00:00+00:00 age=3:48:17.973912 open=1.3528 close=1.35281 change=0.000007
2026-09-12 11:48:18,636 - INFO - 4H NZD/USD -> bar_open=2026-09-12T01:00:00+00:00 bar_close=2026-09-12T05:00:00+00:00 age=3:48:17.973912 open=0.58135 close=0.58136 change=0.000017
2026-09-12 11:48:18,637 - INFO - 4H USD/CAD -> bar_open=2026-09-12T01:00:00+00:00 bar_close=2026-09-12T05:00:00+00:00 age=3:48:17.973912 open=1.38706 close=1.38712 change=0.000043
2026-09-12 11:48:18,638 - INFO - 4H USD/CHF -> bar_open=2026-09-12T01:00:00+00:00 bar_close=2026-09-12T05:00:00+00:00 age=3:48:17.973912 open=0.81651 close=0.81651 change=0.000000
2026-09-12 11:48:18,639 - INFO - 4H USD/JPY -> bar_open=2026-09-12T01:00:00+00:00 bar_close=2026-09-12T05:00:00+00:00 age=3:48:17.973912 open=153.5675 close=153.56977 change=0.000015
2026-09-12 11:48:18,658 - INFO - Saved pair_changes_4h.csv with 7 rows
2026-09-12 11:48:19,509 - INFO - 4H input timestamp=2026-09-12T05:00:00+00:00 age=3:48:19.508466 rows=7
2026-09-12 11:48:19,518 - INFO - 4H Currency Strength:
currency  strength
     EUR  0.000017
     NZD  0.000017
     GBP  0.000007
     USD  0.000004
     CHF  0.000000
     AUD -0.000014
     JPY -0.000015
     CAD -0.000043
2026-09-12 11:48:19,520 - INFO - 4H Base/Quote Strength Matrix:
                   EUR           NZD       GBP       USD       CHF           AUD           JPY       CAD
currency                                                                                                
EUR       0.000000e+00  4.256473e-08  0.000010  0.000013  0.000017  3.118896e-05  3.202568e-05  0.000061
NZD      -4.256473e-08  0.000000e+00  0.000010  0.000013  0.000017  3.114640e-05  3.198312e-05  0.000060
GBP      -9.851831e-06 -9.809266e-06  0.000000  0.000003  0.000007  2.133713e-05  2.217385e-05  0.000051
USD      -1.293727e-05 -1.289470e-05 -0.000003  0.000000  0.000004  1.825169e-05  1.908841e-05  0.000048
CHF      -1.724391e-05 -1.720134e-05 -0.000007 -0.000004  0.000000  1.394506e-05  1.478177e-05  0.000043
AUD      -3.118896e-05 -3.114640e-05 -0.000021 -0.000018 -0.000014  0.000000e+00  8.367170e-07  0.000029
JPY      -3.202568e-05 -3.198312e-05 -0.000022 -0.000019 -0.000015 -8.367170e-07  0.000000e+00  0.000028
CAD      -6.050087e-05 -6.045830e-05 -0.000051 -0.000048 -0.000043 -2.931190e-05 -2.847519e-05  0.000000
2026-09-12 11:48:19,523 - INFO - 4H Signals:
   pair  score_diff  signal
AUD/USD   -0.000018 NEUTRAL
EUR/USD    0.000013 NEUTRAL
GBP/USD    0.000003 NEUTRAL
NZD/USD    0.000013 NEUTRAL
USD/CAD    0.000048 NEUTRAL
USD/CHF    0.000004 NEUTRAL
USD/JPY    0.000019 NEUTRAL
2026-09-12 11:48:19,525 - INFO - Saved signals_4h.csv with 7 rows
JOURNAL_LOCK_ACQUIRED pid=28500
Added 7 new journal rows.
Directional signals: 0
Neutral signals: 7
Recorded entry prices: 0
Missing entry prices: 0
Saved to: signals_journal.csv
JOURNAL_LOCK_RELEASED pid=28500
2026-09-12 11:48:20,233 - INFO - D1: saved price_history_1d.csv; total rows=77; minimum per pair=11
2026-09-12 11:48:20,241 - INFO - H4: saved price_history_4h.csv; total rows=343; minimum per pair=49
2026-09-12 11:48:20,253 - INFO - H1: saved price_history_1h.csv; total rows=1134; minimum per pair=162
2026-09-12 11:48:20,706 - INFO - Saved reversal_signals.json
2026-09-12 11:48:21,387 - INFO - Saved dashboard_snapshot_v2.json with 7 pairs
H4 scan completed: Sat 09/12/2026 11:48:21.46

==================================================
H4 scan started: Sat 09/12/2026 12:05:12.72
2026-09-12 12:05:27,789 - INFO - Requesting interval=4h, outputsize=5
2026-09-12 12:05:28,878 - INFO - 4H AUD/USD -> bar_open=2026-09-12T05:00:00+00:00 bar_close=2026-09-12T09:00:00+00:00 age=0:05:27.789942 open=0.71709 close=0.71708 change=-0.000014
2026-09-12 12:05:28,880 - INFO - 4H EUR/USD -> bar_open=2026-09-12T05:00:00+00:00 bar_close=2026-09-12T09:00:00+00:00 age=0:05:27.789942 open=1.15983 close=1.15982 change=-0.000009
2026-09-12 12:05:28,882 - INFO - 4H GBP/USD -> bar_open=2026-09-12T05:00:00+00:00 bar_close=2026-09-12T09:00:00+00:00 age=0:05:27.789942 open=1.35279 close=1.35285 change=0.000044
2026-09-12 12:05:28,883 - INFO - 4H NZD/USD -> bar_open=2026-09-12T05:00:00+00:00 bar_close=2026-09-12T09:00:00+00:00 age=0:05:27.789942 open=0.58135 close=0.58134 change=-0.000017
2026-09-12 12:05:28,885 - INFO - 4H USD/CAD -> bar_open=2026-09-12T05:00:00+00:00 bar_close=2026-09-12T09:00:00+00:00 age=0:05:27.789942 open=1.38712 close=1.38711 change=-0.000007
2026-09-12 12:05:28,886 - INFO - 4H USD/CHF -> bar_open=2026-09-12T05:00:00+00:00 bar_close=2026-09-12T09:00:00+00:00 age=0:05:27.789942 open=0.81651 close=0.8165 change=-0.000012
2026-09-12 12:05:28,887 - INFO - 4H USD/JPY -> bar_open=2026-09-12T05:00:00+00:00 bar_close=2026-09-12T09:00:00+00:00 age=0:05:27.789942 open=153.56631 close=153.56859 change=0.000015
2026-09-12 12:05:28,915 - INFO - Saved pair_changes_4h.csv with 7 rows
2026-09-12 12:05:32,951 - INFO - 4H input timestamp=2026-09-12T09:00:00+00:00 age=0:05:32.950019 rows=7
2026-09-12 12:05:32,963 - INFO - 4H Currency Strength:
currency  strength
     GBP  0.000044
     CHF  0.000012
     CAD  0.000007
     USD -0.000001
     EUR -0.000009
     AUD -0.000014
     JPY -0.000015
     NZD -0.000017
2026-09-12 12:05:32,967 - INFO - 4H Base/Quote Strength Matrix:
               GBP       CHF       CAD       USD       EUR           AUD           JPY       NZD
currency                                                                                        
GBP       0.000000  0.000032  0.000037  0.000046  0.000053  5.829803e-05  5.919979e-05  0.000062
CHF      -0.000032  0.000000  0.000005  0.000014  0.000021  2.619250e-05  2.709425e-05  0.000029
CAD      -0.000037 -0.000005  0.000000  0.000009  0.000016  2.115443e-05  2.205619e-05  0.000024
USD      -0.000046 -0.000014 -0.000009  0.000000  0.000007  1.263187e-05  1.353363e-05  0.000016
EUR      -0.000053 -0.000021 -0.000016 -0.000007  0.000000  5.323298e-06  6.225053e-06  0.000009
AUD      -0.000058 -0.000026 -0.000021 -0.000013 -0.000005  0.000000e+00  9.017555e-07  0.000003
JPY      -0.000059 -0.000027 -0.000022 -0.000014 -0.000006 -9.017555e-07  0.000000e+00  0.000002
NZD      -0.000062 -0.000029 -0.000024 -0.000016 -0.000009 -3.256091e-06 -2.354335e-06  0.000000
2026-09-12 12:05:32,971 - INFO - 4H Signals:
   pair  score_diff  signal
AUD/USD   -0.000013 NEUTRAL
EUR/USD   -0.000007 NEUTRAL
GBP/USD    0.000046 NEUTRAL
NZD/USD   -0.000016 NEUTRAL
USD/CAD   -0.000009 NEUTRAL
USD/CHF   -0.000014 NEUTRAL
USD/JPY    0.000014 NEUTRAL
2026-09-12 12:05:32,976 - INFO - Saved signals_4h.csv with 7 rows
JOURNAL_LOCK_ACQUIRED pid=25012
Added 7 new journal rows.
Directional signals: 0
Neutral signals: 7
Recorded entry prices: 0
Missing entry prices: 0
Saved to: signals_journal.csv
JOURNAL_LOCK_RELEASED pid=25012
2026-09-12 12:05:33,859 - INFO - D1: saved price_history_1d.csv; total rows=77; minimum per pair=11
2026-09-12 12:05:33,867 - INFO - H4: saved price_history_4h.csv; total rows=350; minimum per pair=50
2026-09-12 12:05:33,880 - INFO - H1: saved price_history_1h.csv; total rows=1134; minimum per pair=162
2026-09-12 12:05:34,384 - INFO - Saved reversal_signals.json
2026-09-12 12:05:34,886 - INFO - Saved dashboard_snapshot_v2.json with 7 pairs
H4 scan completed: Sat 09/12/2026 12:05:34.94

==================================================
H4 scan started: Sat 09/12/2026 16:05:01.92
2026-09-12 16:05:03,211 - INFO - Requesting interval=4h, outputsize=5
2026-09-12 16:05:03,704 - INFO - 4H AUD/USD -> bar_open=2026-09-12T09:00:00+00:00 bar_close=2026-09-12T13:00:00+00:00 age=0:05:03.211690 open=0.71709 close=0.71711 change=0.000028
2026-09-12 16:05:03,706 - INFO - 4H EUR/USD -> bar_open=2026-09-12T09:00:00+00:00 bar_close=2026-09-12T13:00:00+00:00 age=0:05:03.211690 open=1.15983 close=1.15997 change=0.000121
2026-09-12 16:05:03,707 - INFO - 4H GBP/USD -> bar_open=2026-09-12T09:00:00+00:00 bar_close=2026-09-12T13:00:00+00:00 age=0:05:03.211690 open=1.35281 close=1.35278 change=-0.000022
2026-09-12 16:05:03,708 - INFO - 4H NZD/USD -> bar_open=2026-09-12T09:00:00+00:00 bar_close=2026-09-12T13:00:00+00:00 age=0:05:03.211690 open=0.58135 close=0.58135 change=0.000000
2026-09-12 16:05:03,708 - INFO - 4H USD/CAD -> bar_open=2026-09-12T09:00:00+00:00 bar_close=2026-09-12T13:00:00+00:00 age=0:05:03.211690 open=1.38708 close=1.38661 change=-0.000339
2026-09-12 16:05:03,709 - INFO - 4H USD/CHF -> bar_open=2026-09-12T09:00:00+00:00 bar_close=2026-09-12T13:00:00+00:00 age=0:05:03.211690 open=0.81651 close=0.81645 change=-0.000073
2026-09-12 16:05:03,710 - INFO - 4H USD/JPY -> bar_open=2026-09-12T09:00:00+00:00 bar_close=2026-09-12T13:00:00+00:00 age=0:05:03.211690 open=153.56613 close=153.57309 change=0.000045
2026-09-12 16:05:03,728 - INFO - Saved pair_changes_4h.csv with 7 rows
2026-09-12 16:05:04,172 - INFO - 4H input timestamp=2026-09-12T13:00:00+00:00 age=0:05:04.171924 rows=7
2026-09-12 16:05:04,179 - INFO - 4H Currency Strength:
currency  strength
     CAD  0.000339
     EUR  0.000121
     CHF  0.000073
     AUD  0.000028
     NZD  0.000000
     GBP -0.000022
     JPY -0.000045
     USD -0.000070
2026-09-12 16:05:04,181 - INFO - 4H Base/Quote Strength Matrix:
               CAD       EUR       CHF       AUD       NZD       GBP       JPY       USD
currency                                                                                
CAD       0.000000  0.000218  0.000265  0.000311  0.000339  0.000361  0.000384  0.000409
EUR      -0.000218  0.000000  0.000047  0.000093  0.000121  0.000143  0.000166  0.000191
CHF      -0.000265 -0.000047  0.000000  0.000046  0.000073  0.000096  0.000119  0.000144
AUD      -0.000311 -0.000093 -0.000046  0.000000  0.000028  0.000050  0.000073  0.000098
NZD      -0.000339 -0.000121 -0.000073 -0.000028  0.000000  0.000022  0.000045  0.000070
GBP      -0.000361 -0.000143 -0.000096 -0.000050 -0.000022  0.000000  0.000023  0.000048
JPY      -0.000384 -0.000166 -0.000119 -0.000073 -0.000045 -0.000023  0.000000  0.000025
USD      -0.000409 -0.000191 -0.000144 -0.000098 -0.000070 -0.000048 -0.000025  0.000000
2026-09-12 16:05:04,183 - INFO - 4H Signals:
   pair  score_diff  signal
AUD/USD    0.000098 NEUTRAL
EUR/USD    0.000191 NEUTRAL
GBP/USD    0.000048 NEUTRAL
NZD/USD    0.000070 NEUTRAL
USD/CAD   -0.000409 NEUTRAL
USD/CHF   -0.000144 NEUTRAL
USD/JPY   -0.000025 NEUTRAL
2026-09-12 16:05:04,185 - INFO - Saved signals_4h.csv with 7 rows
JOURNAL_LOCK_ACQUIRED pid=29400
Added 7 new journal rows.
Directional signals: 0
Neutral signals: 7
Recorded entry prices: 0
Missing entry prices: 0
Saved to: signals_journal.csv
JOURNAL_LOCK_RELEASED pid=29400
2026-09-12 16:05:04,739 - INFO - D1: saved price_history_1d.csv; total rows=77; minimum per pair=11
2026-09-12 16:05:04,749 - INFO - H4: saved price_history_4h.csv; total rows=357; minimum per pair=51
2026-09-12 16:05:04,762 - INFO - H1: saved price_history_1h.csv; total rows=1162; minimum per pair=166
2026-09-12 16:05:05,288 - INFO - Saved reversal_signals.json
2026-09-12 16:05:05,761 - INFO - Saved dashboard_snapshot_v2.json with 7 pairs
H4 scan completed: Sat 09/12/2026 16:05:05.82

==================================================
H4 scan started: Sat 09/12/2026 20:05:01.94
2026-09-12 20:05:03,312 - INFO - Requesting interval=4h, outputsize=5
2026-09-12 20:05:04,016 - INFO - 4H AUD/USD -> bar_open=2026-09-12T13:00:00+00:00 bar_close=2026-09-12T17:00:00+00:00 age=0:05:03.312351 open=0.71711 close=0.7171 change=-0.000014
2026-09-12 20:05:04,017 - INFO - 4H EUR/USD -> bar_open=2026-09-12T13:00:00+00:00 bar_close=2026-09-12T17:00:00+00:00 age=0:05:03.312351 open=1.15996 close=1.16005 change=0.000078
2026-09-12 20:05:04,018 - INFO - 4H GBP/USD -> bar_open=2026-09-12T13:00:00+00:00 bar_close=2026-09-12T17:00:00+00:00 age=0:05:03.312351 open=1.35279 close=1.35285 change=0.000044
2026-09-12 20:05:04,018 - INFO - 4H NZD/USD -> bar_open=2026-09-12T13:00:00+00:00 bar_close=2026-09-12T17:00:00+00:00 age=0:05:03.312351 open=0.58135 close=0.58136 change=0.000017
2026-09-12 20:05:04,019 - INFO - 4H USD/CAD -> bar_open=2026-09-12T13:00:00+00:00 bar_close=2026-09-12T17:00:00+00:00 age=0:05:03.312351 open=1.38671 close=1.38669 change=-0.000014
2026-09-12 20:05:04,020 - INFO - 4H USD/CHF -> bar_open=2026-09-12T13:00:00+00:00 bar_close=2026-09-12T17:00:00+00:00 age=0:05:03.312351 open=0.81645 close=0.81649 change=0.000049
2026-09-12 20:05:04,021 - INFO - 4H USD/JPY -> bar_open=2026-09-12T13:00:00+00:00 bar_close=2026-09-12T17:00:00+00:00 age=0:05:03.312351 open=153.5696 close=153.56672 change=-0.000019
2026-09-12 20:05:04,036 - INFO - Saved pair_changes_4h.csv with 7 rows
2026-09-12 20:05:04,460 - INFO - 4H input timestamp=2026-09-12T17:00:00+00:00 age=0:05:04.460438 rows=7
2026-09-12 20:05:04,466 - INFO - 4H Currency Strength:
currency  strength
     EUR  0.000078
     GBP  0.000044
     JPY  0.000019
     NZD  0.000017
     CAD  0.000014
     AUD -0.000014
     USD -0.000016
     CHF -0.000049
2026-09-12 20:05:04,468 - INFO - 4H Base/Quote Strength Matrix:
               EUR       GBP       JPY       NZD       CAD       AUD       USD       CHF
currency                                                                                
EUR       0.000000  0.000033  0.000059  0.000060  0.000063  0.000092  0.000093  0.000127
GBP      -0.000033  0.000000  0.000026  0.000027  0.000030  0.000058  0.000060  0.000093
JPY      -0.000059 -0.000026  0.000000  0.000002  0.000004  0.000033  0.000034  0.000068
NZD      -0.000060 -0.000027 -0.000002  0.000000  0.000003  0.000031  0.000033  0.000066
CAD      -0.000063 -0.000030 -0.000004 -0.000003  0.000000  0.000028  0.000030  0.000063
AUD      -0.000092 -0.000058 -0.000033 -0.000031 -0.000028  0.000000  0.000002  0.000035
USD      -0.000093 -0.000060 -0.000034 -0.000033 -0.000030 -0.000002  0.000000  0.000033
CHF      -0.000127 -0.000093 -0.000068 -0.000066 -0.000063 -0.000035 -0.000033  0.000000
2026-09-12 20:05:04,470 - INFO - 4H Signals:
   pair  score_diff  signal
AUD/USD    0.000002 NEUTRAL
EUR/USD    0.000093 NEUTRAL
GBP/USD    0.000060 NEUTRAL
NZD/USD    0.000033 NEUTRAL
USD/CAD   -0.000030 NEUTRAL
USD/CHF    0.000033 NEUTRAL
USD/JPY   -0.000034 NEUTRAL
2026-09-12 20:05:04,472 - INFO - Saved signals_4h.csv with 7 rows
JOURNAL_LOCK_ACQUIRED pid=4864
Added 7 new journal rows.
Directional signals: 0
Neutral signals: 7
Recorded entry prices: 0
Missing entry prices: 0
Saved to: signals_journal.csv
JOURNAL_LOCK_RELEASED pid=4864
2026-09-12 20:05:05,029 - INFO - D1: saved price_history_1d.csv; total rows=77; minimum per pair=11
2026-09-12 20:05:05,038 - INFO - H4: saved price_history_4h.csv; total rows=364; minimum per pair=52
2026-09-12 20:05:05,053 - INFO - H1: saved price_history_1h.csv; total rows=1176; minimum per pair=168
2026-09-12 20:05:05,636 - INFO - Saved reversal_signals.json
2026-09-12 20:05:06,162 - INFO - Saved dashboard_snapshot_v2.json with 7 pairs
H4 scan completed: Sat 09/12/2026 20:05:06.21

==================================================
H4 scan started: Sun 09/13/2026  0:05:01.71
2026-09-13 00:05:02,988 - INFO - Requesting interval=4h, outputsize=5
2026-09-13 00:05:03,455 - INFO - 4H AUD/USD -> bar_open=2026-09-12T17:00:00+00:00 bar_close=2026-09-12T21:00:00+00:00 age=0:05:02.988693 open=0.71709 close=0.71711 change=0.000028
2026-09-13 00:05:03,456 - INFO - 4H EUR/USD -> bar_open=2026-09-12T17:00:00+00:00 bar_close=2026-09-12T21:00:00+00:00 age=0:05:02.988693 open=1.16004 close=1.15988 change=-0.000138
2026-09-13 00:05:03,457 - INFO - 4H GBP/USD -> bar_open=2026-09-12T17:00:00+00:00 bar_close=2026-09-12T21:00:00+00:00 age=0:05:02.988693 open=1.35283 close=1.35282 change=-0.000007
2026-09-13 00:05:03,458 - INFO - 4H NZD/USD -> bar_open=2026-09-12T17:00:00+00:00 bar_close=2026-09-12T21:00:00+00:00 age=0:05:02.988693 open=0.58135 close=0.58136 change=0.000017
2026-09-13 00:05:03,458 - INFO - 4H USD/CAD -> bar_open=2026-09-12T17:00:00+00:00 bar_close=2026-09-12T21:00:00+00:00 age=0:05:02.988693 open=1.38669 close=1.38697 change=0.000202
2026-09-13 00:05:03,459 - INFO - 4H USD/CHF -> bar_open=2026-09-12T17:00:00+00:00 bar_close=2026-09-12T21:00:00+00:00 age=0:05:02.988693 open=0.81648 close=0.8165 change=0.000024
2026-09-13 00:05:03,460 - INFO - 4H USD/JPY -> bar_open=2026-09-12T17:00:00+00:00 bar_close=2026-09-12T21:00:00+00:00 age=0:05:02.988693 open=153.56786 close=153.5706 change=0.000018
2026-09-13 00:05:03,475 - INFO - Saved pair_changes_4h.csv with 7 rows
2026-09-13 00:05:03,908 - INFO - 4H input timestamp=2026-09-12T21:00:00+00:00 age=0:05:03.908818 rows=7
2026-09-13 00:05:03,915 - INFO - 4H Currency Strength:
currency  strength
     USD  0.000049
     AUD  0.000028
     NZD  0.000017
     GBP -0.000007
     JPY -0.000018
     CHF -0.000024
     EUR -0.000138
     CAD -0.000202
2026-09-13 00:05:03,917 - INFO - 4H Base/Quote Strength Matrix:
               USD       AUD       NZD       GBP       JPY       CHF       EUR       CAD
currency                                                                                
USD       0.000000  0.000021  0.000032  0.000057  0.000067  0.000074  0.000187  0.000251
AUD      -0.000021  0.000000  0.000011  0.000035  0.000046  0.000052  0.000166  0.000230
NZD      -0.000032 -0.000011  0.000000  0.000025  0.000035  0.000042  0.000155  0.000219
GBP      -0.000057 -0.000035 -0.000025  0.000000  0.000010  0.000017  0.000131  0.000195
JPY      -0.000067 -0.000046 -0.000035 -0.000010  0.000000  0.000007  0.000120  0.000184
CHF      -0.000074 -0.000052 -0.000042 -0.000017 -0.000007  0.000000  0.000113  0.000177
EUR      -0.000187 -0.000166 -0.000155 -0.000131 -0.000120 -0.000113  0.000000  0.000064
CAD      -0.000251 -0.000230 -0.000219 -0.000195 -0.000184 -0.000177 -0.000064  0.000000
2026-09-13 00:05:03,919 - INFO - 4H Signals:
   pair  score_diff  signal
AUD/USD   -0.000021 NEUTRAL
EUR/USD   -0.000187 NEUTRAL
GBP/USD   -0.000057 NEUTRAL
NZD/USD   -0.000032 NEUTRAL
USD/CAD    0.000251 NEUTRAL
USD/CHF    0.000074 NEUTRAL
USD/JPY    0.000067 NEUTRAL
2026-09-13 00:05:03,921 - INFO - Saved signals_4h.csv with 7 rows
JOURNAL_LOCK_ACQUIRED pid=43968
Added 7 new journal rows.
Directional signals: 0
Neutral signals: 7
Recorded entry prices: 0
Missing entry prices: 0
Saved to: signals_journal.csv
JOURNAL_LOCK_RELEASED pid=43968
2026-09-13 00:05:04,469 - INFO - D1: saved price_history_1d.csv; total rows=77; minimum per pair=11
2026-09-13 00:05:04,476 - INFO - H4: saved price_history_4h.csv; total rows=371; minimum per pair=53
2026-09-13 00:05:04,488 - INFO - H1: saved price_history_1h.csv; total rows=1197; minimum per pair=171
2026-09-13 00:05:04,940 - INFO - Saved reversal_signals.json
2026-09-13 00:05:05,337 - INFO - Saved dashboard_snapshot_v2.json with 7 pairs
H4 scan completed: Sun 09/13/2026  0:05:05.38

==================================================
H4 scan started: Sun 09/13/2026  4:05:02.07
2026-09-13 04:05:03,802 - INFO - Requesting interval=4h, outputsize=5
2026-09-13 04:05:04,328 - INFO - 4H AUD/USD -> bar_open=2026-09-12T21:00:00+00:00 bar_close=2026-09-13T01:00:00+00:00 age=0:05:03.802605 open=0.7171 close=0.71709 change=-0.000014
2026-09-13 04:05:04,329 - INFO - 4H EUR/USD -> bar_open=2026-09-12T21:00:00+00:00 bar_close=2026-09-13T01:00:00+00:00 age=0:05:03.802605 open=1.15986 close=1.15985 change=-0.000009
2026-09-13 04:05:04,329 - INFO - 4H GBP/USD -> bar_open=2026-09-12T21:00:00+00:00 bar_close=2026-09-13T01:00:00+00:00 age=0:05:03.802605 open=1.3528 close=1.35279 change=-0.000007
2026-09-13 04:05:04,330 - INFO - 4H NZD/USD -> bar_open=2026-09-12T21:00:00+00:00 bar_close=2026-09-13T01:00:00+00:00 age=0:05:03.802605 open=0.58135 close=0.58136 change=0.000017
2026-09-13 04:05:04,331 - INFO - 4H USD/CAD -> bar_open=2026-09-12T21:00:00+00:00 bar_close=2026-09-13T01:00:00+00:00 age=0:05:03.802605 open=1.38693 close=1.38701 change=0.000058
2026-09-13 04:05:04,331 - INFO - 4H USD/CHF -> bar_open=2026-09-12T21:00:00+00:00 bar_close=2026-09-13T01:00:00+00:00 age=0:05:03.802605 open=0.81648 close=0.81651 change=0.000037
2026-09-13 04:05:04,332 - INFO - 4H USD/JPY -> bar_open=2026-09-12T21:00:00+00:00 bar_close=2026-09-13T01:00:00+00:00 age=0:05:03.802605 open=153.56871 close=153.57034 change=0.000011
2026-09-13 04:05:04,362 - INFO - Saved pair_changes_4h.csv with 7 rows
2026-09-13 04:05:04,851 - INFO - 4H input timestamp=2026-09-13T01:00:00+00:00 age=0:05:04.851609 rows=7
2026-09-13 04:05:04,858 - INFO - 4H Currency Strength:
currency  strength
     NZD  0.000017
     USD  0.000017
     GBP -0.000007
     EUR -0.000009
     JPY -0.000011
     AUD -0.000014
     CHF -0.000037
     CAD -0.000058
2026-09-13 04:05:04,860 - INFO - 4H Base/Quote Strength Matrix:
                   NZD           USD       GBP       EUR       JPY       AUD       CHF       CAD
currency                                                                                        
NZD       0.000000e+00  3.733263e-07  0.000025  0.000026  0.000028  0.000031  0.000054  0.000075
USD      -3.733263e-07  0.000000e+00  0.000024  0.000025  0.000027  0.000031  0.000054  0.000075
GBP      -2.459342e-05 -2.422009e-05  0.000000  0.000001  0.000003  0.000007  0.000029  0.000050
EUR      -2.582307e-05 -2.544975e-05 -0.000001  0.000000  0.000002  0.000005  0.000028  0.000049
JPY      -2.781548e-05 -2.744216e-05 -0.000003 -0.000002  0.000000  0.000003  0.000026  0.000047
AUD      -3.114640e-05 -3.077307e-05 -0.000007 -0.000005 -0.000003  0.000000  0.000023  0.000044
CHF      -5.394443e-05 -5.357111e-05 -0.000029 -0.000028 -0.000026 -0.000023  0.000000  0.000021
CAD      -7.488270e-05 -7.450937e-05 -0.000050 -0.000049 -0.000047 -0.000044 -0.000021  0.000000
2026-09-13 04:05:04,862 - INFO - 4H Signals:
   pair    score_diff  signal
AUD/USD -3.077307e-05 NEUTRAL
EUR/USD -2.544975e-05 NEUTRAL
GBP/USD -2.422009e-05 NEUTRAL
NZD/USD  3.733263e-07 NEUTRAL
USD/CAD  7.450937e-05 NEUTRAL
USD/CHF  5.357111e-05 NEUTRAL
USD/JPY  2.744216e-05 NEUTRAL
2026-09-13 04:05:04,864 - INFO - Saved signals_4h.csv with 7 rows
JOURNAL_LOCK_ACQUIRED pid=33648
Added 7 new journal rows.
Directional signals: 0
Neutral signals: 7
Recorded entry prices: 0
Missing entry prices: 0
Saved to: signals_journal.csv
JOURNAL_LOCK_RELEASED pid=33648
2026-09-13 04:05:05,473 - INFO - D1: saved price_history_1d.csv; total rows=84; minimum per pair=12
2026-09-13 04:05:05,481 - INFO - H4: saved price_history_4h.csv; total rows=378; minimum per pair=54
2026-09-13 04:05:05,495 - INFO - H1: saved price_history_1h.csv; total rows=1218; minimum per pair=174
2026-09-13 04:05:05,989 - INFO - Saved reversal_signals.json
2026-09-13 04:05:06,462 - INFO - Saved dashboard_snapshot_v2.json with 7 pairs
H4 scan completed: Sun 09/13/2026  4:05:06.51

==================================================
H4 scan started: Sun 09/13/2026 10:26:46.79
2026-09-13 10:27:14,077 - INFO - Requesting interval=4h, outputsize=5
2026-09-13 10:27:14,879 - INFO - 4H AUD/USD -> bar_open=2026-09-13T01:00:00+00:00 bar_close=2026-09-13T05:00:00+00:00 age=2:27:14.077043 open=0.71708 close=0.71709 change=0.000014
2026-09-13 10:27:14,881 - INFO - 4H EUR/USD -> bar_open=2026-09-13T01:00:00+00:00 bar_close=2026-09-13T05:00:00+00:00 age=2:27:14.077043 open=1.15985 close=1.15998 change=0.000112
2026-09-13 10:27:14,883 - INFO - 4H GBP/USD -> bar_open=2026-09-13T01:00:00+00:00 bar_close=2026-09-13T05:00:00+00:00 age=2:27:14.077043 open=1.35276 close=1.35286 change=0.000074
2026-09-13 10:27:14,885 - INFO - 4H NZD/USD -> bar_open=2026-09-13T01:00:00+00:00 bar_close=2026-09-13T05:00:00+00:00 age=2:27:14.077043 open=0.58135 close=0.58135 change=0.000000
2026-09-13 10:27:14,886 - INFO - 4H USD/CAD -> bar_open=2026-09-13T01:00:00+00:00 bar_close=2026-09-13T05:00:00+00:00 age=2:27:14.077043 open=1.38698 close=1.3868 change=-0.000130
2026-09-13 10:27:14,888 - INFO - 4H USD/CHF -> bar_open=2026-09-13T01:00:00+00:00 bar_close=2026-09-13T05:00:00+00:00 age=2:27:14.077043 open=0.81649 close=0.81647 change=-0.000024
2026-09-13 10:27:14,889 - INFO - 4H USD/JPY -> bar_open=2026-09-13T01:00:00+00:00 bar_close=2026-09-13T05:00:00+00:00 age=2:27:14.077043 open=153.56788 close=153.57234 change=0.000029
2026-09-13 10:27:14,935 - INFO - Saved pair_changes_4h.csv with 7 rows
2026-09-13 10:27:15,798 - INFO - 4H input timestamp=2026-09-13T05:00:00+00:00 age=2:27:15.798630 rows=7
2026-09-13 10:27:15,805 - INFO - 4H Currency Strength:
currency  strength
     CAD  0.000130
     EUR  0.000112
     GBP  0.000074
     CHF  0.000024
     AUD  0.000014
     NZD  0.000000
     JPY -0.000029
     USD -0.000046
2026-09-13 10:27:15,807 - INFO - 4H Base/Quote Strength Matrix:
               CAD       EUR       GBP       CHF       AUD       NZD       JPY       USD
currency                                                                                
CAD       0.000000  0.000018  0.000056  0.000105  0.000116  0.000130  0.000159  0.000176
EUR      -0.000018  0.000000  0.000038  0.000088  0.000098  0.000112  0.000141  0.000159
GBP      -0.000056 -0.000038  0.000000  0.000049  0.000060  0.000074  0.000103  0.000120
CHF      -0.000105 -0.000088 -0.000049  0.000000  0.000011  0.000024  0.000054  0.000071
AUD      -0.000116 -0.000098 -0.000060 -0.000011  0.000000  0.000014  0.000043  0.000060
NZD      -0.000130 -0.000112 -0.000074 -0.000024 -0.000014  0.000000  0.000029  0.000046
JPY      -0.000159 -0.000141 -0.000103 -0.000054 -0.000043 -0.000029  0.000000  0.000017
USD      -0.000176 -0.000159 -0.000120 -0.000071 -0.000060 -0.000046 -0.000017  0.000000
2026-09-13 10:27:15,808 - INFO - 4H Signals:
   pair  score_diff  signal
AUD/USD    0.000060 NEUTRAL
EUR/USD    0.000159 NEUTRAL
GBP/USD    0.000120 NEUTRAL
NZD/USD    0.000046 NEUTRAL
USD/CAD   -0.000176 NEUTRAL
USD/CHF   -0.000071 NEUTRAL
USD/JPY   -0.000017 NEUTRAL
2026-09-13 10:27:15,810 - INFO - Saved signals_4h.csv with 7 rows
JOURNAL_LOCK_ACQUIRED pid=34744
Added 7 new journal rows.
Directional signals: 0
Neutral signals: 7
Recorded entry prices: 0
Missing entry prices: 0
Saved to: signals_journal.csv
JOURNAL_LOCK_RELEASED pid=34744
2026-09-13 10:27:16,384 - INFO - D1: saved price_history_1d.csv; total rows=84; minimum per pair=12
2026-09-13 10:27:16,392 - INFO - H4: saved price_history_4h.csv; total rows=385; minimum per pair=55
2026-09-13 10:27:16,407 - INFO - H1: saved price_history_1h.csv; total rows=1225; minimum per pair=175
2026-09-13 10:27:17,045 - INFO - Saved reversal_signals.json
2026-09-13 10:27:17,824 - INFO - Saved dashboard_snapshot_v2.json with 7 pairs
H4 scan completed: Sun 09/13/2026 10:27:17.87

==================================================
H4 scan started: Sun 09/13/2026 12:05:01.53
2026-09-13 12:05:05,637 - INFO - Requesting interval=4h, outputsize=5
2026-09-13 12:05:06,215 - INFO - 4H AUD/USD -> bar_open=2026-09-13T05:00:00+00:00 bar_close=2026-09-13T09:00:00+00:00 age=0:05:05.637872 open=0.71709 close=0.71711 change=0.000028
2026-09-13 12:05:06,216 - INFO - 4H EUR/USD -> bar_open=2026-09-13T05:00:00+00:00 bar_close=2026-09-13T09:00:00+00:00 age=0:05:05.637872 open=1.15996 close=1.15995 change=-0.000009
2026-09-13 12:05:06,217 - INFO - 4H GBP/USD -> bar_open=2026-09-13T05:00:00+00:00 bar_close=2026-09-13T09:00:00+00:00 age=0:05:05.637872 open=1.35283 close=1.3528 change=-0.000022
2026-09-13 12:05:06,217 - INFO - 4H NZD/USD -> bar_open=2026-09-13T05:00:00+00:00 bar_close=2026-09-13T09:00:00+00:00 age=0:05:05.637872 open=0.58135 close=0.58135 change=0.000000
2026-09-13 12:05:06,218 - INFO - 4H USD/CAD -> bar_open=2026-09-13T05:00:00+00:00 bar_close=2026-09-13T09:00:00+00:00 age=0:05:05.637872 open=1.38677 close=1.38674 change=-0.000022
2026-09-13 12:05:06,219 - INFO - 4H USD/CHF -> bar_open=2026-09-13T05:00:00+00:00 bar_close=2026-09-13T09:00:00+00:00 age=0:05:05.637872 open=0.81647 close=0.81646 change=-0.000012
2026-09-13 12:05:06,220 - INFO - 4H USD/JPY -> bar_open=2026-09-13T05:00:00+00:00 bar_close=2026-09-13T09:00:00+00:00 age=0:05:05.637872 open=153.56889 close=153.56958 change=0.000004
2026-09-13 12:05:06,245 - INFO - Saved pair_changes_4h.csv with 7 rows
2026-09-13 12:05:06,969 - INFO - 4H input timestamp=2026-09-13T09:00:00+00:00 age=0:05:06.968923 rows=7
2026-09-13 12:05:06,978 - INFO - 4H Currency Strength:
currency  strength
     AUD  0.000028
     CAD  0.000022
     CHF  0.000012
     NZD  0.000000
     USD -0.000004
     JPY -0.000004
     EUR -0.000009
     GBP -0.000022
2026-09-13 12:05:06,980 - INFO - 4H Base/Quote Strength Matrix:
               AUD       CAD       CHF       NZD           USD           JPY       EUR       GBP
currency                                                                                        
AUD       0.000000  0.000006  0.000016  0.000028  3.167358e-05  3.238360e-05  0.000037  0.000050
CAD      -0.000006  0.000000  0.000009  0.000022  2.541608e-05  2.612610e-05  0.000030  0.000044
CHF      -0.000016 -0.000009  0.000000  0.000012  1.603092e-05  1.674094e-05  0.000021  0.000034
NZD      -0.000028 -0.000022 -0.000012  0.000000  3.783076e-06  4.493098e-06  0.000009  0.000022
USD      -0.000032 -0.000025 -0.000016 -0.000004  0.000000e+00  7.100214e-07  0.000005  0.000018
JPY      -0.000032 -0.000026 -0.000017 -0.000004 -7.100214e-07  0.000000e+00  0.000004  0.000018
EUR      -0.000037 -0.000030 -0.000021 -0.000009 -4.837911e-06 -4.127889e-06  0.000000  0.000014
GBP      -0.000050 -0.000044 -0.000034 -0.000022 -1.839266e-05 -1.768264e-05 -0.000014  0.000000
2026-09-13 12:05:06,983 - INFO - 4H Signals:
   pair    score_diff  signal
AUD/USD  3.167358e-05 NEUTRAL
EUR/USD -4.837911e-06 NEUTRAL
GBP/USD -1.839266e-05 NEUTRAL
NZD/USD  3.783076e-06 NEUTRAL
USD/CAD -2.541608e-05 NEUTRAL
USD/CHF -1.603092e-05 NEUTRAL
USD/JPY  7.100214e-07 NEUTRAL
2026-09-13 12:05:07,005 - INFO - Saved signals_4h.csv with 7 rows
JOURNAL_LOCK_ACQUIRED pid=47068
Added 7 new journal rows.
Directional signals: 0
Neutral signals: 7
Recorded entry prices: 0
Missing entry prices: 0
Saved to: signals_journal.csv
JOURNAL_LOCK_RELEASED pid=47068
2026-09-13 12:05:07,743 - INFO - D1: saved price_history_1d.csv; total rows=84; minimum per pair=12
2026-09-13 12:05:07,755 - INFO - H4: saved price_history_4h.csv; total rows=392; minimum per pair=56
2026-09-13 12:05:07,771 - INFO - H1: saved price_history_1h.csv; total rows=1232; minimum per pair=176
2026-09-13 12:05:08,407 - INFO - Saved reversal_signals.json
2026-09-13 12:05:08,980 - INFO - Saved dashboard_snapshot_v2.json with 7 pairs
H4 scan completed: Sun 09/13/2026 12:05:09.05

==================================================
H4 scan started: Sun 09/13/2026 16:05:01.82
2026-09-13 16:05:03,949 - INFO - Requesting interval=4h, outputsize=5
2026-09-13 16:05:04,720 - INFO - 4H AUD/USD -> bar_open=2026-09-13T09:00:00+00:00 bar_close=2026-09-13T13:00:00+00:00 age=0:05:03.949552 open=0.71711 close=0.7171 change=-0.000014
2026-09-13 16:05:04,721 - INFO - 4H EUR/USD -> bar_open=2026-09-13T09:00:00+00:00 bar_close=2026-09-13T13:00:00+00:00 age=0:05:03.949552 open=1.15996 close=1.16049 change=0.000457
2026-09-13 16:05:04,722 - INFO - 4H GBP/USD -> bar_open=2026-09-13T09:00:00+00:00 bar_close=2026-09-13T13:00:00+00:00 age=0:05:03.949552 open=1.35281 close=1.35311 change=0.000222
2026-09-13 16:05:04,722 - INFO - 4H NZD/USD -> bar_open=2026-09-13T09:00:00+00:00 bar_close=2026-09-13T13:00:00+00:00 age=0:05:03.949552 open=0.58135 close=0.58136 change=0.000017
2026-09-13 16:05:04,723 - INFO - 4H USD/CAD -> bar_open=2026-09-13T09:00:00+00:00 bar_close=2026-09-13T13:00:00+00:00 age=0:05:03.949552 open=1.38674 close=1.38461 change=-0.001536
2026-09-13 16:05:04,724 - INFO - 4H USD/CHF -> bar_open=2026-09-13T09:00:00+00:00 bar_close=2026-09-13T13:00:00+00:00 age=0:05:03.949552 open=0.81646 close=0.81628 change=-0.000220
2026-09-13 16:05:04,725 - INFO - 4H USD/JPY -> bar_open=2026-09-13T09:00:00+00:00 bar_close=2026-09-13T13:00:00+00:00 age=0:05:03.949552 open=153.5675 close=153.49938 change=-0.000444
2026-09-13 16:05:04,746 - INFO - Saved pair_changes_4h.csv with 7 rows
2026-09-13 16:05:05,789 - INFO - 4H input timestamp=2026-09-13T13:00:00+00:00 age=0:05:05.788407 rows=7
2026-09-13 16:05:05,799 - INFO - 4H Currency Strength:
currency  strength
     CAD  0.001536
     EUR  0.000457
     JPY  0.000444
     GBP  0.000222
     CHF  0.000220
     NZD  0.000017
     AUD -0.000014
     USD -0.000412
2026-09-13 16:05:05,801 - INFO - 4H Base/Quote Strength Matrix:
               CAD       EUR       JPY       GBP       CHF       NZD       AUD       USD
currency                                                                                
CAD       0.000000  0.001079  0.001092  0.001314  0.001316  0.001519  0.001550  0.001948
EUR      -0.001079  0.000000  0.000013  0.000235  0.000236  0.000440  0.000471  0.000869
JPY      -0.001092 -0.000013  0.000000  0.000222  0.000223  0.000426  0.000458  0.000855
GBP      -0.001314 -0.000235 -0.000222  0.000000  0.000001  0.000205  0.000236  0.000633
CHF      -0.001316 -0.000236 -0.000223 -0.000001  0.000000  0.000203  0.000234  0.000632
NZD      -0.001519 -0.000440 -0.000426 -0.000205 -0.000203  0.000000  0.000031  0.000429
AUD      -0.001550 -0.000471 -0.000458 -0.000236 -0.000234 -0.000031  0.000000  0.000398
USD      -0.001948 -0.000869 -0.000855 -0.000633 -0.000632 -0.000429 -0.000398  0.000000
2026-09-13 16:05:05,803 - INFO - 4H Signals:
   pair  score_diff  signal
AUD/USD    0.000398 NEUTRAL
EUR/USD    0.000869    LONG
GBP/USD    0.000633    LONG
NZD/USD    0.000429 NEUTRAL
USD/CAD   -0.001948   SHORT
USD/CHF   -0.000632   SHORT
USD/JPY   -0.000855   SHORT
2026-09-13 16:05:05,806 - INFO - Saved signals_4h.csv with 7 rows
JOURNAL_LOCK_ACQUIRED pid=13968
Added 7 new journal rows.
Directional signals: 5
Neutral signals: 2
Recorded entry prices: 5
Missing entry prices: 0
Saved to: signals_journal.csv
JOURNAL_LOCK_RELEASED pid=13968
2026-09-13 16:05:06,616 - INFO - D1: saved price_history_1d.csv; total rows=84; minimum per pair=12
2026-09-13 16:05:06,624 - INFO - H4: saved price_history_4h.csv; total rows=399; minimum per pair=57
2026-09-13 16:05:06,636 - INFO - H1: saved price_history_1h.csv; total rows=1260; minimum per pair=180
2026-09-13 16:05:07,372 - INFO - Saved reversal_signals.json
2026-09-13 16:05:07,803 - INFO - Saved dashboard_snapshot_v2.json with 7 pairs
H4 scan completed: Sun 09/13/2026 16:05:07.86

==================================================
H4 scan started: Sun 09/13/2026 20:05:02.20
2026-09-13 20:05:05,459 - INFO - Requesting interval=4h, outputsize=5
2026-09-13 20:05:06,159 - INFO - 4H AUD/USD -> bar_open=2026-09-13T13:00:00+00:00 bar_close=2026-09-13T17:00:00+00:00 age=0:05:05.458535 open=0.7171 close=0.71708 change=-0.000028
2026-09-13 20:05:06,160 - INFO - 4H EUR/USD -> bar_open=2026-09-13T13:00:00+00:00 bar_close=2026-09-13T17:00:00+00:00 age=0:05:05.458535 open=1.1605 close=1.16029 change=-0.000181
2026-09-13 20:05:06,161 - INFO - 4H GBP/USD -> bar_open=2026-09-13T13:00:00+00:00 bar_close=2026-09-13T17:00:00+00:00 age=0:05:05.458535 open=1.35312 close=1.35303 change=-0.000067
2026-09-13 20:05:06,162 - INFO - 4H NZD/USD -> bar_open=2026-09-13T13:00:00+00:00 bar_close=2026-09-13T17:00:00+00:00 age=0:05:05.458535 open=0.58136 close=0.58184 change=0.000826
2026-09-13 20:05:06,163 - INFO - 4H USD/CAD -> bar_open=2026-09-13T13:00:00+00:00 bar_close=2026-09-13T17:00:00+00:00 age=0:05:05.458535 open=1.38462 close=1.38562 change=0.000722
2026-09-13 20:05:06,164 - INFO - 4H USD/CHF -> bar_open=2026-09-13T13:00:00+00:00 bar_close=2026-09-13T17:00:00+00:00 age=0:05:05.458535 open=0.81628 close=0.81634 change=0.000074
2026-09-13 20:05:06,165 - INFO - 4H USD/JPY -> bar_open=2026-09-13T13:00:00+00:00 bar_close=2026-09-13T17:00:00+00:00 age=0:05:05.458535 open=153.47779 close=152.87441 change=-0.003931
2026-09-13 20:05:06,223 - INFO - Saved pair_changes_4h.csv with 7 rows
2026-09-13 20:05:07,546 - INFO - 4H input timestamp=2026-09-13T17:00:00+00:00 age=0:05:07.546268 rows=7
2026-09-13 20:05:07,571 - INFO - 4H Currency Strength:
currency  strength
     JPY  0.003931
     NZD  0.000826
     AUD -0.000028
     GBP -0.000067
     CHF -0.000074
     EUR -0.000181
     USD -0.000527
     CAD -0.000722
2026-09-13 20:05:07,573 - INFO - 4H Base/Quote Strength Matrix:
               JPY       NZD       AUD       GBP       CHF       EUR       USD       CAD
currency                                                                                
JPY       0.000000  0.003106  0.003959  0.003998  0.004005  0.004112  0.004458  0.004654
NZD      -0.003106  0.000000  0.000854  0.000892  0.000899  0.001007  0.001352  0.001548
AUD      -0.003959 -0.000854  0.000000  0.000039  0.000046  0.000153  0.000499  0.000694
GBP      -0.003998 -0.000892 -0.000039  0.000000  0.000007  0.000114  0.000460  0.000656
CHF      -0.004005 -0.000899 -0.000046 -0.000007  0.000000  0.000107  0.000453  0.000649
EUR      -0.004112 -0.001007 -0.000153 -0.000114 -0.000107  0.000000  0.000346  0.000541
USD      -0.004458 -0.001352 -0.000499 -0.000460 -0.000453 -0.000346  0.000000  0.000196
CAD      -0.004654 -0.001548 -0.000694 -0.000656 -0.000649 -0.000541 -0.000196  0.000000
2026-09-13 20:05:07,574 - INFO - 4H Signals:
   pair  score_diff  signal
AUD/USD    0.000499 NEUTRAL
EUR/USD    0.000346 NEUTRAL
GBP/USD    0.000460 NEUTRAL
NZD/USD    0.001352    LONG
USD/CAD    0.000196 NEUTRAL
USD/CHF   -0.000453 NEUTRAL
USD/JPY   -0.004458   SHORT
2026-09-13 20:05:07,576 - INFO - Saved signals_4h.csv with 7 rows
JOURNAL_LOCK_ACQUIRED pid=41928
Added 7 new journal rows.
Directional signals: 2
Neutral signals: 5
Recorded entry prices: 2
Missing entry prices: 0
Saved to: signals_journal.csv
JOURNAL_LOCK_RELEASED pid=41928
2026-09-13 20:05:08,234 - INFO - D1: saved price_history_1d.csv; total rows=84; minimum per pair=12
2026-09-13 20:05:08,243 - INFO - H4: saved price_history_4h.csv; total rows=406; minimum per pair=58
2026-09-13 20:05:08,263 - INFO - H1: saved price_history_1h.csv; total rows=1274; minimum per pair=182
2026-09-13 20:05:08,963 - INFO - Saved reversal_signals.json
2026-09-13 20:05:09,507 - INFO - Saved dashboard_snapshot_v2.json with 7 pairs
H4 scan completed: Sun 09/13/2026 20:05:09.56

==================================================
H4 scan started: Mon 09/14/2026  0:05:01.91
2026-09-14 00:05:04,793 - INFO - Requesting interval=4h, outputsize=5
2026-09-14 00:05:05,365 - INFO - 4H AUD/USD -> bar_open=2026-09-13T17:00:00+00:00 bar_close=2026-09-13T21:00:00+00:00 age=0:05:04.793376 open=0.71707 close=0.7163 change=-0.001074
2026-09-14 00:05:05,366 - INFO - 4H EUR/USD -> bar_open=2026-09-13T17:00:00+00:00 bar_close=2026-09-13T21:00:00+00:00 age=0:05:04.793376 open=1.16028 close=1.15987 change=-0.000353
2026-09-14 00:05:05,367 - INFO - 4H GBP/USD -> bar_open=2026-09-13T17:00:00+00:00 bar_close=2026-09-13T21:00:00+00:00 age=0:05:04.793376 open=1.35302 close=1.35261 change=-0.000303
2026-09-14 00:05:05,367 - INFO - 4H NZD/USD -> bar_open=2026-09-13T17:00:00+00:00 bar_close=2026-09-13T21:00:00+00:00 age=0:05:04.793376 open=0.58183 close=0.58222 change=0.000670
2026-09-14 00:05:05,368 - INFO - 4H USD/CAD -> bar_open=2026-09-13T17:00:00+00:00 bar_close=2026-09-13T21:00:00+00:00 age=0:05:04.793376 open=1.38561 close=1.38701 change=0.001010
2026-09-14 00:05:05,369 - INFO - 4H USD/CHF -> bar_open=2026-09-13T17:00:00+00:00 bar_close=2026-09-13T21:00:00+00:00 age=0:05:04.793376 open=0.81633 close=0.81648 change=0.000184
2026-09-14 00:05:05,369 - INFO - 4H USD/JPY -> bar_open=2026-09-13T17:00:00+00:00 bar_close=2026-09-13T21:00:00+00:00 age=0:05:04.793376 open=152.87481 close=153.58473 change=0.004644
2026-09-14 00:05:05,479 - INFO - Saved pair_changes_4h.csv with 7 rows
2026-09-14 00:05:06,085 - INFO - 4H input timestamp=2026-09-13T21:00:00+00:00 age=0:05:06.085837 rows=7
2026-09-14 00:05:06,092 - INFO - 4H Currency Strength:
currency  strength
     USD  0.000985
     NZD  0.000670
     CHF -0.000184
     GBP -0.000303
     EUR -0.000353
     CAD -0.001010
     AUD -0.001074
     JPY -0.004644
2026-09-14 00:05:06,094 - INFO - 4H Base/Quote Strength Matrix:
               USD       NZD       CHF       GBP       EUR       CAD       AUD       JPY
currency                                                                                
USD       0.000000  0.000315  0.001169  0.001288  0.001339  0.001996  0.002059  0.005629
NZD      -0.000315  0.000000  0.000854  0.000973  0.001024  0.001681  0.001744  0.005314
CHF      -0.001169 -0.000854  0.000000  0.000119  0.000170  0.000827  0.000890  0.004460
GBP      -0.001288 -0.000973 -0.000119  0.000000  0.000050  0.000707  0.000771  0.004341
EUR      -0.001339 -0.001024 -0.000170 -0.000050  0.000000  0.000657  0.000720  0.004290
CAD      -0.001996 -0.001681 -0.000827 -0.000707 -0.000657  0.000000  0.000063  0.003633
AUD      -0.002059 -0.001744 -0.000890 -0.000771 -0.000720 -0.000063  0.000000  0.003570
JPY      -0.005629 -0.005314 -0.004460 -0.004341 -0.004290 -0.003633 -0.003570  0.000000
2026-09-14 00:05:06,096 - INFO - 4H Signals:
   pair  score_diff  signal
AUD/USD   -0.002059   SHORT
EUR/USD   -0.001339   SHORT
GBP/USD   -0.001288   SHORT
NZD/USD   -0.000315 NEUTRAL
USD/CAD    0.001996    LONG
USD/CHF    0.001169    LONG
USD/JPY    0.005629    LONG
2026-09-14 00:05:06,098 - INFO - Saved signals_4h.csv with 7 rows
JOURNAL_LOCK_ACQUIRED pid=30576
Added 7 new journal rows.
Directional signals: 6
Neutral signals: 1
Recorded entry prices: 6
Missing entry prices: 0
Saved to: signals_journal.csv
JOURNAL_LOCK_RELEASED pid=30576
2026-09-14 00:05:06,726 - INFO - D1: saved price_history_1d.csv; total rows=84; minimum per pair=12
2026-09-14 00:05:06,735 - INFO - H4: saved price_history_4h.csv; total rows=413; minimum per pair=59
2026-09-14 00:05:06,749 - INFO - H1: saved price_history_1h.csv; total rows=1302; minimum per pair=186
2026-09-14 00:05:07,234 - INFO - Saved reversal_signals.json
2026-09-14 00:05:07,745 - INFO - Saved dashboard_snapshot_v2.json with 7 pairs
H4 scan completed: Mon 09/14/2026  0:05:07.80

==================================================
H4 scan started: Mon 09/14/2026  4:05:02.84
2026-09-14 04:05:06,186 - INFO - Requesting interval=4h, outputsize=5
2026-09-14 04:05:06,778 - INFO - 4H AUD/USD -> bar_open=2026-09-13T21:00:00+00:00 bar_close=2026-09-14T01:00:00+00:00 age=0:05:06.186414 open=0.71634 close=0.71477 change=-0.002192
2026-09-14 04:05:06,779 - INFO - 4H EUR/USD -> bar_open=2026-09-13T21:00:00+00:00 bar_close=2026-09-14T01:00:00+00:00 age=0:05:06.186414 open=1.15985 close=1.15865 change=-0.001035
2026-09-14 04:05:06,780 - INFO - 4H GBP/USD -> bar_open=2026-09-13T21:00:00+00:00 bar_close=2026-09-14T01:00:00+00:00 age=0:05:06.186414 open=1.35258 close=1.35171 change=-0.000643
2026-09-14 04:05:06,781 - INFO - 4H NZD/USD -> bar_open=2026-09-13T21:00:00+00:00 bar_close=2026-09-14T01:00:00+00:00 age=0:05:06.186414 open=0.5822 close=0.57992 change=-0.003916
2026-09-14 04:05:06,781 - INFO - 4H USD/CAD -> bar_open=2026-09-13T21:00:00+00:00 bar_close=2026-09-14T01:00:00+00:00 age=0:05:06.186414 open=1.38699 close=1.38687 change=-0.000087
2026-09-14 04:05:06,782 - INFO - 4H USD/CHF -> bar_open=2026-09-13T21:00:00+00:00 bar_close=2026-09-14T01:00:00+00:00 age=0:05:06.186414 open=0.81646 close=0.81739 change=0.001139
2026-09-14 04:05:06,783 - INFO - 4H USD/JPY -> bar_open=2026-09-13T21:00:00+00:00 bar_close=2026-09-14T01:00:00+00:00 age=0:05:06.186414 open=153.5839 close=153.74565 change=0.001053
2026-09-14 04:05:06,832 - INFO - Saved pair_changes_4h.csv with 7 rows
2026-09-14 04:05:08,265 - INFO - 4H input timestamp=2026-09-14T01:00:00+00:00 age=0:05:08.263406 rows=7
2026-09-14 04:05:08,303 - INFO - 4H Currency Strength:
currency  strength
     USD  0.001413
     CAD  0.000087
     GBP -0.000643
     EUR -0.001035
     JPY -0.001053
     CHF -0.001139
     AUD -0.002192
     NZD -0.003916
2026-09-14 04:05:08,305 - INFO - 4H Base/Quote Strength Matrix:
               USD       CAD       GBP       EUR       JPY       CHF       AUD       NZD
currency                                                                                
USD       0.000000  0.001327  0.002056  0.002448  0.002466  0.002552  0.003605  0.005329
CAD      -0.001327  0.000000  0.000730  0.001121  0.001140  0.001226  0.002278  0.004003
GBP      -0.002056 -0.000730  0.000000  0.000391  0.000410  0.000496  0.001548  0.003273
EUR      -0.002448 -0.001121 -0.000391  0.000000  0.000019  0.000104  0.001157  0.002882
JPY      -0.002466 -0.001140 -0.000410 -0.000019  0.000000  0.000086  0.001139  0.002863
CHF      -0.002552 -0.001226 -0.000496 -0.000104 -0.000086  0.000000  0.001053  0.002777
AUD      -0.003605 -0.002278 -0.001548 -0.001157 -0.001139 -0.001053  0.000000  0.001724
NZD      -0.005329 -0.004003 -0.003273 -0.002882 -0.002863 -0.002777 -0.001724  0.000000
2026-09-14 04:05:08,308 - INFO - 4H Signals:
   pair  score_diff signal
AUD/USD   -0.003605  SHORT
EUR/USD   -0.002448  SHORT
GBP/USD   -0.002056  SHORT
NZD/USD   -0.005329  SHORT
USD/CAD    0.001327   LONG
USD/CHF    0.002552   LONG
USD/JPY    0.002466   LONG
2026-09-14 04:05:08,311 - INFO - Saved signals_4h.csv with 7 rows
JOURNAL_LOCK_ACQUIRED pid=23696
Added 7 new journal rows.
Directional signals: 7
Neutral signals: 0
Recorded entry prices: 7
Missing entry prices: 0
Saved to: signals_journal.csv
JOURNAL_LOCK_RELEASED pid=23696
2026-09-14 04:05:09,480 - INFO - D1: saved price_history_1d.csv; total rows=91; minimum per pair=13
2026-09-14 04:05:09,488 - INFO - H4: saved price_history_4h.csv; total rows=420; minimum per pair=60
2026-09-14 04:05:09,503 - INFO - H1: saved price_history_1h.csv; total rows=1330; minimum per pair=190
2026-09-14 04:05:09,999 - INFO - Saved reversal_signals.json
2026-09-14 04:05:10,473 - INFO - Saved dashboard_snapshot_v2.json with 7 pairs
H4 scan completed: Mon 09/14/2026  4:05:10.53

==================================================
H4 scan started: Mon 09/14/2026  9:11:25.51
2026-09-14 09:11:38,162 - INFO - Requesting interval=4h, outputsize=5
2026-09-14 09:11:38,948 - INFO - 4H AUD/USD -> bar_open=2026-09-14T01:00:00+00:00 bar_close=2026-09-14T05:00:00+00:00 age=1:11:38.161869 open=0.71481 close=0.71507 change=0.000364
2026-09-14 09:11:38,963 - INFO - 4H EUR/USD -> bar_open=2026-09-14T01:00:00+00:00 bar_close=2026-09-14T05:00:00+00:00 age=1:11:38.161869 open=1.15874 close=1.1566 change=-0.001847
2026-09-14 09:11:38,965 - INFO - 4H GBP/USD -> bar_open=2026-09-14T01:00:00+00:00 bar_close=2026-09-14T05:00:00+00:00 age=1:11:38.161869 open=1.35176 close=1.35031 change=-0.001073
2026-09-14 09:11:38,966 - INFO - 4H NZD/USD -> bar_open=2026-09-14T01:00:00+00:00 bar_close=2026-09-14T05:00:00+00:00 age=1:11:38.161869 open=0.58002 close=0.57843 change=-0.002741
2026-09-14 09:11:38,968 - INFO - 4H USD/CAD -> bar_open=2026-09-14T01:00:00+00:00 bar_close=2026-09-14T05:00:00+00:00 age=1:11:38.161869 open=1.38681 close=1.38749 change=0.000490
2026-09-14 09:11:38,969 - INFO - 4H USD/CHF -> bar_open=2026-09-14T01:00:00+00:00 bar_close=2026-09-14T05:00:00+00:00 age=1:11:38.161869 open=0.81732 close=0.81824 change=0.001126
2026-09-14 09:11:38,971 - INFO - 4H USD/JPY -> bar_open=2026-09-14T01:00:00+00:00 bar_close=2026-09-14T05:00:00+00:00 age=1:11:38.161869 open=153.72605 close=154.03202 change=0.001990
2026-09-14 09:11:39,214 - INFO - Saved pair_changes_4h.csv with 7 rows
2026-09-14 09:11:42,531 - INFO - 4H input timestamp=2026-09-14T05:00:00+00:00 age=1:11:42.530481 rows=7
2026-09-14 09:11:42,540 - INFO - 4H Currency Strength:
currency  strength
     USD  0.001272
     AUD  0.000364
     CAD -0.000490
     GBP -0.001073
     CHF -0.001126
     EUR -0.001847
     JPY -0.001990
     NZD -0.002741
2026-09-14 09:11:42,543 - INFO - 4H Base/Quote Strength Matrix:
               USD       AUD       CAD       GBP       CHF       EUR       JPY       NZD
currency                                                                                
USD       0.000000  0.000908  0.001762  0.002345  0.002398  0.003119  0.003262  0.004013
AUD      -0.000908  0.000000  0.000854  0.001436  0.001489  0.002211  0.002354  0.003105
CAD      -0.001762 -0.000854  0.000000  0.000582  0.000635  0.001356  0.001500  0.002251
GBP      -0.002345 -0.001436 -0.000582  0.000000  0.000053  0.000774  0.000918  0.001669
CHF      -0.002398 -0.001489 -0.000635 -0.000053  0.000000  0.000721  0.000865  0.001616
EUR      -0.003119 -0.002211 -0.001356 -0.000774 -0.000721  0.000000  0.000144  0.000894
JPY      -0.003262 -0.002354 -0.001500 -0.000918 -0.000865 -0.000144  0.000000  0.000751
NZD      -0.004013 -0.003105 -0.002251 -0.001669 -0.001616 -0.000894 -0.000751  0.000000
2026-09-14 09:11:42,546 - INFO - 4H Signals:
   pair  score_diff signal
AUD/USD   -0.000908  SHORT
EUR/USD   -0.003119  SHORT
GBP/USD   -0.002345  SHORT
NZD/USD   -0.004013  SHORT
USD/CAD    0.001762   LONG
USD/CHF    0.002398   LONG
USD/JPY    0.003262   LONG
2026-09-14 09:11:42,548 - INFO - Saved signals_4h.csv with 7 rows
JOURNAL_LOCK_ACQUIRED pid=46280
Added 7 new journal rows.
Directional signals: 7
Neutral signals: 0
Recorded entry prices: 7
Missing entry prices: 0
Saved to: signals_journal.csv
JOURNAL_LOCK_RELEASED pid=46280
2026-09-14 09:11:45,158 - INFO - D1: saved price_history_1d.csv; total rows=91; minimum per pair=13
2026-09-14 09:11:45,226 - INFO - H4: saved price_history_4h.csv; total rows=427; minimum per pair=61
2026-09-14 09:11:45,242 - INFO - H1: saved price_history_1h.csv; total rows=1330; minimum per pair=190
2026-09-14 09:11:45,817 - INFO - Saved reversal_signals.json
2026-09-14 09:11:46,329 - INFO - Saved dashboard_snapshot_v2.json with 7 pairs
H4 scan completed: Mon 09/14/2026  9:11:46.39
