signal_id,signal_time,recorded_at_utc,pair,timeframe,signal,base_currency,quote_currency,pair_change,base_score,quote_score,score_diff,entry_price,session_utc,entry_status,evaluation_4h_status,evaluation_24h_status,price_after_4h,price_after_24h,return_4h_pct,return_24h_pct,result_4h,result_24h
e15405572098a7f6,2026-08-05T17:00:00+00:00,2026-08-07T12:23:40.538339+00:00,EUR/USD,H1,LONG,EUR,USD,0.0009960590706335,0.0009960590706335,-0.0010561515006847,0.0020522105713182,,NEW_YORK,MISSING_ENTRY_PRICE,PENDING_RETRY,PENDING_RETRY,,,,,,
62b3c1e7865e3b5a,2026-08-05T17:00:00+00:00,2026-08-07T12:23:40.538364+00:00,GBP/USD,H1,LONG,GBP,USD,0.0007800717666025,0.0007800717666025,-0.0010561515006847,0.0018362232672872,,NEW_YORK,MISSING_ENTRY_PRICE,PENDING_RETRY,PENDING_RETRY,,,,,,
1366bcb9040de6ab,2026-08-05T17:00:00+00:00,2026-08-07T12:23:40.538376+00:00,NZD/USD,H1,LONG,NZD,USD,0.0019902359365165,0.0019902359365165,-0.0010561515006847,0.0030463874372012,,NEW_YORK,MISSING_ENTRY_PRICE,PENDING_RETRY,PENDING_RETRY,,,,,,
b46a3f0a1a9bd9ba,2026-08-05T17:00:00+00:00,2026-08-07T12:23:40.538384+00:00,USD/CHF,H1,SHORT,USD,CHF,-0.0011390367710782,-0.0010561515006847,0.0011390367710782,-0.0021951882717629,,NEW_YORK,MISSING_ENTRY_PRICE,PENDING_RETRY,PENDING_RETRY,,,,,,
e8926113aa7110b8,2026-08-05T17:00:00+00:00,2026-08-07T12:23:40.538391+00:00,USD/JPY,H1,SHORT,USD,JPY,-0.0003753539585928,-0.0010561515006847,0.0003753539585928,-0.0014315054592775002,,NEW_YORK,MISSING_ENTRY_PRICE,PENDING_RETRY,PENDING_RETRY,,,,,,
94df9f7174b50680,2026-08-05T13:00:00+00:00,2026-08-07T12:23:40.538862+00:00,EUR/USD,H4,NEUTRAL,EUR,USD,-0.0001645449034382,-0.0001645449034382,-0.00037865973807562,0.00021411483463741997,,LONDON_NY_OVERLAP,NOT_TRACKED,NOT_APPLICABLE,NOT_APPLICABLE,,,,,,
ee3e5112a4a9d4b8,2026-08-05T13:00:00+00:00,2026-08-07T12:23:40.538877+00:00,GBP/USD,H4,NEUTRAL,GBP,USD,-0.0008462309319675,-0.0008462309319675,-0.00037865973807562,-0.00046757119389188005,,LONDON_NY_OVERLAP,NOT_TRACKED,NOT_APPLICABLE,NOT_APPLICABLE,,,,,,
447515e5d1938269,2026-08-05T13:00:00+00:00,2026-08-07T12:23:40.538885+00:00,NZD/USD,H4,LONG,NZD,USD,0.0017381228273465,0.0017381228273465,-0.00037865973807562,0.00211678256542212,,LONDON_NY_OVERLAP,MISSING_ENTRY_PRICE,PENDING_RETRY,PENDING_RETRY,,,,,,
62bf2030aad6e853,2026-08-05T13:00:00+00:00,2026-08-07T12:23:40.538892+00:00,USD/CHF,H4,SHORT,USD,CHF,-0.0019892506332241,-0.00037865973807562,0.0019892506332241,-0.00236791037129972,,LONDON_NY_OVERLAP,MISSING_ENTRY_PRICE,PENDING_RETRY,PENDING_RETRY,,,,,,
71b44012dc38b50d,2026-08-05T13:00:00+00:00,2026-08-07T12:23:40.538899+00:00,USD/JPY,H4,NEUTRAL,USD,JPY,0.0008232989347868,-0.00037865973807562,-0.0008232989347868,0.00044463919671118004,,LONDON_NY_OVERLAP,NOT_TRACKED,NOT_APPLICABLE,NOT_APPLICABLE,,,,,,
bcda6b8851c61a12,2026-08-07T12:00:00+00:00,2026-08-07T13:05:48.258522+00:00,EUR/USD,H1,LONG,EUR,USD,0.0034077015789884,0.0034077015789884,-0.00436779891924474,0.00777550049823314,1.1572,LONDON_NY_OVERLAP,RECORDED,COMPLETED,COMPLETED,1.1560400000,1.1559100000,-0.100242,-0.111476,LOSS,LOSS
d1a9f0e8c5845e4c,2026-08-07T12:00:00+00:00,2026-08-07T13:05:48.258548+00:00,GBP/USD,H1,LONG,GBP,USD,0.0037625013942074,0.0037625013942074,-0.00436779891924474,0.00813030031345214,1.34991,LONDON_NY_OVERLAP,RECORDED,COMPLETED,COMPLETED,1.3497200000,1.3492000000,-0.014075,-0.052596,LOSS,LOSS
0d0710e300bf7226,2026-08-07T12:00:00+00:00,2026-08-07T13:05:48.258566+00:00,NZD/USD,H1,LONG,NZD,USD,0.0046672458139573,0.0046672458139573,-0.00436779891924474,0.00903504473320204,0.58981,LONDON_NY_OVERLAP,RECORDED,COMPLETED,COMPLETED,0.5890200000,0.5894500000,-0.133941,-0.061037,LOSS,LOSS
065ab07b01080dae,2026-08-07T12:00:00+00:00,2026-08-07T13:05:48.258579+00:00,USD/CHF,H1,SHORT,USD,CHF,-0.0039116968373252,-0.00436779891924474,0.0039116968373252,-0.00827949575656994,0.80722,LONDON_NY_OVERLAP,RECORDED,COMPLETED,COMPLETED,0.8077700000,0.8078600000,-0.068135,-0.079284,LOSS,LOSS
2e40af154195275a,2026-08-07T12:00:00+00:00,2026-08-07T13:05:48.258592+00:00,USD/JPY,H1,SHORT,USD,JPY,-0.0060898489717454,-0.00436779891924474,0.0060898489717454,-0.01045764789099014,157.37301,LONDON_NY_OVERLAP,RECORDED,COMPLETED,COMPLETED,157.5563500000,157.8258400000,-0.116500,-0.287743,LOSS,LOSS
16ec8156cd00359d,2026-08-07T16:00:00+00:00,2026-08-07T17:01:21.685074+00:00,EUR/USD,H1,NEUTRAL,EUR,USD,-0.0001038035345102,-0.0001038035345102,-0.00010855357165482621,4.750037144626208e-06,1.15591,NEW_YORK,NOT_TRACKED,NOT_APPLICABLE,NOT_APPLICABLE,,,,,,
8c7c064185b2609d,2026-08-07T16:00:00+00:00,2026-08-07T17:01:21.685103+00:00,GBP/USD,H1,NEUTRAL,GBP,USD,-9.631555940831538e-05,-9.631555940831538e-05,-0.00010855357165482621,1.2238012246510826e-05,1.3496,NEW_YORK,NOT_TRACKED,NOT_APPLICABLE,NOT_APPLICABLE,,,,,,
89a94320ceea0874,2026-08-07T16:00:00+00:00,2026-08-07T17:01:21.685122+00:00,NZD/USD,H1,NEUTRAL,NZD,USD,0.0002207018318251,0.0002207018318251,-0.00010855357165482621,0.0003292554034799262,0.58916,NEW_YORK,NOT_TRACKED,NOT_APPLICABLE,NOT_APPLICABLE,,,,,,
323e769a24e8bb89,2026-08-07T16:00:00+00:00,2026-08-07T17:01:21.685137+00:00,USD/CHF,H1,NEUTRAL,USD,CHF,1.2380527905653556e-05,-0.00010855357165482621,-1.2380527905653556e-05,-9.617304374917265e-05,0.80773,NEW_YORK,NOT_TRACKED,NOT_APPLICABLE,NOT_APPLICABLE,,,,,,
09ff25b0dd12b7eb,2026-08-07T16:00:00+00:00,2026-08-07T17:01:21.685151+00:00,USD/JPY,H1,SHORT,USD,JPY,-0.0005345656482732,-0.00010855357165482621,0.0005345656482732,-0.0006431192199280261,157.46425,NEW_YORK,RECORDED,COMPLETED,COMPLETED,157.5657000000,157.8230200000,-0.064427,-0.227842,LOSS,LOSS
75daafa0f3238b84,2026-08-07T18:00:00+00:00,2026-08-07T19:02:05.995617+00:00,EUR/USD,H1,NEUTRAL,EUR,USD,0.000216225566511,0.000216225566511,-0.00015546913133325998,0.00037169469784425997,1.15645,NEW_YORK,NOT_TRACKED,NOT_APPLICABLE,NOT_APPLICABLE,,,,,,
1113bbf5d3644679,2026-08-07T18:00:00+00:00,2026-08-07T19:02:05.995664+00:00,GBP/USD,H1,NEUTRAL,GBP,USD,0.0002296976882039,0.0002296976882039,-0.00015546913133325998,0.00038516681953715997,1.34991,NEW_YORK,NOT_TRACKED,NOT_APPLICABLE,NOT_APPLICABLE,,,,,,
03a1c1d2f386f08f,2026-08-07T18:00:00+00:00,2026-08-07T19:02:05.995686+00:00,NZD/USD,H1,NEUTRAL,NZD,USD,0.0002205370926424,0.0002205370926424,-0.00015546913133325998,0.00037600622397566,0.5896,NEW_YORK,NOT_TRACKED,NOT_APPLICABLE,NOT_APPLICABLE,,,,,,
5c3e4eabab77a99c,2026-08-07T18:00:00+00:00,2026-08-07T19:02:05.995703+00:00,USD/CHF,H1,SHORT,USD,CHF,-0.000359044199579,-0.00015546913133325998,0.000359044199579,-0.00051451333091226,0.80741,NEW_YORK,RECORDED,COMPLETED,COMPLETED,0.8079100000,0.8077700000,-0.061926,-0.044587,LOSS,LOSS
5e5b93a7b00a09b8,2026-08-07T18:00:00+00:00,2026-08-07T19:02:05.995718+00:00,USD/JPY,H1,NEUTRAL,USD,JPY,0.00024815889027,-0.00015546913133325998,-0.00024815889027,9.268975893674e-05,157.51883,NEW_YORK,NOT_TRACKED,NOT_APPLICABLE,NOT_APPLICABLE,,,,,,
e64e9e196c81403d,2026-08-07T21:00:00+00:00,2026-08-07T22:02:05.136136+00:00,EUR/USD,H1,NEUTRAL,EUR,USD,-8.651117724466669e-06,-8.651117724466669e-06,6.577669829747425e-05,-7.442781602194092e-05,1.15591,LATE_NY,NOT_TRACKED,NOT_APPLICABLE,NOT_APPLICABLE,,,,,,
cfe8c21b3de445bd,2026-08-07T21:00:00+00:00,2026-08-07T22:02:05.136169+00:00,GBP/USD,H1,NEUTRAL,GBP,USD,-0.0002297453532149,-0.0002297453532149,6.577669829747425e-05,-0.0002955220515123743,1.34901,LATE_NY,NOT_TRACKED,NOT_APPLICABLE,NOT_APPLICABLE,,,,,,
98d9632aa1851075,2026-08-07T21:00:00+00:00,2026-08-07T22:02:05.136187+00:00,NZD/USD,H1,NEUTRAL,NZD,USD,-0.0001866178067317,-0.0001866178067317,6.577669829747425e-05,-0.00025239450502917427,0.58933,LATE_NY,NOT_TRACKED,NOT_APPLICABLE,NOT_APPLICABLE,,,,,,
aaa83e1f32f2be51,2026-08-07T21:00:00+00:00,2026-08-07T22:02:05.136199+00:00,USD/CHF,H1,NEUTRAL,USD,CHF,-0.0001237608445439,6.577669829747425e-05,0.0001237608445439,-5.7984146246425756e-05,0.80791,LATE_NY,NOT_TRACKED,NOT_APPLICABLE,NOT_APPLICABLE,,,,,,
57d4c28bd2f6670f,2026-08-07T21:00:00+00:00,2026-08-07T22:02:05.136211+00:00,USD/JPY,H1,NEUTRAL,USD,JPY,2.7630058360204576e-05,6.577669829747425e-05,-2.7630058360204576e-05,9.340675665767882e-05,157.80352,LATE_NY,NOT_TRACKED,NOT_APPLICABLE,NOT_APPLICABLE,,,,,,
f883826150cfedcd,2026-08-07T22:00:00+00:00,2026-08-07T23:02:04.016866+00:00,EUR/USD,H1,NEUTRAL,EUR,USD,-2.5953353173207917e-05,-2.5953353173207917e-05,5.872343920131341e-06,-3.182569709333926e-05,1.15589,LATE_NY,NOT_TRACKED,NOT_APPLICABLE,NOT_APPLICABLE,,,,,,
0e2ffb367916d095,2026-08-07T22:00:00+00:00,2026-08-07T23:02:04.016898+00:00,GBP/USD,H1,NEUTRAL,GBP,USD,-7.41278854284259e-06,-7.41278854284259e-06,5.872343920131341e-06,-1.3285132462973931e-05,1.34901,LATE_NY,NOT_TRACKED,NOT_APPLICABLE,NOT_APPLICABLE,,,,,,
09317726ac38189b,2026-08-07T22:00:00+00:00,2026-08-07T23:02:04.016914+00:00,NZD/USD,H1,NEUTRAL,NZD,USD,-1.696870969923724e-05,-1.696870969923724e-05,5.872343920131341e-06,-2.2841053619368582e-05,0.58931,LATE_NY,NOT_TRACKED,NOT_APPLICABLE,NOT_APPLICABLE,,,,,,
30fd2fe9c73719b2,2026-08-07T22:00:00+00:00,2026-08-07T23:02:04.016927+00:00,USD/CHF,H1,NEUTRAL,USD,CHF,-3.713238934544818e-05,5.872343920131341e-06,3.713238934544818e-05,-3.126004542531684e-05,0.80789,LATE_NY,NOT_TRACKED,NOT_APPLICABLE,NOT_APPLICABLE,,,,,,
8078d07e01571d43,2026-08-07T22:00:00+00:00,2026-08-07T23:02:04.016940+00:00,USD/JPY,H1,NEUTRAL,USD,JPY,1.6159257530817132e-05,5.872343920131341e-06,-1.6159257530817132e-05,2.2031601450948473e-05,157.80683,LATE_NY,NOT_TRACKED,NOT_APPLICABLE,NOT_APPLICABLE,,,,,,
87eddeccbd3fab42,2026-08-07T23:00:00+00:00,2026-08-08T00:02:04.696854+00:00,EUR/USD,H1,NEUTRAL,EUR,USD,-3.460417153272081e-05,-3.460417153272081e-05,7.022503879110636e-06,-4.162667541183145e-05,1.15589,LATE_NY,NOT_TRACKED,NOT_APPLICABLE,NOT_APPLICABLE,,,,,,
9afd99f8333c90d7,2026-08-07T23:00:00+00:00,2026-08-08T00:02:04.696879+00:00,GBP/USD,H1,NEUTRAL,GBP,USD,7.412788542677994e-06,7.412788542677994e-06,7.022503879110636e-06,3.9028466356735733e-07,1.34903,LATE_NY,NOT_TRACKED,NOT_APPLICABLE,NOT_APPLICABLE,,,,,,
227fd40173c1bd26,2026-08-07T23:00:00+00:00,2026-08-08T00:02:04.696895+00:00,NZD/USD,H1,NEUTRAL,NZD,USD,0.0,0.0,7.022503879110636e-06,-7.022503879110636e-06,0.58931,LATE_NY,NOT_TRACKED,NOT_APPLICABLE,NOT_APPLICABLE,,,,,,
5c47462fef9f7209,2026-08-07T23:00:00+00:00,2026-08-08T00:02:04.696908+00:00,USD/CHF,H1,NEUTRAL,USD,CHF,0.0,7.022503879110636e-06,0.0,7.022503879110636e-06,0.80789,LATE_NY,NOT_TRACKED,NOT_APPLICABLE,NOT_APPLICABLE,,,,,,
e61990fd3bad4083,2026-08-07T23:00:00+00:00,2026-08-08T00:02:04.696919+00:00,USD/JPY,H1,NEUTRAL,USD,JPY,7.921136405510367e-06,7.022503879110636e-06,-7.921136405510367e-06,1.4943640284621003e-05,157.80689,LATE_NY,NOT_TRACKED,NOT_APPLICABLE,NOT_APPLICABLE,,,,,,
4909f0900d669151,2026-08-08T00:00:00+00:00,2026-08-08T01:02:04.202104+00:00,EUR/USD,H1,NEUTRAL,EUR,USD,-6.0557300182357456e-05,-6.0557300182357456e-05,-3.7688581786383435e-05,-2.286871839597402e-05,1.15586,ASIA,NOT_TRACKED,NOT_APPLICABLE,NOT_APPLICABLE,,,,,,
c9ad321441e3f5ed,2026-08-08T00:00:00+00:00,2026-08-08T01:02:04.202136+00:00,GBP/USD,H1,NEUTRAL,GBP,USD,0.0001186063750926,0.0001186063750926,-3.7688581786383435e-05,0.00015629495687898343,1.34916,ASIA,NOT_TRACKED,NOT_APPLICABLE,NOT_APPLICABLE,,,,,,
22bd3cd9a1f7911d,2026-08-08T00:00:00+00:00,2026-08-08T01:02:04.202153+00:00,NZD/USD,H1,NEUTRAL,NZD,USD,0.0002036279716957,0.0002036279716957,-3.7688581786383435e-05,0.00024131655348208345,0.58943,ASIA,NOT_TRACKED,NOT_APPLICABLE,NOT_APPLICABLE,,,,,,
2fa28102b5118eae,2026-08-08T00:00:00+00:00,2026-08-08T01:02:04.202166+00:00,USD/CHF,H1,NEUTRAL,USD,CHF,-4.951169094807462e-05,-3.7688581786383435e-05,4.951169094807462e-05,-8.720027273445806e-05,0.80785,ASIA,NOT_TRACKED,NOT_APPLICABLE,NOT_APPLICABLE,,,,,,
a365e30d778c21bb,2026-08-08T00:00:00+00:00,2026-08-08T01:02:04.202178+00:00,USD/JPY,H1,NEUTRAL,USD,JPY,0.0001227458286221,-3.7688581786383435e-05,-0.0001227458286221,8.505724683571656e-05,157.82514,ASIA,NOT_TRACKED,NOT_APPLICABLE,NOT_APPLICABLE,,,,,,
ffe753219f9df5c8,2026-08-08T05:00:00+00:00,2026-08-08T06:02:03.726928+00:00,EUR/USD,H1,NEUTRAL,EUR,USD,1.7303133597415757e-05,1.7303133597415757e-05,1.0115481911879948e-05,7.187651685535809e-06,1.15588,ASIA,NOT_TRACKED,NOT_APPLICABLE,NOT_APPLICABLE,,,,,,
4054646fc873ec8e,2026-08-08T05:00:00+00:00,2026-08-08T06:02:03.726959+00:00,GBP/USD,H1,NEUTRAL,GBP,USD,-8.157574678892237e-05,-8.157574678892237e-05,1.0115481911879948e-05,-9.169122870080231e-05,1.34833,ASIA,NOT_TRACKED,NOT_APPLICABLE,NOT_APPLICABLE,,,,,,
859e3e4eab43df35,2026-08-08T05:00:00+00:00,2026-08-08T06:02:03.726977+00:00,NZD/USD,H1,NEUTRAL,NZD,USD,3.393051031490907e-05,3.393051031490907e-05,1.0115481911879948e-05,2.3815028403029123e-05,0.58946,ASIA,NOT_TRACKED,NOT_APPLICABLE,NOT_APPLICABLE,,,,,,
5fac350959f82ea2,2026-08-08T05:00:00+00:00,2026-08-08T06:02:03.726991+00:00,USD/CHF,H1,NEUTRAL,USD,CHF,1.237853561931734e-05,1.0115481911879948e-05,-1.237853561931734e-05,2.249401753119729e-05,0.80786,ASIA,NOT_TRACKED,NOT_APPLICABLE,NOT_APPLICABLE,,,,,,
ea79795ecd7d39f4,2026-08-08T05:00:00+00:00,2026-08-08T06:02:03.727003+00:00,USD/JPY,H1,NEUTRAL,USD,JPY,7.856771063484858e-06,1.0115481911879948e-05,-7.856771063484858e-06,1.7972252975364808e-05,157.82689,ASIA,NOT_TRACKED,NOT_APPLICABLE,NOT_APPLICABLE,,,,,,
b86fd60ecfad8847,2026-08-10T09:00:00+00:00,2026-08-10T10:22:49.595479+00:00,EUR/USD,H1,SHORT,EUR,USD,-0.0003459609064175,-0.0003459609064175,0.00048537840716784,-0.0008313393135853399,1.1558,LONDON,RECORDED,COMPLETED,COMPLETED,1.1548300000,1.1536500000,0.083925,0.186018,WIN,WIN
7424cf32b4502606,2026-08-10T09:00:00+00:00,2026-08-10T10:22:49.595504+00:00,GBP/USD,H1,SHORT,GBP,USD,-0.0004887838908678,-0.0004887838908678,0.00048537840716784,-0.00097416229803564,1.34963,LONDON,RECORDED,COMPLETED,COMPLETED,1.3497100000,1.3504300000,-0.005928,-0.059276,LOSS,LOSS
4b69b287cc8a42cb,2026-08-10T09:00:00+00:00,2026-08-10T10:22:49.595518+00:00,NZD/USD,H1,SHORT,NZD,USD,-0.000305307257832,-0.000305307257832,0.00048537840716784,-0.00079068566499984,0.58939,LONDON,RECORDED,COMPLETED,COMPLETED,0.5884100000,0.5871700000,0.166274,0.376661,WIN,WIN
0f78b4d6ad5a66cf,2026-08-10T09:00:00+00:00,2026-08-10T10:22:49.595529+00:00,USD/CHF,H1,LONG,USD,CHF,0.0002103517824218,0.00048537840716784,-0.0002103517824218,0.00069573018958964,0.80834,LONDON,RECORDED,COMPLETED,COMPLETED,0.8093500000,0.8111500000,0.124947,0.347626,WIN,WIN
c444eb17dac9d274,2026-08-10T09:00:00+00:00,2026-08-10T10:22:49.595539+00:00,USD/JPY,H1,LONG,USD,JPY,0.0010764881983001,0.00048537840716784,-0.0010764881983001,0.00156186660546794,158.85347,LONDON,RECORDED,COMPLETED,COMPLETED,158.9457500000,159.3582100000,0.058091,0.317739,WIN,WIN
fcb5aba45cb209c7,2026-08-11T17:00:00+00:00,2026-08-11T17:20:42.420511+00:00,EUR/USD,H1,NEUTRAL,EUR,USD,-0.0002252623006211,-0.0002252623006211,4.3935973877406146e-05,-0.0002691982744985062,1.15395,NEW_YORK,NOT_TRACKED,NOT_APPLICABLE,NOT_APPLICABLE,,,,,,
4e49dd73ac04c7be,2026-08-11T17:00:00+00:00,2026-08-11T17:20:42.420542+00:00,GBP/USD,H1,NEUTRAL,GBP,USD,-0.0003330570193617,-0.0003330570193617,4.3935973877406146e-05,-0.0003769929932391061,1.35067,NEW_YORK,NOT_TRACKED,NOT_APPLICABLE,NOT_APPLICABLE,,,,,,
80509b315e1b3373,2026-08-11T17:00:00+00:00,2026-08-11T17:20:42.420559+00:00,NZD/USD,H1,LONG,NZD,USD,0.000544273225159,0.000544273225159,4.3935973877406146e-05,0.0005003372512815938,0.58826,NEW_YORK,RECORDED,PENDING,PENDING,,,,,,
07f2c80cf818e0bc,2026-08-11T17:00:00+00:00,2026-08-11T17:20:42.420574+00:00,USD/CHF,H1,NEUTRAL,USD,CHF,0.0002095893282045,4.3935973877406146e-05,-0.0002095893282045,0.00025352530208190614,0.81128,NEW_YORK,NOT_TRACKED,NOT_APPLICABLE,NOT_APPLICABLE,,,,,,
0def215e1f59d2f4,2026-08-11T17:00:00+00:00,2026-08-11T17:20:42.420586+00:00,USD/JPY,H1,NEUTRAL,USD,JPY,-3.955553641269325e-06,4.3935973877406146e-05,3.955553641269325e-06,3.998042023613682e-05,159.26911,NEW_YORK,NOT_TRACKED,NOT_APPLICABLE,NOT_APPLICABLE,,,,,,
59c168d695cb8598,2026-08-11T17:00:00+00:00,2026-08-11T17:59:09.871241+00:00,EUR/USD,H4,SHORT,EUR,USD,-0.0003465153549616,-0.0003465153549616,0.00019801668078650347,-0.0005445320357481034,1.15395,NEW_YORK,RECORDED,COMPLETED,PENDING,1.1543200000,,-0.032064,,LOSS,
cdecf97c5383c08e,2026-08-11T17:00:00+00:00,2026-08-11T17:59:09.871265+00:00,GBP/USD,H4,NEUTRAL,GBP,USD,0.000459242250287,0.000459242250287,0.00019801668078650347,0.00026122556950049653,1.35067,NEW_YORK,NOT_TRACKED,NOT_APPLICABLE,NOT_APPLICABLE,,,,,,
e0c229a8d5033bbd,2026-08-11T17:00:00+00:00,2026-08-11T17:59:09.871283+00:00,NZD/USD,H4,NEUTRAL,NZD,USD,-0.0002549242874865,-0.0002549242874865,0.00019801668078650347,-0.0004529409682730035,0.58826,NEW_YORK,NOT_TRACKED,NOT_APPLICABLE,NOT_APPLICABLE,,,,,,
45d114e7449df248,2026-08-11T17:00:00+00:00,2026-08-11T17:59:09.871296+00:00,USD/CHF,H4,LONG,USD,CHF,0.0008265380392543,0.00019801668078650347,-0.0008265380392543,0.0010245547200408035,0.81128,NEW_YORK,RECORDED,COMPLETED,PENDING,0.8109600000,,-0.039444,,LOSS,
c3066ebd0df4e440,2026-08-11T17:00:00+00:00,2026-08-11T17:59:09.871308+00:00,USD/JPY,H4,NEUTRAL,USD,JPY,2.1347972517117344e-05,0.00019801668078650347,-2.1347972517117344e-05,0.00021936465330362083,159.26911,NEW_YORK,NOT_TRACKED,NOT_APPLICABLE,NOT_APPLICABLE,,,,,,
dfcc44735cb97490,2026-08-11T21:00:00+00:00,2026-08-11T21:16:53.926757+00:00,EUR/USD,H4,NEUTRAL,EUR,USD,0.0002859643497776,0.0002859643497776,-4.9940916263480005e-05,0.00033590526604108,1.15432,LATE_NY,NOT_TRACKED,NOT_APPLICABLE,NOT_APPLICABLE,,,,,,
c9599fb028620c1b,2026-08-11T21:00:00+00:00,2026-08-11T21:16:53.926785+00:00,GBP/USD,H4,NEUTRAL,GBP,USD,0.0001480779482319,0.0001480779482319,-4.9940916263480005e-05,0.00019801886449538,1.35084,LATE_NY,NOT_TRACKED,NOT_APPLICABLE,NOT_APPLICABLE,,,,,,
a61fc113b7840017,2026-08-11T21:00:00+00:00,2026-08-11T21:16:53.926800+00:00,NZD/USD,H4,NEUTRAL,NZD,USD,-0.0002890075141953,-0.0002890075141953,-4.9940916263480005e-05,-0.00023906659793181996,0.58805,LATE_NY,NOT_TRACKED,NOT_APPLICABLE,NOT_APPLICABLE,,,,,,
e18f74204feaa7b4,2026-08-11T21:00:00+00:00,2026-08-11T21:16:53.926813+00:00,USD/CHF,H4,NEUTRAL,USD,CHF,-0.0003451506335978,-4.9940916263480005e-05,0.0003451506335978,-0.00039509154986128,0.81096,LATE_NY,NOT_TRACKED,NOT_APPLICABLE,NOT_APPLICABLE,,,,,,
54ba174c21453ebb,2026-08-11T21:00:00+00:00,2026-08-11T21:16:53.926825+00:00,USD/JPY,H4,NEUTRAL,USD,JPY,0.0002404808360946,-4.9940916263480005e-05,-0.0002404808360946,0.00019053991983112,159.30255,LATE_NY,NOT_TRACKED,NOT_APPLICABLE,NOT_APPLICABLE,,,,,,
f64b61e50868517c,2026-08-12T04:00:00+00:00,2026-08-12T04:05:03.197296+00:00,EUR/USD,H1,SHORT,EUR,USD,-0.000190677598849,-0.000190677598849,0.00026844240021034905,-0.00045911999905934905,1.15356,ASIA,RECORDED,PENDING,PENDING,,,,,,
5f1728b050798650,2026-08-12T04:00:00+00:00,2026-08-12T04:05:03.197326+00:00,GBP/USD,H1,NEUTRAL,GBP,USD,-6.663557006724527e-05,-6.663557006724527e-05,0.00026844240021034905,-0.0003350779702775943,1.35054,ASIA,NOT_TRACKED,NOT_APPLICABLE,NOT_APPLICABLE,,,,,,
2ebaa5250b6528ad,2026-08-12T04:00:00+00:00,2026-08-12T04:05:03.197391+00:00,NZD/USD,H1,SHORT,NZD,USD,-0.0003578000408915,-0.0003578000408915,0.00026844240021034905,-0.000626242441101849,0.58671,ASIA,RECORDED,PENDING,PENDING,,,,,,
61129cba209ed8b2,2026-08-12T04:00:00+00:00,2026-08-12T04:05:03.197408+00:00,USD/CHF,H1,LONG,USD,CHF,0.0005420321277224,0.00026844240021034905,-0.0005420321277224,0.000810474527932749,0.8122,ASIA,RECORDED,PENDING,PENDING,,,,,,
469c061b91bb7d11,2026-08-12T04:00:00+00:00,2026-08-12T04:05:03.197420+00:00,USD/JPY,H1,LONG,USD,JPY,0.0001850666635216,0.00026844240021034905,-0.0001850666635216,0.000453509063731949,159.43152,ASIA,RECORDED,PENDING,PENDING,,,,,,
43f53295372d602e,2026-08-12T01:00:00+00:00,2026-08-12T04:22:21.132619+00:00,EUR/USD,H4,NEUTRAL,EUR,USD,-0.0001732666834157,-0.0001732666834157,0.0003211889082576299,-0.0004944555916733299,1.15409,ASIA,NOT_TRACKED,NOT_APPLICABLE,NOT_APPLICABLE,,,,,,
6c68242ca2fb8aaa,2026-08-12T01:00:00+00:00,2026-08-12T04:22:21.132645+00:00,GBP/USD,H4,NEUTRAL,GBP,USD,5.922416345875037e-05,5.922416345875037e-05,0.0003211889082576299,-0.0002619647447988795,1.35088,ASIA,NOT_TRACKED,NOT_APPLICABLE,NOT_APPLICABLE,,,,,,
73086ee4a49c850a,2026-08-12T01:00:00+00:00,2026-08-12T04:22:21.132662+00:00,NZD/USD,H4,SHORT,NZD,USD,-0.0006121824303642,-0.0006121824303642,0.0003211889082576299,-0.0009333713386218299,0.5877,ASIA,RECORDED,PENDING,PENDING,,,,,,
80851314e7d58bcb,2026-08-12T01:00:00+00:00,2026-08-12T04:22:21.132676+00:00,USD/CHF,H4,LONG,USD,CHF,0.0006535464141265,0.0003211889082576299,-0.0006535464141265,0.0009747353223841298,0.81149,ASIA,RECORDED,PENDING,PENDING,,,,,,
05dc36e78d2d6b1a,2026-08-12T01:00:00+00:00,2026-08-12T04:22:21.132693+00:00,USD/JPY,H4,LONG,USD,JPY,0.0002261731768405,0.0003211889082576299,-0.0002261731768405,0.00054736208509813,159.33874,ASIA,RECORDED,PENDING,PENDING,,,,,,
bf6c5ece19994180,2026-08-12T13:00:00+00:00,2026-08-12T14:15:20.173673+00:00,EUR/USD,H4,LONG,EUR,USD,0.0017595562104533,0.0017595562104533,-0.00256860755826872,0.0043281637687220195,1.15573,LONDON_NY_OVERLAP,RECORDED,PENDING,PENDING,,,,,,
c39fe5b131f9af3c,2026-08-12T13:00:00+00:00,2026-08-12T14:15:20.173700+00:00,GBP/USD,H4,LONG,GBP,USD,0.0018430928430263,0.0018430928430263,-0.00256860755826872,0.00441170040129502,1.35348,LONDON_NY_OVERLAP,RECORDED,PENDING,PENDING,,,,,,
752c5af368d14d63,2026-08-12T13:00:00+00:00,2026-08-12T14:15:20.173717+00:00,NZD/USD,H4,LONG,NZD,USD,0.0030197048537064,0.0030197048537064,-0.00256860755826872,0.0055883124119751205,0.58792,LONDON_NY_OVERLAP,RECORDED,PENDING,PENDING,,,,,,
7ffd01314d8b2133,2026-08-12T13:00:00+00:00,2026-08-12T14:15:20.173731+00:00,USD/CHF,H4,SHORT,USD,CHF,-0.0032974875113812,-0.00256860755826872,0.0032974875113812,-0.0058660950696499195,0.81006,LONDON_NY_OVERLAP,RECORDED,PENDING,PENDING,,,,,,
2e1a40c73379c88f,2026-08-12T13:00:00+00:00,2026-08-12T14:15:20.173744+00:00,USD/JPY,H4,SHORT,USD,JPY,-0.0029231963727764,-0.00256860755826872,0.0029231963727764,-0.0054918039310451194,158.88032,LONDON_NY_OVERLAP,RECORDED,PENDING,PENDING,,,,,,
22b54039a92360fc,2026-08-12T18:00:00+00:00,2026-08-12T18:51:15.418949+00:00,EUR/USD,H1,SHORT,EUR,USD,-0.0005638054264102,-0.0005638054264102,0.00055074805857182,-0.0011145534849820202,1.15223,NEW_YORK,RECORDED,PENDING,PENDING,,,,,,
b6841d74dae6d191,2026-08-12T18:00:00+00:00,2026-08-12T18:51:15.418982+00:00,GBP/USD,H1,SHORT,GBP,USD,-0.0002889402560456,-0.0002889402560456,0.00055074805857182,-0.00083968831461742,1.34937,NEW_YORK,RECORDED,PENDING,PENDING,,,,,,
cca7e42e32450179,2026-08-12T18:00:00+00:00,2026-08-12T18:51:15.419002+00:00,NZD/USD,H1,SHORT,NZD,USD,-0.0002561038074099,-0.0002561038074099,0.00055074805857182,-0.0008068518659817201,0.58555,NEW_YORK,RECORDED,PENDING,PENDING,,,,,,
fecac1226b03400f,2026-08-12T18:00:00+00:00,2026-08-12T18:51:15.419018+00:00,USD/CHF,H1,LONG,USD,CHF,0.0009719009891244,0.00055074805857182,-0.0009719009891244,0.00152264904769622,0.81363,NEW_YORK,RECORDED,PENDING,PENDING,,,,,,
730cba1124f88612,2026-08-12T18:00:00+00:00,2026-08-12T18:51:15.419032+00:00,USD/JPY,H1,LONG,USD,JPY,0.000672989813869,0.00055074805857182,-0.000672989813869,0.00122373787244082,159.50047,NEW_YORK,RECORDED,PENDING,PENDING,,,,,,
3af88fc5bb781b64,2026-08-12T00:00:00+00:00,2026-08-13T01:24:37.334916+00:00,EUR/USD,D1,NEUTRAL,EUR,USD,1.7326518236081588e-05,1.7326518236081588e-05,0.00018096078273511376,-0.00016363426449903217,1.15432,ASIA,NOT_TRACKED,NOT_APPLICABLE,NOT_APPLICABLE,,,,,,
fa8d4fd47476192b,2026-08-12T00:00:00+00:00,2026-08-13T01:24:37.334940+00:00,GBP/USD,D1,NEUTRAL,GBP,USD,7.40334927521129e-05,7.40334927521129e-05,0.00018096078273511376,-0.00010692728998300086,1.35084,ASIA,NOT_TRACKED,NOT_APPLICABLE,NOT_APPLICABLE,,,,,,
46609deeb4e6783e,2026-08-12T00:00:00+00:00,2026-08-13T01:24:37.334954+00:00,NZD/USD,D1,NEUTRAL,NZD,USD,-0.0002380183274112,-0.0002380183274112,0.00018096078273511376,-0.00041897911014631377,0.58805,ASIA,NOT_TRACKED,NOT_APPLICABLE,NOT_APPLICABLE,,,,,,
dd6dbe51d69dfa90,2026-08-12T00:00:00+00:00,2026-08-13T01:24:37.334967+00:00,USD/CHF,D1,LONG,USD,CHF,0.0008145131432802,0.00018096078273511376,-0.0008145131432802,0.0009954739260153137,0.81096,ASIA,RECORDED,PENDING,PENDING,,,,,,
421fd53ce2d48244,2026-08-12T00:00:00+00:00,2026-08-13T01:24:37.334978+00:00,USD/JPY,D1,NEUTRAL,USD,JPY,-5.636754602763656e-05,0.00018096078273511376,5.636754602763656e-05,0.0001245932367074772,159.30255,ASIA,NOT_TRACKED,NOT_APPLICABLE,NOT_APPLICABLE,,,,,,
8afe66eebb227594,2026-08-13T08:00:00+00:00,2026-08-13T08:29:15.187110+00:00,EUR/USD,H1,LONG,EUR,USD,0.0008769568728238,0.0008769568728238,-0.000656140341767966,0.001533097214591766,1.15272,LONDON,RECORDED,PENDING,PENDING,,,,,,
b9cda4ae9480aa57,2026-08-13T08:00:00+00:00,2026-08-13T08:29:15.187135+00:00,GBP/USD,H1,LONG,GBP,USD,0.0002151143815091,0.0002151143815091,-0.000656140341767966,0.000871254723277066,1.34841,LONDON,RECORDED,PENDING,PENDING,,,,,,
e0c7cd788f4f842d,2026-08-13T08:00:00+00:00,2026-08-13T08:29:15.187152+00:00,NZD/USD,H1,LONG,NZD,USD,0.0008747555829988,0.0008747555829988,-0.000656140341767966,0.001530895924766766,0.58353,LONDON,RECORDED,PENDING,PENDING,,,,,,
674edbd34b58a86b,2026-08-13T08:00:00+00:00,2026-08-13T08:29:15.187171+00:00,USD/CHF,H1,SHORT,USD,CHF,-0.001228546506628,-0.000656140341767966,0.001228546506628,-0.001884686848395966,0.81297,LONDON,RECORDED,PENDING,PENDING,,,,,,
20f6781b6631905f,2026-08-13T08:00:00+00:00,2026-08-13T08:29:15.187184+00:00,USD/JPY,H1,SHORT,USD,JPY,-8.53283648801295e-05,-0.000656140341767966,8.53283648801295e-05,-0.0007414687066480954,159.37068,LONDON,RECORDED,PENDING,PENDING,,,,,,
5a603dea705d5930,2026-08-13T09:00:00+00:00,2026-08-13T10:24:06.908025+00:00,EUR/USD,H4,NEUTRAL,EUR,USD,-4.337980756707253e-05,-4.337980756707253e-05,0.00016056217358093454,-0.00020394198114800707,1.15256,LONDON,NOT_TRACKED,NOT_APPLICABLE,NOT_APPLICABLE,,,,,,
a5a03e458aa390a9,2026-08-13T09:00:00+00:00,2026-08-13T10:24:06.908049+00:00,GBP/USD,H4,SHORT,GBP,USD,-0.0011188831915588,-0.0011188831915588,0.00016056217358093454,-0.0012794453651397346,1.34805,LONDON,RECORDED,PENDING,PENDING,,,,,,
69f86c86b51d2772,2026-08-13T09:00:00+00:00,2026-08-13T10:24:06.908066+00:00,NZD/USD,H4,NEUTRAL,NZD,USD,0.000411536746802,0.000411536746802,0.00016056217358093454,0.0002509745732210655,0.58342,LONDON,NOT_TRACKED,NOT_APPLICABLE,NOT_APPLICABLE,,,,,,
07fe3d993285437e,2026-08-13T09:00:00+00:00,2026-08-13T10:24:06.908078+00:00,USD/CHF,H4,SHORT,USD,CHF,-0.0011427588410213,0.00016056217358093454,0.0011427588410213,-0.0009821966674403654,0.81289,LONDON,RECORDED,PENDING,PENDING,,,,,,
8fd2dfd004d45694,2026-08-13T09:00:00+00:00,2026-08-13T10:24:06.908089+00:00,USD/JPY,H4,LONG,USD,JPY,0.0011948434566021,0.00016056217358093454,-0.0011948434566021,0.0013554056301830345,159.40775,LONDON,RECORDED,PENDING,PENDING,,,,,,
872c4d2332eedfc0,2026-08-13T10:00:00+00:00,2026-08-13T10:51:56.564245+00:00,EUR/USD,H1,LONG,EUR,USD,0.000789574150557,0.000789574150557,-0.00089087329201428,0.00168044744257128,1.15343,LONDON,RECORDED,PENDING,PENDING,,,,,,
83b41cddf6aa39d0,2026-08-13T10:00:00+00:00,2026-08-13T10:51:56.564265+00:00,GBP/USD,H1,LONG,GBP,USD,0.0008011928871875,0.0008011928871875,-0.00089087329201428,0.00169206617920178,1.34907,LONDON,RECORDED,PENDING,PENDING,,,,,,
89671403ece487f9,2026-08-13T10:00:00+00:00,2026-08-13T10:51:56.564279+00:00,NZD/USD,H1,LONG,NZD,USD,0.0016798080219403,0.0016798080219403,-0.00089087329201428,0.00257068131395458,0.58438,LONDON,RECORDED,PENDING,PENDING,,,,,,
1f034ce2e4723cba,2026-08-13T10:00:00+00:00,2026-08-13T10:51:56.564290+00:00,USD/CHF,H1,SHORT,USD,CHF,-0.0007750793533623,-0.00089087329201428,0.0007750793533623,-0.00166595264537658,0.81219,LONDON,RECORDED,PENDING,PENDING,,,,,,
f7ba2d73abe05a93,2026-08-13T10:00:00+00:00,2026-08-13T10:51:56.564300+00:00,USD/JPY,H1,SHORT,USD,JPY,-0.0004087120470243,-0.00089087329201428,0.0004087120470243,-0.00129958533903858,159.33803,LONDON,RECORDED,PENDING,PENDING,,,,,,
707859b10d00101c,2026-08-13T12:00:00+00:00,2026-08-13T12:19:15.601181+00:00,EUR/USD,H1,NEUTRAL,EUR,USD,-0.0001820309452607,-0.0001820309452607,0.0001094988916078773,-0.0002915298368685773,1.15344,LONDON_NY_OVERLAP,NOT_TRACKED,NOT_APPLICABLE,NOT_APPLICABLE,,,,,,
313926bfe60cdc8c,2026-08-13T12:00:00+00:00,2026-08-13T12:19:15.601211+00:00,GBP/USD,H1,NEUTRAL,GBP,USD,0.0002446238352569,0.0002446238352569,0.0001094988916078773,0.00013512494364902272,1.34934,LONDON_NY_OVERLAP,NOT_TRACKED,NOT_APPLICABLE,NOT_APPLICABLE,,,,,,
afaa95980079df7f,2026-08-13T12:00:00+00:00,2026-08-13T12:19:15.601231+00:00,NZD/USD,H1,NEUTRAL,NZD,USD,0.000154004106776,0.000154004106776,0.0001094988916078773,4.4505215168122694e-05,0.58449,LONDON_NY_OVERLAP,NOT_TRACKED,NOT_APPLICABLE,NOT_APPLICABLE,,,,,,
7db4cbe95fad0f4c,2026-08-13T12:00:00+00:00,2026-08-13T12:19:15.601247+00:00,USD/CHF,H1,LONG,USD,CHF,0.0008005517649087,0.0001094988916078773,-0.0008005517649087,0.0009100506565165774,0.81259,LONDON_NY_OVERLAP,RECORDED,PENDING,PENDING,,,,,,
936eeed1b722a37f,2026-08-13T12:00:00+00:00,2026-08-13T12:19:15.601261+00:00,USD/JPY,H1,NEUTRAL,USD,JPY,-3.646031009711346e-05,0.0001094988916078773,3.646031009711346e-05,7.303858151076385e-05,159.34555,LONDON_NY_OVERLAP,NOT_TRACKED,NOT_APPLICABLE,NOT_APPLICABLE,,,,,,
6b81aaf3fcca8d24,2026-08-13T00:00:00+00:00,2026-08-13T12:25:44.635248+00:00,EUR/USD,D1,SHORT,EUR,USD,-0.0015767268190835,-0.0015767268190835,0.0020766527041806196,-0.0036533795232641195,1.15247,ASIA,RECORDED,PENDING,PENDING,,,,,,
1b8dae97f7af6d07,2026-08-13T00:00:00+00:00,2026-08-13T12:25:44.635274+00:00,GBP/USD,D1,SHORT,GBP,USD,-0.0009179745336096,-0.0009179745336096,0.0020766527041806196,-0.0029946272377902195,1.34956,ASIA,RECORDED,PENDING,PENDING,,,,,,
74b7c3cc9ed4d9c9,2026-08-13T00:00:00+00:00,2026-08-13T12:25:44.635292+00:00,NZD/USD,D1,SHORT,NZD,USD,-0.0037751249872461,-0.0037751249872461,0.0020766527041806196,-0.0058517776914267195,0.58584,ASIA,RECORDED,PENDING,PENDING,,,,,,
528f17052e42d90f,2026-08-13T00:00:00+00:00,2026-08-13T12:25:44.635306+00:00,USD/CHF,D1,LONG,USD,CHF,0.0033047252638847,0.0020766527041806196,-0.0033047252638847,0.0053813779680653194,0.81364,ASIA,RECORDED,PENDING,PENDING,,,,,,
3ba0874c8cc8e696,2026-08-13T00:00:00+00:00,2026-08-13T12:25:44.635319+00:00,USD/JPY,D1,LONG,USD,JPY,0.0008087119170792,0.0020766527041806196,-0.0008087119170792,0.0028853646212598197,159.43154,ASIA,RECORDED,PENDING,PENDING,,,,,,
97ac7b7871c58d3a,2026-08-13T17:00:00+00:00,2026-08-13T17:34:07.985860+00:00,EUR/USD,H1,SHORT,EUR,USD,-0.0001994554000381,-0.0001994554000381,0.000388088829178,-0.0005875442292161,1.15291,NEW_YORK,RECORDED,PENDING,PENDING,,,,,,
0322de4498f3a749,2026-08-13T17:00:00+00:00,2026-08-13T17:34:07.985896+00:00,GBP/USD,H1,SHORT,GBP,USD,-0.0007557570907797,-0.0007557570907797,0.000388088829178,-0.0011438459199577,1.34862,NEW_YORK,RECORDED,PENDING,PENDING,,,,,,
6091fb6e2ee22a63,2026-08-13T17:00:00+00:00,2026-08-13T17:34:07.985915+00:00,NZD/USD,H1,NEUTRAL,NZD,USD,0.0001197133719836,0.0001197133719836,0.000388088829178,-0.0002683754571944,0.5848,NEW_YORK,NOT_TRACKED,NOT_APPLICABLE,NOT_APPLICABLE,,,,,,
1e78fc0afcf5b2c1,2026-08-13T17:00:00+00:00,2026-08-13T17:34:07.985932+00:00,USD/CHF,H1,LONG,USD,CHF,0.0001968116512496,0.000388088829178,-0.0001968116512496,0.0005849004804276,0.81312,NEW_YORK,RECORDED,PENDING,PENDING,,,,,,
8024273dc658180f,2026-08-13T17:00:00+00:00,2026-08-13T17:34:07.985945+00:00,USD/JPY,H1,LONG,USD,JPY,0.0009081333758062,0.000388088829178,-0.0009081333758062,0.0012962222049841998,159.49355,NEW_YORK,RECORDED,PENDING,PENDING,,,,,,
78ef36c28aef870d,2026-08-13T17:00:00+00:00,2026-08-13T17:39:20.851975+00:00,EUR/USD,H4,SHORT,EUR,USD,-0.0011522733573605,-0.0011522733573605,0.0014201714017907801,-0.00257244475915128,1.15291,NEW_YORK,RECORDED,PENDING,PENDING,,,,,,
536c34343e862138,2026-08-13T17:00:00+00:00,2026-08-13T17:39:20.851999+00:00,GBP/USD,H4,SHORT,GBP,USD,-0.0015399422521656,-0.0015399422521656,0.0014201714017907801,-0.00296011365395638,1.34862,NEW_YORK,RECORDED,PENDING,PENDING,,,,,,
e8f862f581e5e9a3,2026-08-13T17:00:00+00:00,2026-08-13T17:39:20.852014+00:00,NZD/USD,H4,SHORT,NZD,USD,-0.0009054721268344,-0.0009054721268344,0.0014201714017907801,-0.00232564352862518,0.5848,NEW_YORK,RECORDED,PENDING,PENDING,,,,,,
d6b5bf7ed2bfc1aa,2026-08-13T17:00:00+00:00,2026-08-13T17:39:20.852030+00:00,USD/CHF,H4,LONG,USD,CHF,0.0016753720311421,0.0014201714017907801,-0.0016753720311421,0.00309554343293288,0.81312,NEW_YORK,RECORDED,PENDING,PENDING,,,,,,
82def655ae6ee1dc,2026-08-13T17:00:00+00:00,2026-08-13T17:39:20.852042+00:00,USD/JPY,H4,LONG,USD,JPY,0.0018277972414513,0.0014201714017907801,-0.0018277972414513,0.00324796864324208,159.49355,NEW_YORK,RECORDED,PENDING,PENDING,,,,,,
3314d0b4dc58bec2,2026-08-13T20:00:00+00:00,2026-08-13T20:05:04.419929+00:00,EUR/USD,H1,NEUTRAL,EUR,USD,-9.541157082145416e-05,-9.541157082145416e-05,9.181350766866714e-05,-0.00018722507849012131,1.15279,NEW_YORK,NOT_TRACKED,NOT_APPLICABLE,NOT_APPLICABLE,,,,,,
724a826fb22d0647,2026-08-13T20:00:00+00:00,2026-08-13T20:05:04.419956+00:00,GBP/USD,H1,NEUTRAL,GBP,USD,0.000155732051881,0.000155732051881,9.181350766866714e-05,6.391854421233285e-05,1.34868,NEW_YORK,NOT_TRACKED,NOT_APPLICABLE,NOT_APPLICABLE,,,,,,
b05f5b356cf5fbdc,2026-08-13T20:00:00+00:00,2026-08-13T20:05:04.419971+00:00,NZD/USD,H1,NEUTRAL,NZD,USD,0.0003077396522541,0.0003077396522541,9.181350766866714e-05,0.00021592614458543284,0.58509,NEW_YORK,NOT_TRACKED,NOT_APPLICABLE,NOT_APPLICABLE,,,,,,
a3be504ff6acfe70,2026-08-13T20:00:00+00:00,2026-08-13T20:05:04.419983+00:00,USD/CHF,H1,LONG,USD,CHF,0.0008108905052093,9.181350766866714e-05,-0.0008108905052093,0.0009027040128779672,0.81458,NEW_YORK,RECORDED,PENDING,PENDING,,,,,,
60f8c630b8ea9272,2026-08-13T20:00:00+00:00,2026-08-13T20:05:04.420015+00:00,USD/JPY,H1,NEUTRAL,USD,JPY,1.6237166447681447e-05,9.181350766866714e-05,-1.6237166447681447e-05,0.00010805067411634858,159.51318,NEW_YORK,NOT_TRACKED,NOT_APPLICABLE,NOT_APPLICABLE,,,,,,
2462358abbf68f7e,2026-08-13T21:00:00+00:00,2026-08-13T21:10:04.565872+00:00,EUR/USD,H4,NEUTRAL,EUR,USD,-6.071224132230608e-05,-6.071224132230608e-05,0.00021007310061662868,-0.00027078534193893474,1.15291,LATE_NY,NOT_TRACKED,NOT_APPLICABLE,NOT_APPLICABLE,,,,,,
56a7de789076e2b2,2026-08-13T21:00:00+00:00,2026-08-13T21:10:04.565894+00:00,GBP/USD,H4,NEUTRAL,GBP,USD,4.448926325776262e-05,4.448926325776262e-05,0.00021007310061662868,-0.00016558383735886607,1.3487,LATE_NY,NOT_TRACKED,NOT_APPLICABLE,NOT_APPLICABLE,,,,,,
bf047b6a5e33693f,2026-08-13T21:00:00+00:00,2026-08-13T21:10:04.565908+00:00,NZD/USD,H4,NEUTRAL,NZD,USD,0.0004274819602612,0.0004274819602612,0.00021007310061662868,0.0002174088596445713,0.58507,LATE_NY,NOT_TRACKED,NOT_APPLICABLE,NOT_APPLICABLE,,,,,,
fccc47a516e47608,2026-08-13T21:00:00+00:00,2026-08-13T21:10:04.565921+00:00,USD/CHF,H4,LONG,USD,CHF,0.0012297551557484,0.00021007310061662868,-0.0012297551557484,0.0014398282563650286,0.81417,LATE_NY,RECORDED,PENDING,PENDING,,,,,,
63456b190f817d1a,2026-08-13T21:00:00+00:00,2026-08-13T21:10:04.565933+00:00,USD/JPY,H4,NEUTRAL,USD,JPY,0.0002318693295314,0.00021007310061662868,-0.0002318693295314,0.0004419424301480287,159.52336,LATE_NY,NOT_TRACKED,NOT_APPLICABLE,NOT_APPLICABLE,,,,,,
716079cde26f2921,2026-08-14T04:00:00+00:00,2026-08-14T04:05:03.368632+00:00,EUR/USD,H1,LONG,EUR,USD,0.0003814841467326,0.0003814841467326,-0.00056497630305588,0.00094646044978848,1.15383,ASIA,RECORDED,PENDING,PENDING,,,,,,
8829cad600c86964,2026-08-14T04:00:00+00:00,2026-08-14T04:05:03.368653+00:00,GBP/USD,H1,LONG,GBP,USD,0.0004818669750615,0.0004818669750615,-0.00056497630305588,0.00104684327811738,1.34957,ASIA,RECORDED,PENDING,PENDING,,,,,,
904137ac6c663151,2026-08-14T04:00:00+00:00,2026-08-14T04:05:03.368667+00:00,NZD/USD,H1,LONG,NZD,USD,0.0012800382304751,0.0012800382304751,-0.00056497630305588,0.00184501453353098,0.58667,ASIA,RECORDED,PENDING,PENDING,,,,,,
66ad8a818c4e224c,2026-08-14T04:00:00+00:00,2026-08-14T04:05:03.368678+00:00,USD/CHF,H1,SHORT,USD,CHF,-0.0004790095556265,-0.00056497630305588,0.0004790095556265,-0.00104398585868238,0.81379,ASIA,RECORDED,PENDING,PENDING,,,,,,
690cc2f34e40c768,2026-08-14T04:00:00+00:00,2026-08-14T04:05:03.368689+00:00,USD/JPY,H1,SHORT,USD,JPY,-0.0002024826073837,-0.00056497630305588,0.0002024826073837,-0.00076745891043958,159.38882,ASIA,RECORDED,PENDING,PENDING,,,,,,
8feb0cfa452abaab,2026-08-14T00:00:00+00:00,2026-08-14T04:16:35.387030+00:00,EUR/USD,D1,NEUTRAL,EUR,USD,0.0003470685720732,0.0003470685720732,0.00054202093639428,-0.00019495236432108,1.15291,ASIA,NOT_TRACKED,NOT_APPLICABLE,NOT_APPLICABLE,,,,,,
c5bf68018654177b,2026-08-14T00:00:00+00:00,2026-08-14T04:16:35.387056+00:00,GBP/USD,D1,SHORT,GBP,USD,-0.0006076234513012,-0.0006076234513012,0.00054202093639428,-0.00114964438769548,1.3487,ASIA,RECORDED,PENDING,PENDING,,,,,,
d409f86e2f3a4216,2026-08-14T00:00:00+00:00,2026-08-14T04:16:35.387071+00:00,NZD/USD,D1,SHORT,NZD,USD,-0.0012632082074393,-0.0012632082074393,0.00054202093639428,-0.0018052291438335798,0.58507,ASIA,RECORDED,PENDING,PENDING,,,,,,
c60113432caa2801,2026-08-14T00:00:00+00:00,2026-08-14T04:16:35.387086+00:00,USD/CHF,D1,LONG,USD,CHF,0.000614499735765,0.00054202093639428,-0.000614499735765,0.00115652067215928,0.81417,ASIA,RECORDED,PENDING,PENDING,,,,,,
0057ef12bef58c41,2026-08-14T00:00:00+00:00,2026-08-14T04:16:35.387098+00:00,USD/JPY,D1,LONG,USD,JPY,0.0005718418595391,0.00054202093639428,-0.0005718418595391,0.00111386279593338,159.52336,ASIA,RECORDED,PENDING,PENDING,,,,,,
0f622be9a3295f8d,2026-08-14T05:00:00+00:00,2026-08-14T05:05:05.556549+00:00,EUR/USD,H1,NEUTRAL,EUR,USD,6.933610677767378e-05,6.933610677767378e-05,-0.00012339905014403476,0.00019273515692170854,1.15388,ASIA,NOT_TRACKED,NOT_APPLICABLE,NOT_APPLICABLE,,,,,,
c61478bf68668757,2026-08-14T05:00:00+00:00,2026-08-14T05:05:05.556578+00:00,GBP/USD,H1,NEUTRAL,GBP,USD,0.0001259688486447,0.0001259688486447,-0.00012339905014403476,0.00024936789878873475,1.34971,ASIA,NOT_TRACKED,NOT_APPLICABLE,NOT_APPLICABLE,,,,,,
941d3ae0af5b2f64,2026-08-14T05:00:00+00:00,2026-08-14T05:05:05.556593+00:00,NZD/USD,H1,NEUTRAL,NZD,USD,0.0,0.0,-0.00012339905014403476,0.00012339905014403476,0.58664,ASIA,NOT_TRACKED,NOT_APPLICABLE,NOT_APPLICABLE,,,,,,
9c55d142f967b8a7,2026-08-14T05:00:00+00:00,2026-08-14T05:05:05.556605+00:00,USD/CHF,H1,NEUTRAL,USD,CHF,-0.0002334725976897,-0.00012339905014403476,0.0002334725976897,-0.00035687164783373477,0.81361,ASIA,NOT_TRACKED,NOT_APPLICABLE,NOT_APPLICABLE,,,,,,
5b99ae4142587578,2026-08-14T05:00:00+00:00,2026-08-14T05:05:05.556617+00:00,USD/JPY,H1,NEUTRAL,USD,JPY,-0.0001882176976081,-0.00012339905014403476,0.0001882176976081,-0.00031161674775213475,159.3599,ASIA,NOT_TRACKED,NOT_APPLICABLE,NOT_APPLICABLE,,,,,,
f15cdb77f3909fbb,2026-08-14T05:00:00+00:00,2026-08-14T05:10:03.847177+00:00,EUR/USD,H4,NEUTRAL,EUR,USD,6.933610677767378e-05,6.933610677767378e-05,-0.00032855817041605145,0.0003978942771937252,1.15388,ASIA,NOT_TRACKED,NOT_APPLICABLE,NOT_APPLICABLE,,,,,,
a01bd8b78e792ea8,2026-08-14T05:00:00+00:00,2026-08-14T05:10:03.847204+00:00,GBP/USD,H4,NEUTRAL,GBP,USD,-3.704362257001653e-05,-3.704362257001653e-05,-0.00032855817041605145,0.0002915145478460349,1.34971,ASIA,NOT_TRACKED,NOT_APPLICABLE,NOT_APPLICABLE,,,,,,
456d3d24e4acceae,2026-08-14T05:00:00+00:00,2026-08-14T05:10:03.847222+00:00,NZD/USD,H4,LONG,NZD,USD,0.0012117488437187,0.0012117488437187,-0.00032855817041605145,0.0015403070141347514,0.58664,ASIA,RECORDED,PENDING,PENDING,,,,,,
6733a2bc29e72e99,2026-08-14T05:00:00+00:00,2026-08-14T05:10:03.847238+00:00,USD/CHF,H4,SHORT,USD,CHF,-0.000282610832596,-0.00032855817041605145,0.000282610832596,-0.0006111690030120515,0.81361,ASIA,RECORDED,PENDING,PENDING,,,,,,
32f1f7b93bf637e9,2026-08-14T05:00:00+00:00,2026-08-14T05:10:03.847255+00:00,USD/JPY,H4,NEUTRAL,USD,JPY,-0.0001161386915579,-0.00032855817041605145,0.0001161386915579,-0.00044469686197395143,159.3599,ASIA,NOT_TRACKED,NOT_APPLICABLE,NOT_APPLICABLE,,,,,,
8a48816888a931bb,2026-08-14T07:00:00+00:00,2026-08-14T07:45:39.252299+00:00,EUR/USD,H1,LONG,EUR,USD,0.0002859370938394,0.0002859370938394,-0.00014147096211200003,0.00042740805595140003,1.15443,LONDON,RECORDED,PENDING,PENDING,,,,,,
9050e32bc1e831f5,2026-08-14T07:00:00+00:00,2026-08-14T07:45:39.252323+00:00,GBP/USD,H1,LONG,GBP,USD,0.000348171359572,0.000348171359572,-0.00014147096211200003,0.000489642321684,1.35038,LONDON,RECORDED,PENDING,PENDING,,,,,,
fa7cf2fc387e4a3f,2026-08-14T07:00:00+00:00,2026-08-14T07:45:39.252338+00:00,NZD/USD,H1,NEUTRAL,NZD,USD,0.0002045059477146,0.0002045059477146,-0.00014147096211200003,0.00034597690982660003,0.5869,LONDON,NOT_TRACKED,NOT_APPLICABLE,NOT_APPLICABLE,,,,,,
43149ef5723d4379,2026-08-14T07:00:00+00:00,2026-08-14T07:45:39.252351+00:00,USD/CHF,H1,NEUTRAL,USD,CHF,0.0002581438229871,-0.00014147096211200003,-0.0002581438229871,0.00011667286087509995,0.81371,LONDON,NOT_TRACKED,NOT_APPLICABLE,NOT_APPLICABLE,,,,,,
0a19d91fd3b1065e,2026-08-14T07:00:00+00:00,2026-08-14T07:45:39.252363+00:00,USD/JPY,H1,NEUTRAL,USD,JPY,-0.0001268842324211,-0.00014147096211200003,0.0001268842324211,-0.00026835519453310004,159.25884,LONDON,NOT_TRACKED,NOT_APPLICABLE,NOT_APPLICABLE,,,,,,
dbfc18a10d487cf2,2026-08-14T08:00:00+00:00,2026-08-14T08:04:37.731742+00:00,EUR/USD,H1,LONG,EUR,USD,0.0006063756063755,0.0006063756063755,-0.00054736352432214,0.00115373913069764,1.1551,LONDON,RECORDED,PENDING,PENDING,,,,,,
1ce6aa4469bc84b7,2026-08-14T08:00:00+00:00,2026-08-14T08:04:37.731767+00:00,GBP/USD,H1,LONG,GBP,USD,0.0006665086794242,0.0006665086794242,-0.00054736352432214,0.00121387220374634,1.35122,LONDON,RECORDED,PENDING,PENDING,,,,,,
66e0f65f72b09e1c,2026-08-14T08:00:00+00:00,2026-08-14T08:04:37.731784+00:00,NZD/USD,H1,LONG,NZD,USD,0.0010904939596857,0.0010904939596857,-0.00054736352432214,0.0016378574840078398,0.58753,LONDON,RECORDED,PENDING,PENDING,,,,,,
448d8bde669bd8ff,2026-08-14T08:00:00+00:00,2026-08-14T08:04:37.731799+00:00,USD/CHF,H1,SHORT,USD,CHF,-0.000122899947153,-0.00054736352432214,0.000122899947153,-0.00067026347147514,0.81357,LONDON,RECORDED,PENDING,PENDING,,,,,,
c392fb3332e11250,2026-08-14T08:00:00+00:00,2026-08-14T08:04:37.731812+00:00,USD/JPY,H1,SHORT,USD,JPY,-0.0002505394289723,-0.00054736352432214,0.0002505394289723,-0.00079790295329444,159.21647,LONDON,RECORDED,PENDING,PENDING,,,,,,
80e8e94b19f095e7,2026-08-14T09:00:00+00:00,2026-08-14T09:10:09.023443+00:00,EUR/USD,H4,LONG,EUR,USD,0.0014472657942629,0.0014472657942629,-0.00122522553824112,0.00267249133250402,1.15557,LONDON,RECORDED,PENDING,PENDING,,,,,,
8ebca8b0ee123b88,2026-08-14T09:00:00+00:00,2026-08-14T09:10:09.023470+00:00,GBP/USD,H4,LONG,GBP,USD,0.0019263254600953,0.0019263254600953,-0.00122522553824112,0.00315155099833642,1.35232,LONDON,RECORDED,PENDING,PENDING,,,,,,
836e3a4a84e0c33b,2026-08-14T09:00:00+00:00,2026-08-14T09:10:09.023489+00:00,NZD/USD,H4,LONG,NZD,USD,0.0017217572151856,0.0017217572151856,-0.00122522553824112,0.0029469827534267202,0.58762,LONDON,RECORDED,PENDING,PENDING,,,,,,
0163e18a3b64305b,2026-08-14T09:00:00+00:00,2026-08-14T09:10:09.023508+00:00,USD/CHF,H4,SHORT,USD,CHF,0.0001229120318587,-0.00122522553824112,-0.0001229120318587,-0.00110231350638242,0.81369,LONDON,RECORDED,PENDING,PENDING,,,,,,
0c2a0c4481f0d2d7,2026-08-14T09:00:00+00:00,2026-08-14T09:10:09.023522+00:00,USD/JPY,H4,SHORT,USD,JPY,-0.0011536912535205,-0.00122522553824112,0.0011536912535205,-0.00237891679176162,159.17421,LONDON,RECORDED,PENDING,PENDING,,,,,,
7780fc87511c4a63,2026-08-14T10:00:00+00:00,2026-08-14T10:05:06.578857+00:00,EUR/USD,H1,NEUTRAL,EUR,USD,-8.654262224144439e-05,-8.654262224144439e-05,-0.00024643442422485166,0.00015989180198340726,1.1554,LONDON,NOT_TRACKED,NOT_APPLICABLE,NOT_APPLICABLE,,,,,,
30f950dbdfef4449,2026-08-14T10:00:00+00:00,2026-08-14T10:05:06.578882+00:00,GBP/USD,H1,LONG,GBP,USD,0.0001553024700486,0.0001553024700486,-0.00024643442422485166,0.00040173689427345165,1.35241,LONDON,RECORDED,PENDING,PENDING,,,,,,
a44423cff0286991,2026-08-14T10:00:00+00:00,2026-08-14T10:05:06.578901+00:00,NZD/USD,H1,LONG,NZD,USD,0.0005786052210612,0.0005786052210612,-0.00024643442422485166,0.0008250396452860517,0.58796,LONDON,RECORDED,PENDING,PENDING,,,,,,
f6204a13ebb2a897,2026-08-14T10:00:00+00:00,2026-08-14T10:05:06.578913+00:00,USD/CHF,H1,SHORT,USD,CHF,-0.0005407664134896,-0.00024643442422485166,0.0005407664134896,-0.0007872008377144517,0.81322,LONDON,RECORDED,PENDING,PENDING,,,,,,
63d0a71ab8b5da27,2026-08-14T10:00:00+00:00,2026-08-14T10:05:06.578925+00:00,USD/JPY,H1,NEUTRAL,USD,JPY,-4.404063876630269e-05,-0.00024643442422485166,4.404063876630269e-05,-0.00029047506299115434,159.16416,LONDON,NOT_TRACKED,NOT_APPLICABLE,NOT_APPLICABLE,,,,,,
ba5449a425fe921a,2026-08-14T11:00:00+00:00,2026-08-14T11:05:05.386721+00:00,EUR/USD,H1,NEUTRAL,EUR,USD,0.000147140285279,0.000147140285279,-0.00015885467088646,0.00030599495616546,1.15553,LONDON,NOT_TRACKED,NOT_APPLICABLE,NOT_APPLICABLE,,,,,,
efa35f2cda90711f,2026-08-14T11:00:00+00:00,2026-08-14T11:05:05.386744+00:00,GBP/USD,H1,LONG,GBP,USD,0.0003253643711224,0.0003253643711224,-0.00015885467088646,0.00048421904200885997,1.35277,LONDON,RECORDED,PENDING,PENDING,,,,,,
901349cfc021781f,2026-08-14T11:00:00+00:00,2026-08-14T11:05:05.386761+00:00,NZD/USD,H1,LONG,NZD,USD,0.0003741751139533,0.0003741751139533,-0.00015885467088646,0.00053302978483976,0.58818,LONDON,RECORDED,PENDING,PENDING,,,,,,
76a4dfad613b9d9e,2026-08-14T11:00:00+00:00,2026-08-14T11:05:05.386774+00:00,USD/CHF,H1,NEUTRAL,USD,CHF,-0.0001352664133494,-0.00015885467088646,0.0001352664133494,-0.00029412108423586,0.8131,LONDON,NOT_TRACKED,NOT_APPLICABLE,NOT_APPLICABLE,,,,,,
d70f16b1d01d4f86,2026-08-14T11:00:00+00:00,2026-08-14T11:05:05.386788+00:00,USD/JPY,H1,NEUTRAL,USD,JPY,0.0001876728292718,-0.00015885467088646,-0.0001876728292718,2.8818158385340007e-05,159.18983,LONDON,NOT_TRACKED,NOT_APPLICABLE,NOT_APPLICABLE,,,,,,
a797b17956c3e329,2026-08-14T12:00:00+00:00,2026-08-14T12:05:05.384765+00:00,EUR/USD,H1,LONG,EUR,USD,0.0009346684090733,0.0009346684090733,-0.00085402373556208,0.00178869214463538,1.15657,LONDON_NY_OVERLAP,RECORDED,PENDING,PENDING,,,,,,
ce6ef4bad8efbaff,2026-08-14T12:00:00+00:00,2026-08-14T12:05:05.384790+00:00,GBP/USD,H1,LONG,GBP,USD,0.0005839955645906,0.0005839955645906,-0.00085402373556208,0.00143801930015268,1.35354,LONDON_NY_OVERLAP,RECORDED,PENDING,PENDING,,,,,,
bf11da4e1ffca6c9,2026-08-14T12:00:00+00:00,2026-08-14T12:05:05.384805+00:00,NZD/USD,H1,LONG,NZD,USD,0.0009690746187455,0.0009690746187455,-0.00085402373556208,0.00182309835430758,0.58876,LONDON_NY_OVERLAP,RECORDED,PENDING,PENDING,,,,,,
235c36615e900f4f,2026-08-14T12:00:00+00:00,2026-08-14T12:05:05.384820+00:00,USD/CHF,H1,SHORT,USD,CHF,-0.0014511289291159,-0.00085402373556208,0.0014511289291159,-0.0023051526646779797,0.81198,LONDON_NY_OVERLAP,RECORDED,PENDING,PENDING,,,,,,
ac26fc047d6d0025,2026-08-14T12:00:00+00:00,2026-08-14T12:05:05.384832+00:00,USD/JPY,H1,SHORT,USD,JPY,-0.0003312511562851,-0.00085402373556208,0.0003312511562851,-0.00118527489184718,159.13162,LONDON_NY_OVERLAP,RECORDED,PENDING,PENDING,,,,,,
02f8adaf63d37f3c,2026-08-15T05:00:00+00:00,2026-08-15T05:05:06.215318+00:00,EUR/USD,H1,NEUTRAL,EUR,USD,2.592800656859819e-05,2.592800656859819e-05,-1.2450277897519237e-08,2.594045684649571e-05,1.15708,ASIA,NOT_TRACKED,NOT_APPLICABLE,NOT_APPLICABLE,,,,,,
7fdc14e687294dcc,2026-08-15T05:00:00+00:00,2026-08-15T05:05:06.215345+00:00,GBP/USD,H1,NEUTRAL,GBP,USD,7.38901696523136e-06,7.38901696523136e-06,-1.2450277897519237e-08,7.401467243128879e-06,1.35337,ASIA,NOT_TRACKED,NOT_APPLICABLE,NOT_APPLICABLE,,,,,,
085e4f0148aa3ff6,2026-08-15T05:00:00+00:00,2026-08-15T05:05:06.215361+00:00,NZD/USD,H1,NEUTRAL,NZD,USD,0.0,0.0,-1.2450277897519237e-08,1.2450277897519237e-08,0.58919,ASIA,NOT_TRACKED,NOT_APPLICABLE,NOT_APPLICABLE,,,,,,
7cd0b8f99c4cf008,2026-08-15T05:00:00+00:00,2026-08-15T05:05:06.215376+00:00,USD/CHF,H1,NEUTRAL,USD,CHF,2.4592986080394477e-05,-1.2450277897519237e-08,-2.4592986080394477e-05,2.4580535802496956e-05,0.81326,ASIA,NOT_TRACKED,NOT_APPLICABLE,NOT_APPLICABLE,,,,,,
b6cbac7661f18296,2026-08-15T05:00:00+00:00,2026-08-15T05:05:06.215389+00:00,USD/JPY,H1,NEUTRAL,USD,JPY,8.661786063947478e-06,-1.2450277897519237e-08,-8.661786063947478e-06,8.64933578604996e-06,159.32187,ASIA,NOT_TRACKED,NOT_APPLICABLE,NOT_APPLICABLE,,,,,,
a46659410f904547,2026-08-15T05:00:00+00:00,2026-08-15T05:10:05.514471+00:00,EUR/USD,H4,NEUTRAL,EUR,USD,2.592800656859819e-05,2.592800656859819e-05,-2.8772421578452518e-05,5.4700428147050705e-05,1.15708,ASIA,NOT_TRACKED,NOT_APPLICABLE,NOT_APPLICABLE,,,,,,
c34c87160f6dedf2,2026-08-15T05:00:00+00:00,2026-08-15T05:10:05.514497+00:00,GBP/USD,H4,NEUTRAL,GBP,USD,2.216737848580142e-05,2.216737848580142e-05,-2.8772421578452518e-05,5.093980006425394e-05,1.35337,ASIA,NOT_TRACKED,NOT_APPLICABLE,NOT_APPLICABLE,,,,,,
19c55a0a0aa2a013,2026-08-15T05:00:00+00:00,2026-08-15T05:10:05.514513+00:00,NZD/USD,H4,NEUTRAL,NZD,USD,6.789442417048291e-05,6.789442417048291e-05,-2.8772421578452518e-05,9.666684574893543e-05,0.58919,ASIA,NOT_TRACKED,NOT_APPLICABLE,NOT_APPLICABLE,,,,,,
1ff1292174b9e310,2026-08-15T05:00:00+00:00,2026-08-15T05:10:05.514526+00:00,USD/CHF,H4,NEUTRAL,USD,CHF,1.2296341838247144e-05,-2.8772421578452518e-05,-1.2296341838247144e-05,-1.6476079740205374e-05,0.81326,ASIA,NOT_TRACKED,NOT_APPLICABLE,NOT_APPLICABLE,,,,,,
4c51d0d37db53fef,2026-08-15T05:00:00+00:00,2026-08-15T05:10:05.514538+00:00,USD/JPY,H4,NEUTRAL,USD,JPY,-4.016864050562719e-05,-2.8772421578452518e-05,4.016864050562719e-05,-6.894106208407971e-05,159.32187,ASIA,NOT_TRACKED,NOT_APPLICABLE,NOT_APPLICABLE,,,,,,
f9036e9591318771,2026-08-15T18:00:00+00:00,2026-08-15T18:09:21.522831+00:00,EUR/USD,H1,NEUTRAL,EUR,USD,-5.186721991696835e-05,-5.186721991696835e-05,-6.290200963095817e-05,1.1034789713989822e-05,1.15674,NEW_YORK,NOT_TRACKED,NOT_APPLICABLE,NOT_APPLICABLE,,,,,,
d1bb635b9cc46aff,2026-08-15T18:00:00+00:00,2026-08-15T18:09:21.522856+00:00,GBP/USD,H1,NEUTRAL,GBP,USD,0.0001182443667645,0.0001182443667645,-6.290200963095817e-05,0.00018114637639545818,1.35329,NEW_YORK,NOT_TRACKED,NOT_APPLICABLE,NOT_APPLICABLE,,,,,,
b096fd50c06fc26b,2026-08-15T18:00:00+00:00,2026-08-15T18:09:21.522872+00:00,NZD/USD,H1,NEUTRAL,NZD,USD,0.0,0.0,-6.290200963095817e-05,6.290200963095817e-05,0.58916,NEW_YORK,NOT_TRACKED,NOT_APPLICABLE,NOT_APPLICABLE,,,,,,
170ff6b2eb2b6141,2026-08-15T18:00:00+00:00,2026-08-15T18:09:21.522886+00:00,USD/CHF,H1,NEUTRAL,USD,CHF,-0.0002581755593804,-6.290200963095817e-05,0.0002581755593804,-0.0003210775690113582,0.81319,NEW_YORK,NOT_TRACKED,NOT_APPLICABLE,NOT_APPLICABLE,,,,,,
9a8014b851a16c64,2026-08-15T18:00:00+00:00,2026-08-15T18:09:21.522898+00:00,USD/JPY,H1,NEUTRAL,USD,JPY,1.004265807314075e-05,-6.290200963095817e-05,-1.004265807314075e-05,-5.285935155781742e-05,159.32197,NEW_YORK,NOT_TRACKED,NOT_APPLICABLE,NOT_APPLICABLE,,,,,,
92cf6cbe7f5343dd,2026-08-16T01:00:00+00:00,2026-08-16T04:13:34.011040+00:00,EUR/USD,H4,NEUTRAL,EUR,USD,-5.186318491814173e-05,-5.186318491814173e-05,3.9613510288187866e-05,-9.14766952063296e-05,1.15683,ASIA,NOT_TRACKED,NOT_APPLICABLE,NOT_APPLICABLE,,,,,,
1369eb6bf3de3aca,2026-08-16T01:00:00+00:00,2026-08-16T04:13:34.011063+00:00,GBP/USD,H4,NEUTRAL,GBP,USD,-2.955737826057785e-05,-2.955737826057785e-05,3.9613510288187866e-05,-6.917088854876572e-05,1.35326,ASIA,NOT_TRACKED,NOT_APPLICABLE,NOT_APPLICABLE,,,,,,
0479f1e53a483938,2026-08-16T01:00:00+00:00,2026-08-16T04:13:34.011078+00:00,NZD/USD,H4,NEUTRAL,NZD,USD,1.6973317944114485e-05,1.6973317944114485e-05,3.9613510288187866e-05,-2.264019234407338e-05,0.58917,ASIA,NOT_TRACKED,NOT_APPLICABLE,NOT_APPLICABLE,,,,,,
fb5c0aee49ead7b0,2026-08-16T01:00:00+00:00,2026-08-16T04:13:34.011090+00:00,USD/CHF,H4,NEUTRAL,USD,CHF,0.0001229498118869,3.9613510288187866e-05,-0.0001229498118869,0.00016256332217508789,0.81344,ASIA,NOT_TRACKED,NOT_APPLICABLE,NOT_APPLICABLE,,,,,,
3cc2cf25c4198ab2,2026-08-16T01:00:00+00:00,2026-08-16T04:13:34.011101+00:00,USD/JPY,H4,NEUTRAL,USD,JPY,1.0670494319434243e-05,3.9613510288187866e-05,-1.0670494319434243e-05,5.028400460762211e-05,159.31953,ASIA,NOT_TRACKED,NOT_APPLICABLE,NOT_APPLICABLE,,,,,,
e3a64621b8728810,2026-08-17T12:00:00+00:00,2026-08-17T12:02:03.604070+00:00,EUR/USD,H1,NEUTRAL,EUR,USD,0.0001984383762565,0.0001984383762565,2.9212760675359982e-05,0.00016922561558114002,1.15928,LONDON_NY_OVERLAP,NOT_TRACKED,NOT_APPLICABLE,NOT_APPLICABLE,,,,,,
10bf3675ccd89f78,2026-08-17T12:00:00+00:00,2026-08-17T12:02:03.604091+00:00,GBP/USD,H1,NEUTRAL,GBP,USD,0.0001180332706281,0.0001180332706281,2.9212760675359982e-05,8.882050995274001e-05,1.35571,LONDON_NY_OVERLAP,NOT_TRACKED,NOT_APPLICABLE,NOT_APPLICABLE,,,,,,
c0fc17abf19f7631,2026-08-17T12:00:00+00:00,2026-08-17T12:02:03.604105+00:00,NZD/USD,H1,SHORT,NZD,USD,-0.0007599810849151,-0.0007599810849151,2.9212760675359982e-05,-0.00078919384559046,0.59167,LONDON_NY_OVERLAP,RECORDED,PENDING,PENDING,,,,,,
131d4b886fd4ebd5,2026-08-17T12:00:00+00:00,2026-08-17T12:02:03.604117+00:00,USD/CHF,H1,SHORT,USD,CHF,-0.0006046769914234,2.9212760675359982e-05,0.0006046769914234,-0.0005754642307480401,0.80986,LONDON_NY_OVERLAP,RECORDED,PENDING,PENDING,,,,,,
45f180f0099f6c1f,2026-08-17T12:00:00+00:00,2026-08-17T12:02:03.604128+00:00,USD/JPY,H1,NEUTRAL,USD,JPY,0.0003072313567697,2.9212760675359982e-05,-0.0003072313567697,0.00033644411744505995,159.2449,LONDON_NY_OVERLAP,NOT_TRACKED,NOT_APPLICABLE,NOT_APPLICABLE,,,,,,
e679f4caeabd52c4,2026-08-17T19:00:00+00:00,2026-08-17T19:00:08.276429+00:00,EUR/USD,H1,SHORT,EUR,USD,-0.0004318535152875,-0.0004318535152875,0.00040321124348397484,-0.0008350647587714749,1.1573,NEW_YORK,RECORDED,PENDING,PENDING,,,,,,
dab9b56c3a08f72a,2026-08-17T19:00:00+00:00,2026-08-17T19:00:08.276452+00:00,GBP/USD,H1,SHORT,GBP,USD,-0.0005906194860134,-0.0005906194860134,0.00040321124348397484,-0.0009938307294973749,1.35371,NEW_YORK,RECORDED,PENDING,PENDING,,,,,,
89404b435b54813b,2026-08-17T19:00:00+00:00,2026-08-17T19:00:08.276467+00:00,NZD/USD,H1,SHORT,NZD,USD,-5.084487229477401e-05,-5.084487229477401e-05,0.00040321124348397484,-0.0004540561157787489,0.59,NEW_YORK,RECORDED,PENDING,PENDING,,,,,,
79978dabd6312f74,2026-08-17T19:00:00+00:00,2026-08-17T19:00:08.276485+00:00,USD/CHF,H1,LONG,USD,CHF,0.0003697586708409,0.00040321124348397484,-0.0003697586708409,0.0007729699143248748,0.81164,NEW_YORK,RECORDED,PENDING,PENDING,,,,,,
6afc77a6de7c9ecc,2026-08-17T19:00:00+00:00,2026-08-17T19:00:08.276497+00:00,USD/JPY,H1,LONG,USD,JPY,0.0005729796729833,0.00040321124348397484,-0.0005729796729833,0.0009761909164672748,159.59094,NEW_YORK,RECORDED,PENDING,PENDING,,,,,,
2d417c46aaeda4c5,2026-08-17T20:00:00+00:00,2026-08-17T20:00:05.266778+00:00,EUR/USD,H1,LONG,EUR,USD,0.0004752441026527,0.0004752441026527,-0.00059807358485436,0.00107331768750706,1.15785,NEW_YORK,RECORDED,PENDING,PENDING,,,,,,
769a99faf5cfba54,2026-08-17T20:00:00+00:00,2026-08-17T20:00:05.266802+00:00,GBP/USD,H1,LONG,GBP,USD,0.0003619521779919,0.0003619521779919,-0.00059807358485436,0.00096002576284626,1.35426,NEW_YORK,RECORDED,PENDING,PENDING,,,,,,
bddb1b3b42e4f076,2026-08-17T20:00:00+00:00,2026-08-17T20:00:05.266818+00:00,NZD/USD,H1,LONG,NZD,USD,0.000610148808515,0.000610148808515,-0.00059807358485436,0.00120822239336936,0.59038,NEW_YORK,RECORDED,PENDING,PENDING,,,,,,
1430503f110fb6e1,2026-08-17T20:00:00+00:00,2026-08-17T20:00:05.266831+00:00,USD/CHF,H1,SHORT,USD,CHF,-0.0007885755122661,-0.00059807358485436,0.0007885755122661,-0.00138664909712046,0.81095,NEW_YORK,RECORDED,PENDING,PENDING,,,,,,
f3a1f79f9695f1ea,2026-08-17T20:00:00+00:00,2026-08-17T20:00:05.266843+00:00,USD/JPY,H1,SHORT,USD,JPY,-0.0007544473228461,-0.00059807358485436,0.0007544473228461,-0.00135252090770046,159.46662,NEW_YORK,RECORDED,PENDING,PENDING,,,,,,
d0be642fc5d5784a,2026-08-17T21:00:00+00:00,2026-08-17T21:00:05.149554+00:00,EUR/USD,H1,NEUTRAL,EUR,USD,8.636771920126183e-05,8.636771920126183e-05,0.00010823246820931365,-2.1864749008051822e-05,1.15794,LATE_NY,NOT_TRACKED,NOT_APPLICABLE,NOT_APPLICABLE,,,,,,
753a309d9768ff90,2026-08-17T21:00:00+00:00,2026-08-17T21:00:05.149578+00:00,GBP/USD,H1,NEUTRAL,GBP,USD,-9.599054862287783e-05,-9.599054862287783e-05,0.00010823246820931365,-0.00020422301683219147,1.35417,LATE_NY,NOT_TRACKED,NOT_APPLICABLE,NOT_APPLICABLE,,,,,,
0f2810afd4567ec1,2026-08-17T21:00:00+00:00,2026-08-17T21:00:05.149594+00:00,NZD/USD,H1,SHORT,NZD,USD,-0.0004234560791354,-0.0004234560791354,0.00010823246820931365,-0.0005316885473447136,0.59013,LATE_NY,RECORDED,PENDING,PENDING,,,,,,
ad884c4c431d5f92,2026-08-17T21:00:00+00:00,2026-08-17T21:00:05.149607+00:00,USD/CHF,H1,NEUTRAL,USD,CHF,4.932547414116951e-05,0.00010823246820931365,-4.932547414116951e-05,0.00015755794235048316,0.81098,LATE_NY,NOT_TRACKED,NOT_APPLICABLE,NOT_APPLICABLE,,,,,,
1af5fde0a54a3a03,2026-08-17T21:00:00+00:00,2026-08-17T21:00:05.149618+00:00,USD/JPY,H1,NEUTRAL,USD,JPY,5.875795834838269e-05,0.00010823246820931365,-5.875795834838269e-05,0.00016699042655769634,159.47713,LATE_NY,NOT_TRACKED,NOT_APPLICABLE,NOT_APPLICABLE,,,,,,
37a98157df427f89,2026-08-17T22:00:00+00:00,2026-08-17T22:00:03.140294+00:00,EUR/USD,H1,NEUTRAL,EUR,USD,-0.0001036305226433,-0.0001036305226433,-1.0119100471041352e-05,-9.351142217225865e-05,1.15784,LATE_NY,NOT_TRACKED,NOT_APPLICABLE,NOT_APPLICABLE,,,,,,
c1fc6e79b54262ff,2026-08-17T22:00:00+00:00,2026-08-17T22:00:03.140332+00:00,GBP/USD,H1,NEUTRAL,GBP,USD,1.4769303479580684e-05,1.4769303479580684e-05,-1.0119100471041352e-05,2.4888403950622036e-05,1.35418,LATE_NY,NOT_TRACKED,NOT_APPLICABLE,NOT_APPLICABLE,,,,,,
7354623fc4d3e142,2026-08-17T22:00:00+00:00,2026-08-17T22:00:03.140357+00:00,NZD/USD,H1,NEUTRAL,NZD,USD,-8.472709403011962e-05,-8.472709403011962e-05,-1.0119100471041352e-05,-7.460799355907827e-05,0.59008,LATE_NY,NOT_TRACKED,NOT_APPLICABLE,NOT_APPLICABLE,,,,,,
7782d2fde5919a8a,2026-08-17T22:00:00+00:00,2026-08-17T22:00:03.140374+00:00,USD/CHF,H1,NEUTRAL,USD,CHF,7.398821121175427e-05,-1.0119100471041352e-05,-7.398821121175427e-05,6.386911074071293e-05,0.811,LATE_NY,NOT_TRACKED,NOT_APPLICABLE,NOT_APPLICABLE,,,,,,
cf58dacf1e3372c0,2026-08-17T22:00:00+00:00,2026-08-17T22:00:03.140389+00:00,USD/JPY,H1,NEUTRAL,USD,JPY,-0.0002981720267608,-1.0119100471041352e-05,0.0002981720267608,-0.00030829112723184136,159.42415,LATE_NY,NOT_TRACKED,NOT_APPLICABLE,NOT_APPLICABLE,,,,,,
000c7785187b2022,2026-08-17T23:00:00+00:00,2026-08-17T23:00:03.105342+00:00,EUR/USD,H1,NEUTRAL,EUR,USD,0.0,0.0,-6.92608892229989e-05,6.92608892229989e-05,1.15784,LATE_NY,NOT_TRACKED,NOT_APPLICABLE,NOT_APPLICABLE,,,,,,
8facb3ba6dc4fefb,2026-08-17T23:00:00+00:00,2026-08-17T23:00:03.105365+00:00,GBP/USD,H1,NEUTRAL,GBP,USD,0.0001329168605036,0.0001329168605036,-6.92608892229989e-05,0.0002021777497265989,1.35441,LATE_NY,NOT_TRACKED,NOT_APPLICABLE,NOT_APPLICABLE,,,,,,
313e601f35d6b981,2026-08-17T23:00:00+00:00,2026-08-17T23:00:03.105380+00:00,NZD/USD,H1,NEUTRAL,NZD,USD,0.0002880965292841,0.0002880965292841,-6.92608892229989e-05,0.0003573574185070989,0.59025,LATE_NY,NOT_TRACKED,NOT_APPLICABLE,NOT_APPLICABLE,,,,,,
dccbe12e31b73a43,2026-08-17T23:00:00+00:00,2026-08-17T23:00:03.105393+00:00,USD/CHF,H1,NEUTRAL,USD,CHF,8.631319358804373e-05,-6.92608892229989e-05,-8.631319358804373e-05,1.705230436504483e-05,0.81107,LATE_NY,NOT_TRACKED,NOT_APPLICABLE,NOT_APPLICABLE,,,,,,
0d7447f90c1e1a0a,2026-08-17T23:00:00+00:00,2026-08-17T23:00:03.105405+00:00,USD/JPY,H1,NEUTRAL,USD,JPY,-1.1604249915338274e-05,-6.92608892229989e-05,1.1604249915338274e-05,-8.086513913833717e-05,159.4225,LATE_NY,NOT_TRACKED,NOT_APPLICABLE,NOT_APPLICABLE,,,,,,
54de9aa5a822896c,2026-08-18T00:00:00+00:00,2026-08-18T00:00:03.381573+00:00,EUR/USD,H1,LONG,EUR,USD,0.00037136836287,0.00037136836287,-0.00039585652980344,0.00076722489267344,1.15831,ASIA,RECORDED,PENDING,PENDING,,,,,,
3c817738c04055e6,2026-08-18T00:00:00+00:00,2026-08-18T00:00:03.381593+00:00,GBP/USD,H1,LONG,GBP,USD,0.0004946876453606,0.0004946876453606,-0.00039585652980344,0.00089054417516404,1.35506,ASIA,RECORDED,PENDING,PENDING,,,,,,
37cacea031515c7a,2026-08-18T00:00:00+00:00,2026-08-18T00:00:03.381607+00:00,NZD/USD,H1,LONG,NZD,USD,0.0003388509564067,0.0003388509564067,-0.00039585652980344,0.00073470748621014,0.59043,ASIA,RECORDED,PENDING,PENDING,,,,,,
e8b99794dd5faf7c,2026-08-18T00:00:00+00:00,2026-08-18T00:00:03.381618+00:00,USD/CHF,H1,SHORT,USD,CHF,-0.0003945551390806,-0.00039585652980344,0.0003945551390806,-0.0007904116688840399,0.81072,ASIA,RECORDED,PENDING,PENDING,,,,,,
a19e2d339383094f,2026-08-18T00:00:00+00:00,2026-08-18T00:00:03.381629+00:00,USD/JPY,H1,SHORT,USD,JPY,-0.0003798205452993,-0.00039585652980344,0.0003798205452993,-0.00077567707510274,159.35684,ASIA,RECORDED,PENDING,PENDING,,,,,,
e47795a1ca80906c,2026-08-18T01:00:00+00:00,2026-08-18T01:00:03.344104+00:00,EUR/USD,H1,SHORT,EUR,USD,-0.0001295012475287,-0.0001295012475287,0.00031868189120412,-0.00044818313873282005,1.15814,ASIA,RECORDED,PENDING,PENDING,,,,,,
a450611e433c8297,2026-08-18T01:00:00+00:00,2026-08-18T01:00:03.344125+00:00,GBP/USD,H1,SHORT,GBP,USD,-0.0001180768237335,-0.0001180768237335,0.00031868189120412,-0.00043675871493762005,1.35489,ASIA,RECORDED,PENDING,PENDING,,,,,,
525f7c59e69c2f9f,2026-08-18T01:00:00+00:00,2026-08-18T01:00:03.344139+00:00,NZD/USD,H1,SHORT,NZD,USD,-0.0003894938273694,-0.0003894938273694,0.00031868189120412,-0.00070817571857352,0.59028,ASIA,RECORDED,PENDING,PENDING,,,,,,
5923daaa1e974915,2026-08-18T01:00:00+00:00,2026-08-18T01:00:03.344150+00:00,USD/CHF,H1,LONG,USD,CHF,0.0003207184092367,0.00031868189120412,-0.0003207184092367,0.00063940030044082,0.81094,ASIA,RECORDED,PENDING,PENDING,,,,,,
787340e25bb67c3b,2026-08-18T01:00:00+00:00,2026-08-18T01:00:03.344161+00:00,USD/JPY,H1,LONG,USD,JPY,0.0006356191481523,0.00031868189120412,-0.0006356191481523,0.0009543010393564201,159.44198,ASIA,RECORDED,PENDING,PENDING,,,,,,
1b7d15c726e6083b,2026-08-18T02:00:00+00:00,2026-08-18T02:00:03.142669+00:00,EUR/USD,H1,NEUTRAL,EUR,USD,-7.771282520652051e-05,-7.771282520652051e-05,0.00029129466146014875,-0.0003690074866666693,1.15802,ASIA,NOT_TRACKED,NOT_APPLICABLE,NOT_APPLICABLE,,,,,,
95658370455c11df,2026-08-18T02:00:00+00:00,2026-08-18T02:00:03.142691+00:00,GBP/USD,H1,SHORT,GBP,USD,-0.0001328540745607,-0.0001328540745607,0.00029129466146014875,-0.0004241487360208487,1.35469,ASIA,RECORDED,PENDING,PENDING,,,,,,
ed640d5c9889227b,2026-08-18T02:00:00+00:00,2026-08-18T02:00:03.142705+00:00,NZD/USD,H1,SHORT,NZD,USD,-0.0008979093958595,-0.0008979093958595,0.00029129466146014875,-0.0011892040573196487,0.58973,ASIA,RECORDED,PENDING,PENDING,,,,,,
1ddadd585927efc6,2026-08-18T02:00:00+00:00,2026-08-18T02:00:03.142717+00:00,USD/CHF,H1,NEUTRAL,USD,CHF,7.39845618880231e-05,0.00029129466146014875,-7.39845618880231e-05,0.00036527922334817186,0.81104,ASIA,NOT_TRACKED,NOT_APPLICABLE,NOT_APPLICABLE,,,,,,
dbcbf5c3fbeec774,2026-08-18T02:00:00+00:00,2026-08-18T02:00:03.142729+00:00,USD/JPY,H1,LONG,USD,JPY,0.000274012449786,0.00029129466146014875,-0.000274012449786,0.0005653071112461487,159.489,ASIA,RECORDED,PENDING,PENDING,,,,,,
96fe2188b3c82952,2026-08-18T03:00:00+00:00,2026-08-18T03:00:03.082550+00:00,EUR/USD,H1,NEUTRAL,EUR,USD,4.3177892918916687e-05,4.3177892918916687e-05,2.7764814892812934e-05,1.5413078026103753e-05,1.15805,ASIA,NOT_TRACKED,NOT_APPLICABLE,NOT_APPLICABLE,,,,,,
2bd82ca3b67a4b5e,2026-08-18T03:00:00+00:00,2026-08-18T03:00:03.082572+00:00,GBP/USD,H1,NEUTRAL,GBP,USD,-8.858311310579627e-05,-8.858311310579627e-05,2.7764814892812934e-05,-0.00011634792799860921,1.35454,ASIA,NOT_TRACKED,NOT_APPLICABLE,NOT_APPLICABLE,,,,,,
e362ed971dd1de1b,2026-08-18T03:00:00+00:00,2026-08-18T03:00:03.082586+00:00,NZD/USD,H1,NEUTRAL,NZD,USD,-0.0002882430736884,-0.0002882430736884,2.7764814892812934e-05,-0.00031600788858121294,0.58961,ASIA,NOT_TRACKED,NOT_APPLICABLE,NOT_APPLICABLE,,,,,,
093dd9a58d26c6a7,2026-08-18T03:00:00+00:00,2026-08-18T03:00:03.082600+00:00,USD/CHF,H1,NEUTRAL,USD,CHF,-6.165152094301488e-05,2.7764814892812934e-05,6.165152094301488e-05,-3.388670605020194e-05,0.81096,ASIA,NOT_TRACKED,NOT_APPLICABLE,NOT_APPLICABLE,,,,,,
63da4c6c1dbbbce7,2026-08-18T03:00:00+00:00,2026-08-18T03:00:03.082610+00:00,USD/JPY,H1,NEUTRAL,USD,JPY,-0.0001331726984682,2.7764814892812934e-05,0.0001331726984682,-0.00010540788357538707,159.47091,ASIA,NOT_TRACKED,NOT_APPLICABLE,NOT_APPLICABLE,,,,,,
9e9c383d1fe51a02,2026-08-18T04:00:00+00:00,2026-08-18T04:00:03.876828+00:00,EUR/USD,H1,SHORT,EUR,USD,-0.0005181302406714,-0.0005181302406714,0.0008895257222684202,-0.0014076559629398202,1.15741,ASIA,RECORDED,PENDING,PENDING,,,,,,
015f9087bb050f4e,2026-08-18T04:00:00+00:00,2026-08-18T04:00:03.876849+00:00,GBP/USD,H1,SHORT,GBP,USD,-0.0007013295732225,-0.0007013295732225,0.0008895257222684202,-0.00159085529549092,1.35362,ASIA,RECORDED,PENDING,PENDING,,,,,,
543122c952e9600d,2026-08-18T04:00:00+00:00,2026-08-18T04:00:03.876863+00:00,NZD/USD,H1,SHORT,NZD,USD,-0.0019843288897934,-0.0019843288897934,0.0008895257222684202,-0.00287385461206182,0.58845,ASIA,RECORDED,PENDING,PENDING,,,,,,
c5b85ad1972859a9,2026-08-18T04:00:00+00:00,2026-08-18T04:00:03.876875+00:00,USD/CHF,H1,LONG,USD,CHF,0.0007522042049448,0.0008895257222684202,-0.0007522042049448,0.00164172992721322,0.81156,ASIA,RECORDED,PENDING,PENDING,,,,,,
79c31b106bc1ed2d,2026-08-18T04:00:00+00:00,2026-08-18T04:00:03.876888+00:00,USD/JPY,H1,LONG,USD,JPY,0.00049163570271,0.0008895257222684202,-0.00049163570271,0.0013811614249784202,159.54607,ASIA,RECORDED,PENDING,PENDING,,,,,,
28334c473a3add8b,2026-08-18T05:00:00+00:00,2026-08-18T05:00:03.695138+00:00,EUR/USD,H1,NEUTRAL,EUR,USD,-6.911984517161593e-05,-6.911984517161593e-05,0.0002620226350074281,-0.000331142480179044,1.15733,ASIA,NOT_TRACKED,NOT_APPLICABLE,NOT_APPLICABLE,,,,,,
2ed2fd194a0cddf0,2026-08-18T05:00:00+00:00,2026-08-18T05:00:03.695162+00:00,GBP/USD,H1,NEUTRAL,GBP,USD,5.171356594588877e-05,5.171356594588877e-05,0.0002620226350074281,-0.0002103090690615393,1.35368,ASIA,NOT_TRACKED,NOT_APPLICABLE,NOT_APPLICABLE,,,,,,
bc70e49c0dd8ed61,2026-08-18T05:00:00+00:00,2026-08-18T05:00:03.695177+00:00,NZD/USD,H1,SHORT,NZD,USD,-0.0003398528437186,-0.0003398528437186,0.0002620226350074281,-0.0006018754787260281,0.58829,ASIA,RECORDED,PENDING,PENDING,,,,,,
f6d9cdb7b0fe448f,2026-08-18T05:00:00+00:00,2026-08-18T05:00:03.695190+00:00,USD/CHF,H1,NEUTRAL,USD,CHF,6.160973926771344e-05,0.0002620226350074281,-6.160973926771344e-05,0.0003236323742751415,0.81161,ASIA,NOT_TRACKED,NOT_APPLICABLE,NOT_APPLICABLE,,,,,,
6af889befc96eadf,2026-08-18T05:00:00+00:00,2026-08-18T05:00:03.695201+00:00,USD/JPY,H1,LONG,USD,JPY,0.0008912443128251,0.0002620226350074281,-0.0008912443128251,0.0011532669478325282,159.68318,ASIA,RECORDED,PENDING,PENDING,,,,,,
62aa02a826075189,2026-08-18T06:00:00+00:00,2026-08-18T06:00:07.841156+00:00,EUR/USD,H1,NEUTRAL,EUR,USD,6.91258176286889e-05,6.91258176286889e-05,-4.717636713581778e-05,0.00011630218476450669,1.15739,ASIA,NOT_TRACKED,NOT_APPLICABLE,NOT_APPLICABLE,,,,,,
be69fefdbbfd9a72,2026-08-18T06:00:00+00:00,2026-08-18T06:00:07.841187+00:00,GBP/USD,H1,NEUTRAL,GBP,USD,0.000118197197249,0.000118197197249,-4.717636713581778e-05,0.0001653735643848178,1.35383,ASIA,NOT_TRACKED,NOT_APPLICABLE,NOT_APPLICABLE,,,,,,
accde3acd06407bc,2026-08-18T06:00:00+00:00,2026-08-18T06:00:07.841206+00:00,NZD/USD,H1,NEUTRAL,NZD,USD,-0.0003230083982182,-0.0003230083982182,-4.717636713581778e-05,-0.0002758320310823822,0.58803,ASIA,NOT_TRACKED,NOT_APPLICABLE,NOT_APPLICABLE,,,,,,
a77c575055788259,2026-08-18T06:00:00+00:00,2026-08-18T06:00:07.841222+00:00,USD/CHF,H1,NEUTRAL,USD,CHF,-0.0001108797693701,-4.717636713581778e-05,0.0001108797693701,-0.00015805613650591777,0.8116,ASIA,NOT_TRACKED,NOT_APPLICABLE,NOT_APPLICABLE,,,,,,
9278ceb673331db8,2026-08-18T06:00:00+00:00,2026-08-18T06:00:07.841236+00:00,USD/JPY,H1,NEUTRAL,USD,JPY,-0.0002606874496495,-4.717636713581778e-05,0.0002606874496495,-0.0003078638167853178,159.65152,ASIA,NOT_TRACKED,NOT_APPLICABLE,NOT_APPLICABLE,,,,,,
7e4ac3c3a1b870ae,2026-08-18T08:00:00+00:00,2026-08-18T08:00:07.831245+00:00,EUR/USD,H1,LONG,EUR,USD,0.0004321558526866,0.0004321558526866,-0.0003029718336082,0.0007351276862948,1.15749,LONDON,RECORDED,PENDING,PENDING,,,,,,
76ebd65cfdb4d9b1,2026-08-18T08:00:00+00:00,2026-08-18T08:00:07.831276+00:00,GBP/USD,H1,LONG,GBP,USD,0.0003548904645368,0.0003548904645368,-0.0003029718336082,0.000657862298145,1.35301,LONDON,RECORDED,PENDING,PENDING,,,,,,
ab7f04d6089b0520,2026-08-18T08:00:00+00:00,2026-08-18T08:00:07.831291+00:00,NZD/USD,H1,NEUTRAL,NZD,USD,-0.0002041858090862,-0.0002041858090862,-0.0003029718336082,9.8786024522e-05,0.58758,LONDON,NOT_TRACKED,NOT_APPLICABLE,NOT_APPLICABLE,,,,,,
c2e2f773ea6e96cc,2026-08-18T08:00:00+00:00,2026-08-18T08:00:07.831303+00:00,USD/CHF,H1,SHORT,USD,CHF,-0.0007021952842043,-0.0003029718336082,0.0007021952842043,-0.0010051671178125002,0.81117,LONDON,RECORDED,PENDING,PENDING,,,,,,
4dafa22e4e734a55,2026-08-18T08:00:00+00:00,2026-08-18T08:00:07.831315+00:00,USD/JPY,H1,SHORT,USD,JPY,-0.0002298033756995,-0.0003029718336082,0.0002298033756995,-0.0005327752093077,159.70855,LONDON,RECORDED,PENDING,PENDING,,,,,,
cbf57258df09f359,2026-08-18T10:00:00+00:00,2026-08-18T10:00:04.438203+00:00,EUR/USD,H1,NEUTRAL,EUR,USD,0.0001900303184734,0.0001900303184734,-0.0001897121378739975,0.0003797424563473975,1.15793,LONDON,NOT_TRACKED,NOT_APPLICABLE,NOT_APPLICABLE,,,,,,
22725b3d69f50675,2026-08-18T10:00:00+00:00,2026-08-18T10:00:04.438269+00:00,GBP/USD,H1,NEUTRAL,GBP,USD,1.4778579926187628e-05,1.4778579926187628e-05,-0.0001897121378739975,0.00020449071780018514,1.35333,LONDON,NOT_TRACKED,NOT_APPLICABLE,NOT_APPLICABLE,,,,,,
6a0cf7509501bd6f,2026-08-18T10:00:00+00:00,2026-08-18T10:00:04.438285+00:00,NZD/USD,H1,LONG,NZD,USD,0.0006124115405551,0.0006124115405551,-0.0001897121378739975,0.0008021236784290975,0.5882,LONDON,RECORDED,PENDING,PENDING,,,,,,
38ef6eb2c4ef3228,2026-08-18T10:00:00+00:00,2026-08-18T10:00:04.438298+00:00,USD/CHF,H1,NEUTRAL,USD,CHF,0.0002341429750946,-0.0001897121378739975,-0.0002341429750946,4.4430837220602477e-05,0.81166,LONDON,NOT_TRACKED,NOT_APPLICABLE,NOT_APPLICABLE,,,,,,
6023f000a0f3240d,2026-08-18T10:00:00+00:00,2026-08-18T10:00:04.438308+00:00,USD/JPY,H1,SHORT,USD,JPY,-0.0003654832255099,-0.0001897121378739975,0.0003654832255099,-0.0005551953633838975,159.5933,LONDON,RECORDED,PENDING,PENDING,,,,,,
fb6ac19f3da2acb2,2026-08-18T15:00:00+00:00,2026-08-18T15:00:05.181048+00:00,EUR/USD,H1,LONG,EUR,USD,0.0003799720202421,0.0003799720202421,-5.07646654615962e-05,0.0004307366857036962,1.15842,LONDON_NY_OVERLAP,RECORDED,PENDING,PENDING,,,,,,
c20537c482fb5c3a,2026-08-18T15:00:00+00:00,2026-08-18T15:00:05.181076+00:00,GBP/USD,H1,LONG,GBP,USD,0.0004653155282438,0.0004653155282438,-5.07646654615962e-05,0.0005160801937053962,1.35455,LONDON_NY_OVERLAP,RECORDED,PENDING,PENDING,,,,,,
f341356b8d81c750,2026-08-18T15:00:00+00:00,2026-08-18T15:00:05.181091+00:00,NZD/USD,H1,SHORT,NZD,USD,-0.0007474349391859,-0.0007474349391859,-5.07646654615962e-05,-0.0006966702737243038,0.58824,LONDON_NY_OVERLAP,RECORDED,PENDING,PENDING,,,,,,
c2f795113d21362f,2026-08-18T15:00:00+00:00,2026-08-18T15:00:05.181103+00:00,USD/CHF,H1,NEUTRAL,USD,CHF,-2.463357556338093e-05,-5.07646654615962e-05,2.463357556338093e-05,-7.539824102497713e-05,0.81188,LONDON_NY_OVERLAP,NOT_TRACKED,NOT_APPLICABLE,NOT_APPLICABLE,,,,,,
183b50956c882011,2026-08-18T15:00:00+00:00,2026-08-18T15:00:05.181115+00:00,USD/JPY,H1,NEUTRAL,USD,JPY,-0.0001313371424446,-5.07646654615962e-05,0.0001313371424446,-0.0001821018079061962,159.56832,LONDON_NY_OVERLAP,NOT_TRACKED,NOT_APPLICABLE,NOT_APPLICABLE,,,,,,
07915b9412236ac9,2026-08-18T17:00:00+00:00,2026-08-18T17:53:57.953681+00:00,EUR/USD,H1,NEUTRAL,EUR,USD,1.727145546547348e-05,1.727145546547348e-05,3.367197629783995e-05,-1.640052083236647e-05,1.158,NEW_YORK,NOT_TRACKED,NOT_APPLICABLE,NOT_APPLICABLE,,,,,,
08a570f7f6dbd837,2026-08-18T17:00:00+00:00,2026-08-18T17:53:57.953706+00:00,GBP/USD,H1,NEUTRAL,GBP,USD,-0.0001402959506157,-0.0001402959506157,3.367197629783995e-05,-0.00017396792691353995,1.35409,NEW_YORK,NOT_TRACKED,NOT_APPLICABLE,NOT_APPLICABLE,,,,,,
424430054024a883,2026-08-18T17:00:00+00:00,2026-08-18T17:53:57.953722+00:00,NZD/USD,H1,SHORT,NZD,USD,-0.0003742260325236,-0.0003742260325236,3.367197629783995e-05,-0.00040789800882143996,0.58766,NEW_YORK,RECORDED,PENDING,PENDING,,,,,,
451ce7b5c90087b1,2026-08-18T17:00:00+00:00,2026-08-18T17:53:57.953735+00:00,USD/CHF,H1,NEUTRAL,USD,CHF,-0.0003201181974883,3.367197629783995e-05,0.0003201181974883,-0.00028644622119046003,0.81194,NEW_YORK,NOT_TRACKED,NOT_APPLICABLE,NOT_APPLICABLE,,,,,,
4c3d7eb21430048d,2026-08-18T17:00:00+00:00,2026-08-18T17:53:57.953747+00:00,USD/JPY,H1,NEUTRAL,USD,JPY,-8.772448696326733e-06,3.367197629783995e-05,8.772448696326733e-06,2.489952760151322e-05,159.58916,NEW_YORK,NOT_TRACKED,NOT_APPLICABLE,NOT_APPLICABLE,,,,,,
40a8903402870576,2026-08-18T17:00:00+00:00,2026-08-18T17:55:42.287044+00:00,EUR/USD,H4,NEUTRAL,EUR,USD,0.0002418546798879,0.0002418546798879,0.00013087094045955995,0.00011098373942834005,1.158,NEW_YORK,NOT_TRACKED,NOT_APPLICABLE,NOT_APPLICABLE,,,,,,
08ea75825f7648f5,2026-08-18T17:00:00+00:00,2026-08-18T17:55:42.287064+00:00,GBP/USD,H4,NEUTRAL,GBP,USD,0.0005393982384584,0.0005393982384584,0.00013087094045955995,0.00040852729799884007,1.35409,NEW_YORK,NOT_TRACKED,NOT_APPLICABLE,NOT_APPLICABLE,,,,,,
6e4bbf1fa078b7f0,2026-08-18T17:00:00+00:00,2026-08-18T17:55:42.287078+00:00,NZD/USD,H4,SHORT,NZD,USD,-0.0020886753043863,-0.0020886753043863,0.00013087094045955995,-0.00221954624484586,0.58766,NEW_YORK,RECORDED,PENDING,PENDING,,,,,,
6e2c1eb3a456a350,2026-08-18T17:00:00+00:00,2026-08-18T17:55:42.287092+00:00,USD/CHF,H4,NEUTRAL,USD,CHF,-0.0002831919425735,0.00013087094045955995,0.0002831919425735,-0.00015232100211394007,0.81194,NEW_YORK,NOT_TRACKED,NOT_APPLICABLE,NOT_APPLICABLE,,,,,,
f9aef809db2a2578,2026-08-18T17:00:00+00:00,2026-08-18T17:55:42.287102+00:00,USD/JPY,H4,NEUTRAL,USD,JPY,-0.0003698757411687,0.00013087094045955995,0.0003698757411687,-0.00023900480070914007,159.58916,NEW_YORK,NOT_TRACKED,NOT_APPLICABLE,NOT_APPLICABLE,,,,,,
dbbdd84f26248e17,2026-08-18T18:00:00+00:00,2026-08-18T18:00:03.536146+00:00,EUR/USD,H1,SHORT,EUR,USD,-0.0003195108892765,-0.0003195108892765,0.00038310990459468005,-0.0007026207938711801,1.15765,NEW_YORK,RECORDED,PENDING,PENDING,,,,,,
5652b383f293ea7b,2026-08-18T18:00:00+00:00,2026-08-18T18:00:03.536167+00:00,GBP/USD,H1,SHORT,GBP,USD,-0.0004578653137483,-0.0004578653137483,0.00038310990459468005,-0.0008409752183429801,1.35349,NEW_YORK,RECORDED,PENDING,PENDING,,,,,,
3f46ddaa2de63b75,2026-08-18T18:00:00+00:00,2026-08-18T18:00:03.536181+00:00,NZD/USD,H1,SHORT,NZD,USD,-0.0005445232868786,-0.0005445232868786,0.00038310990459468005,-0.00092763319147328,0.58735,NEW_YORK,RECORDED,PENDING,PENDING,,,,,,
eb27f3338c39511a,2026-08-18T18:00:00+00:00,2026-08-18T18:00:03.536192+00:00,USD/CHF,H1,LONG,USD,CHF,0.0004433879767959,0.00038310990459468005,-0.0004433879767959,0.0008264978813905801,0.81229,NEW_YORK,RECORDED,PENDING,PENDING,,,,,,
860aeb95aab41c33,2026-08-18T18:00:00+00:00,2026-08-18T18:00:03.536203+00:00,USD/JPY,H1,LONG,USD,JPY,0.0001502620562741,0.00038310990459468005,-0.0001502620562741,0.0005333719608687801,159.61184,NEW_YORK,RECORDED,PENDING,PENDING,,,,,,
c87567c5fac4d9d2,2026-08-18T00:00:00+00:00,2026-08-18T18:20:49.384055+00:00,EUR/USD,D1,LONG,EUR,USD,0.0011238772034477,0.0011238772034477,-0.00075711058465258,0.0018809877881002801,1.15801,ASIA,RECORDED,PENDING,PENDING,,,,,,
ce08c72110c080ff,2026-08-18T00:00:00+00:00,2026-08-18T18:20:49.384083+00:00,GBP/USD,D1,LONG,GBP,USD,0.0003324418965441,0.0003324418965441,-0.00075711058465258,0.00108955248119668,1.35407,ASIA,RECORDED,PENDING,PENDING,,,,,,
63b9c29e93dcc43a,2026-08-18T00:00:00+00:00,2026-08-18T18:20:49.384098+00:00,NZD/USD,D1,LONG,NZD,USD,0.0016633851585307,0.0016633851585307,-0.00075711058465258,0.00242049574318328,0.59014,ASIA,RECORDED,PENDING,PENDING,,,,,,
994ac10e8926e465,2026-08-18T00:00:00+00:00,2026-08-18T18:20:49.384110+00:00,USD/CHF,D1,SHORT,USD,CHF,-0.001637386583279,-0.00075711058465258,0.001637386583279,-0.00239449716793158,0.81094,ASIA,RECORDED,PENDING,PENDING,,,,,,
79bc3abe34b8b43c,2026-08-18T00:00:00+00:00,2026-08-18T18:20:49.384122+00:00,USD/JPY,D1,NEUTRAL,USD,JPY,0.0009715379185386,-0.00075711058465258,-0.0009715379185386,0.00021442733388601996,159.4692,ASIA,NOT_TRACKED,NOT_APPLICABLE,NOT_APPLICABLE,,,,,,
eba066e29ca010ef,2026-08-18T20:00:00+00:00,2026-08-18T20:00:03.328623+00:00,EUR/USD,H1,NEUTRAL,EUR,USD,-1.7276975838262476e-05,-1.7276975838262476e-05,4.293660344187404e-06,-2.157063618244988e-05,1.15759,NEW_YORK,NOT_TRACKED,NOT_APPLICABLE,NOT_APPLICABLE,,,,,,
1e19aa428b768703,2026-08-18T20:00:00+00:00,2026-08-18T20:00:03.328647+00:00,GBP/USD,H1,NEUTRAL,GBP,USD,8.127798548822541e-05,8.127798548822541e-05,4.293660344187404e-06,7.6984325144038e-05,1.35349,NEW_YORK,NOT_TRACKED,NOT_APPLICABLE,NOT_APPLICABLE,,,,,,
c560d75d0484b55f,2026-08-18T20:00:00+00:00,2026-08-18T20:00:03.328663+00:00,NZD/USD,H1,NEUTRAL,NZD,USD,0.0003235860142718,0.0003235860142718,4.293660344187404e-06,0.0003192923539276126,0.58736,NEW_YORK,NOT_TRACKED,NOT_APPLICABLE,NOT_APPLICABLE,,,,,,
829066d95cd0f679,2026-08-18T20:00:00+00:00,2026-08-18T20:00:03.328676+00:00,USD/CHF,H1,NEUTRAL,USD,CHF,0.0001600078773109,4.293660344187404e-06,-0.0001600078773109,0.0001643015376550874,0.81259,NEW_YORK,NOT_TRACKED,NOT_APPLICABLE,NOT_APPLICABLE,,,,,,
313aadd3828fdd76,2026-08-18T20:00:00+00:00,2026-08-18T20:00:03.328690+00:00,USD/JPY,H1,NEUTRAL,USD,JPY,0.0002490474483318,4.293660344187404e-06,-0.0002490474483318,0.0002533411086759874,159.64789,NEW_YORK,NOT_TRACKED,NOT_APPLICABLE,NOT_APPLICABLE,,,,,,
362123da60453dc9,2026-08-18T22:00:00+00:00,2026-08-18T22:00:04.343788+00:00,EUR/USD,H1,NEUTRAL,EUR,USD,3.455305621785702e-05,3.455305621785702e-05,2.0342924239348594e-05,1.4210131978508428e-05,1.15768,LATE_NY,NOT_TRACKED,NOT_APPLICABLE,NOT_APPLICABLE,,,,,,
0dd15390f32f3e20,2026-08-18T22:00:00+00:00,2026-08-18T22:00:04.343816+00:00,GBP/USD,H1,NEUTRAL,GBP,USD,-0.0001108475402931,-0.0001108475402931,2.0342924239348594e-05,-0.0001311904645324486,1.35306,LATE_NY,NOT_TRACKED,NOT_APPLICABLE,NOT_APPLICABLE,,,,,,
06e2f83111a0ed99,2026-08-18T22:00:00+00:00,2026-08-18T22:00:04.343834+00:00,NZD/USD,H1,NEUTRAL,NZD,USD,-0.0003234372872121,-0.0003234372872121,2.0342924239348594e-05,-0.0003437802114514486,0.58725,LATE_NY,NOT_TRACKED,NOT_APPLICABLE,NOT_APPLICABLE,,,,,,
012c2455f54aac74,2026-08-18T22:00:00+00:00,2026-08-18T22:00:04.343849+00:00,USD/CHF,H1,NEUTRAL,USD,CHF,-0.0001846290187584,2.0342924239348594e-05,0.0001846290187584,-0.00016428609451905142,0.81229,LATE_NY,NOT_TRACKED,NOT_APPLICABLE,NOT_APPLICABLE,,,,,,
9e2cfdd214051b4a,2026-08-18T22:00:00+00:00,2026-08-18T22:00:04.343862+00:00,USD/JPY,H1,NEUTRAL,USD,JPY,-0.0001133881313322,2.0342924239348594e-05,0.0001133881313322,-9.304520709285141e-05,159.6106,LATE_NY,NOT_TRACKED,NOT_APPLICABLE,NOT_APPLICABLE,,,,,,
08fa14727efba881,2026-08-19T00:00:00+00:00,2026-08-19T00:12:48.253854+00:00,EUR/USD,H1,NEUTRAL,EUR,USD,-5.182868890688888e-05,-5.182868890688888e-05,4.139393236030416e-05,-9.322262126719303e-05,1.1576,ASIA,NOT_TRACKED,NOT_APPLICABLE,NOT_APPLICABLE,,,,,,
e2c744cf944c1333,2026-08-19T00:00:00+00:00,2026-08-19T00:12:48.253876+00:00,GBP/USD,H1,NEUTRAL,GBP,USD,0.0001403871730457,0.0001403871730457,4.139393236030416e-05,9.899324068539585e-05,1.35359,ASIA,NOT_TRACKED,NOT_APPLICABLE,NOT_APPLICABLE,,,,,,
f08c3e04ea643ebc,2026-08-19T00:00:00+00:00,2026-08-19T00:12:48.253891+00:00,NZD/USD,H1,SHORT,NZD,USD,-0.0006126616746086,-0.0006126616746086,4.139393236030416e-05,-0.0006540556069689041,0.58724,ASIA,RECORDED,PENDING,PENDING,,,,,,
db7cb447e13f8c3c,2026-08-19T00:00:00+00:00,2026-08-19T00:12:48.253903+00:00,USD/CHF,H1,NEUTRAL,USD,CHF,-3.692807641646807e-05,4.139393236030416e-05,3.692807641646807e-05,4.465855943836085e-06,0.81236,ASIA,NOT_TRACKED,NOT_APPLICABLE,NOT_APPLICABLE,,,,,,
0a2d56ba0c8c718d,2026-08-19T00:00:00+00:00,2026-08-19T00:12:48.253914+00:00,USD/JPY,H1,NEUTRAL,USD,JPY,-0.0002802054522518,4.139393236030416e-05,0.0002802054522518,-0.0002388115198914958,159.55246,ASIA,NOT_TRACKED,NOT_APPLICABLE,NOT_APPLICABLE,,,,,,
0cd4ae6375a83860,2026-08-19T00:00:00+00:00,2026-08-19T00:13:13.345665+00:00,EUR/USD,D1,SHORT,EUR,USD,-0.0002331686759473,-0.0002331686759473,0.00163453013662302,-0.00186769881257032,1.15769,ASIA,RECORDED,PENDING,PENDING,,,,,,
a3c96470f0f70bb5,2026-08-19T00:00:00+00:00,2026-08-19T00:13:13.345687+00:00,GBP/USD,D1,SHORT,GBP,USD,-0.0006793879600638,-0.0006793879600638,0.00163453013662302,-0.00231391809668682,1.35324,ASIA,RECORDED,PENDING,PENDING,,,,,,
921b9921b7b49043,2026-08-19T00:00:00+00:00,2026-08-19T00:13:13.345701+00:00,NZD/USD,D1,SHORT,NZD,USD,-0.0044905359835969,-0.0044905359835969,0.00163453013662302,-0.006125066120219919,0.58748,ASIA,RECORDED,PENDING,PENDING,,,,,,
e08a6beafe763c12,2026-08-19T00:00:00+00:00,2026-08-19T00:13:13.345714+00:00,USD/CHF,D1,LONG,USD,CHF,0.0018127111746861,0.00163453013662302,-0.0018127111746861,0.00344724131130912,0.81241,ASIA,RECORDED,PENDING,PENDING,,,,,,
510390a576a478d8,2026-08-19T00:00:00+00:00,2026-08-19T00:13:13.345724+00:00,USD/JPY,D1,LONG,USD,JPY,0.000956846888821,0.00163453013662302,-0.000956846888821,0.00259137702544402,159.62429,ASIA,RECORDED,PENDING,PENDING,,,,,,
519a2a36abd7e4ec,2026-08-19T08:00:00+00:00,2026-08-19T08:00:03.863623+00:00,EUR/USD,H1,NEUTRAL,EUR,USD,0.0002328589909443,0.0002328589909443,-4.681873003713998e-05,0.00027967772098143995,1.15977,LONDON,NOT_TRACKED,NOT_APPLICABLE,NOT_APPLICABLE,,,,,,
49b37f14fbc5803e,2026-08-19T08:00:00+00:00,2026-08-19T08:00:03.863647+00:00,GBP/USD,H1,LONG,GBP,USD,0.0003615969301159,0.0003615969301159,-4.681873003713998e-05,0.00040841566015303995,1.35559,LONDON,RECORDED,PENDING,PENDING,,,,,,
d048a7902f4d6dc9,2026-08-19T08:00:00+00:00,2026-08-19T08:00:03.863661+00:00,NZD/USD,H1,SHORT,NZD,USD,-0.0004937010554988,-0.0004937010554988,-4.681873003713998e-05,-0.00044688232546166007,0.58711,LONDON,RECORDED,PENDING,PENDING,,,,,,
294f067fdaffa591,2026-08-19T08:00:00+00:00,2026-08-19T08:00:03.863673+00:00,USD/CHF,H1,NEUTRAL,USD,CHF,0.000271387158453,-4.681873003713998e-05,-0.000271387158453,0.00022456842841586005,0.81087,LONDON,NOT_TRACKED,NOT_APPLICABLE,NOT_APPLICABLE,,,,,,
b6aa3624203f32b0,2026-08-19T08:00:00+00:00,2026-08-19T08:00:03.863685+00:00,USD/JPY,H1,SHORT,USD,JPY,-0.0004047259430773,-4.681873003713998e-05,0.0004047259430773,-0.00045154467311443996,159.17911,LONDON,RECORDED,PENDING,PENDING,,,,,,
de5e705607aa47dc,2026-08-19T10:00:00+00:00,2026-08-19T10:00:04.132080+00:00,EUR/USD,H1,LONG,EUR,USD,0.000707012355472,0.000707012355472,-0.00064884973667406,0.00135586209214606,1.16063,LONDON,RECORDED,PENDING,PENDING,,,,,,
27b733f1789f57ef,2026-08-19T10:00:00+00:00,2026-08-19T10:00:04.132107+00:00,GBP/USD,H1,LONG,GBP,USD,0.0003615168953815,0.0003615168953815,-0.00064884973667406,0.00101036663205556,1.35589,LONDON,RECORDED,PENDING,PENDING,,,,,,
a86235fd9a1b2429,2026-08-19T10:00:00+00:00,2026-08-19T10:00:04.132122+00:00,NZD/USD,H1,LONG,NZD,USD,0.0009869820471369,0.0009869820471369,-0.00064884973667406,0.00163583178381096,0.58823,LONDON,RECORDED,PENDING,PENDING,,,,,,
37bbf398e3268f33,2026-08-19T10:00:00+00:00,2026-08-19T10:00:04.132135+00:00,USD/CHF,H1,SHORT,USD,CHF,-0.0007029400157854,-0.00064884973667406,0.0007029400157854,-0.0013517897524594601,0.81031,LONDON,RECORDED,PENDING,PENDING,,,,,,
b8bb84300739b3b2,2026-08-19T10:00:00+00:00,2026-08-19T10:00:04.132148+00:00,USD/JPY,H1,SHORT,USD,JPY,-0.0004857973695945,-0.00064884973667406,0.0004857973695945,-0.00113464710626856,159.08369,LONDON,RECORDED,PENDING,PENDING,,,,,,
03d7d473045ec92c,2026-08-19T13:00:00+00:00,2026-08-19T13:00:05.227851+00:00,EUR/USD,H1,LONG,EUR,USD,0.003395468686712,0.003395468686712,-0.0040120628211609,0.0074075315078729,1.16431,LONDON_NY_OVERLAP,RECORDED,PENDING,PENDING,,,,,,
07624ba6e063ec61,2026-08-19T13:00:00+00:00,2026-08-19T13:00:05.227873+00:00,GBP/USD,H1,LONG,GBP,USD,0.0035562244995831,0.0035562244995831,-0.0040120628211609,0.007568287320744,1.36019,LONDON_NY_OVERLAP,RECORDED,PENDING,PENDING,,,,,,
a550cde3e80a57ad,2026-08-19T13:00:00+00:00,2026-08-19T13:00:05.227887+00:00,NZD/USD,H1,LONG,NZD,USD,0.0044737021160781,0.0044737021160781,-0.0040120628211609,0.008485764937239,0.59051,LONDON_NY_OVERLAP,RECORDED,PENDING,PENDING,,,,,,
f479058aba42cad4,2026-08-19T13:00:00+00:00,2026-08-19T13:00:05.227898+00:00,USD/CHF,H1,SHORT,USD,CHF,-0.0044429634566256,-0.0040120628211609,0.0044429634566256,-0.0084550262777865,0.80667,LONDON_NY_OVERLAP,RECORDED,PENDING,PENDING,,,,,,
6d78bde1ae9a064f,2026-08-19T13:00:00+00:00,2026-08-19T13:00:05.227908+00:00,USD/JPY,H1,SHORT,USD,JPY,-0.0041919553468057,-0.0040120628211609,0.0041919553468057,-0.0082040181679666,158.46867,LONDON_NY_OVERLAP,RECORDED,PENDING,PENDING,,,,,,
9da043308b38ba17,2026-08-19T15:00:00+00:00,2026-08-19T15:00:05.066472+00:00,EUR/USD,H1,LONG,EUR,USD,0.0007462622554274,0.0007462622554274,-0.00051182473173428,0.00125808698716168,1.16668,LONDON_NY_OVERLAP,RECORDED,PENDING,PENDING,,,,,,
709c15f0ab5f1b31,2026-08-19T15:00:00+00:00,2026-08-19T15:00:05.066500+00:00,GBP/USD,H1,NEUTRAL,GBP,USD,-0.0007782101167315,-0.0007782101167315,-0.00051182473173428,-0.00026638538499722004,1.36104,LONDON_NY_OVERLAP,NOT_TRACKED,NOT_APPLICABLE,NOT_APPLICABLE,,,,,,
d06959f0a19767d7,2026-08-19T15:00:00+00:00,2026-08-19T15:00:05.066517+00:00,NZD/USD,H1,LONG,NZD,USD,0.0007764106199468,0.0007764106199468,-0.00051182473173428,0.00128823535168108,0.59293,LONDON_NY_OVERLAP,RECORDED,PENDING,PENDING,,,,,,
cfd3b268f308a9f6,2026-08-19T15:00:00+00:00,2026-08-19T15:00:05.066530+00:00,USD/CHF,H1,SHORT,USD,CHF,-0.0012710755542263,-0.00051182473173428,0.0012710755542263,-0.0017829002859605799,0.80145,LONDON_NY_OVERLAP,RECORDED,PENDING,PENDING,,,,,,
50a19bf8898a36b6,2026-08-19T15:00:00+00:00,2026-08-19T15:00:05.066542+00:00,USD/JPY,H1,SHORT,USD,JPY,-0.0005435853458024,-0.00051182473173428,0.0005435853458024,-0.0010554100775366799,158.36185,LONDON_NY_OVERLAP,RECORDED,PENDING,PENDING,,,,,,
a83fadb2c5c1824f,2026-08-19T16:00:00+00:00,2026-08-19T16:00:08.312648+00:00,EUR/USD,H1,NEUTRAL,EUR,USD,-8.574490889659602e-06,-8.574490889659602e-06,-6.396011482906804e-05,5.538562393940844e-05,1.16624,NEW_YORK,NOT_TRACKED,NOT_APPLICABLE,NOT_APPLICABLE,,,,,,
ec518828a4cb5233,2026-08-19T16:00:00+00:00,2026-08-19T16:00:08.312672+00:00,GBP/USD,H1,NEUTRAL,GBP,USD,-0.0003894538827818,-0.0003894538827818,-6.396011482906804e-05,-0.000325493767952732,1.36035,NEW_YORK,NOT_TRACKED,NOT_APPLICABLE,NOT_APPLICABLE,,,,,,
3647f9ea33761fa5,2026-08-19T16:00:00+00:00,2026-08-19T16:00:08.312686+00:00,NZD/USD,H1,NEUTRAL,NZD,USD,-0.0002529980266153,-0.0002529980266153,-6.396011482906804e-05,-0.000189037911786232,0.59274,NEW_YORK,NOT_TRACKED,NOT_APPLICABLE,NOT_APPLICABLE,,,,,,
23d40fb394fb990e,2026-08-19T16:00:00+00:00,2026-08-19T16:00:08.312698+00:00,USD/CHF,H1,SHORT,USD,CHF,-0.0016594507592299,-6.396011482906804e-05,0.0016594507592299,-0.0017234108740589679,0.80014,NEW_YORK,RECORDED,PENDING,PENDING,,,,,,
0ef432c3c4bc110a,2026-08-19T16:00:00+00:00,2026-08-19T16:00:08.312709+00:00,USD/JPY,H1,LONG,USD,JPY,0.0006886237847978,-6.396011482906804e-05,-0.0006886237847978,0.0006246636699687319,158.48291,NEW_YORK,RECORDED,PENDING,PENDING,,,,,,
80360ea1adc0bbfc,2026-08-19T18:00:00+00:00,2026-08-19T18:00:04.139135+00:00,EUR/USD,H1,SHORT,EUR,USD,-0.0007112497429216,-0.0007112497429216,0.00123516701068724,-0.0019464167536088401,1.16613,NEW_YORK,RECORDED,PENDING,PENDING,,,,,,
b604055c4d2bbae9,2026-08-19T18:00:00+00:00,2026-08-19T18:00:04.139159+00:00,GBP/USD,H1,SHORT,GBP,USD,-0.0013444908934619,-0.0013444908934619,0.00123516701068724,-0.00257965790414914,1.35928,NEW_YORK,RECORDED,PENDING,PENDING,,,,,,
b6bb2a8a97c86d75,2026-08-19T18:00:00+00:00,2026-08-19T18:00:04.139173+00:00,NZD/USD,H1,SHORT,NZD,USD,-0.0012808628971097,-0.0012808628971097,0.00123516701068724,-0.00251602990779694,0.59259,NEW_YORK,RECORDED,PENDING,PENDING,,,,,,
75f2c96f49327de5,2026-08-19T18:00:00+00:00,2026-08-19T18:00:04.139185+00:00,USD/CHF,H1,LONG,USD,CHF,0.0014640738794203,0.00123516701068724,-0.0014640738794203,0.00269924089010754,0.80031,NEW_YORK,RECORDED,PENDING,PENDING,,,,,,
dcd285cfde4bb8af,2026-08-19T18:00:00+00:00,2026-08-19T18:00:04.139195+00:00,USD/JPY,H1,LONG,USD,JPY,0.0013751576405227,0.00123516701068724,-0.0013751576405227,0.00261032465120994,158.59236,NEW_YORK,RECORDED,PENDING,PENDING,,,,,,
9bbf16798308030e,2026-08-19T19:00:00+00:00,2026-08-19T19:00:05.654151+00:00,EUR/USD,H1,LONG,EUR,USD,0.0012865045670912,0.0012865045670912,-0.0018832739962258802,0.0031697785633170803,1.16745,NEW_YORK,RECORDED,PENDING,PENDING,,,,,,
72d550790780c47f,2026-08-19T19:00:00+00:00,2026-08-19T19:00:05.654172+00:00,GBP/USD,H1,LONG,GBP,USD,0.0012360757537854,0.0012360757537854,-0.0018832739962258802,0.00311934975001128,1.36082,NEW_YORK,RECORDED,PENDING,PENDING,,,,,,
95f33f76fd6d11ac,2026-08-19T19:00:00+00:00,2026-08-19T19:00:05.654186+00:00,NZD/USD,H1,LONG,NZD,USD,0.0019916284093977,0.0019916284093977,-0.0018832739962258802,0.0038749024056235802,0.59366,NEW_YORK,RECORDED,PENDING,PENDING,,,,,,
fdcac83fb4606c06,2026-08-19T19:00:00+00:00,2026-08-19T19:00:05.654198+00:00,USD/CHF,H1,SHORT,USD,CHF,-0.0030359820089955,-0.0018832739962258802,0.0030359820089955,-0.00491925600522138,0.79797,NEW_YORK,RECORDED,PENDING,PENDING,,,,,,
a374e7136ae5ec4d,2026-08-19T19:00:00+00:00,2026-08-19T19:00:05.654210+00:00,USD/JPY,H1,SHORT,USD,JPY,-0.0018661792418596,-0.0018832739962258802,0.0018661792418596,-0.00374945323808548,158.3008,NEW_YORK,RECORDED,PENDING,PENDING,,,,,,
be6b329094c18596,2026-08-19T21:00:00+00:00,2026-08-19T21:00:06.762652+00:00,EUR/USD,H1,NEUTRAL,EUR,USD,9.420147125575228e-05,9.420147125575228e-05,-9.485900639912702e-05,0.0001890604776548793,1.16782,LATE_NY,NOT_TRACKED,NOT_APPLICABLE,NOT_APPLICABLE,,,,,,
2aec5607c185462e,2026-08-19T21:00:00+00:00,2026-08-19T21:00:06.762675+00:00,GBP/USD,H1,NEUTRAL,GBP,USD,-6.61365941123172e-05,-6.61365941123172e-05,-9.485900639912702e-05,2.8722412286809822e-05,1.36073,LATE_NY,NOT_TRACKED,NOT_APPLICABLE,NOT_APPLICABLE,,,,,,
971519720214b976,2026-08-19T21:00:00+00:00,2026-08-19T21:00:06.762691+00:00,NZD/USD,H1,LONG,NZD,USD,0.000320199534868,0.000320199534868,-9.485900639912702e-05,0.00041505854126712703,0.59357,LATE_NY,RECORDED,PENDING,PENDING,,,,,,
df877af8dcf6401d,2026-08-19T21:00:00+00:00,2026-08-19T21:00:06.762704+00:00,USD/CHF,H1,SHORT,USD,CHF,-0.0003385792212677,-9.485900639912702e-05,0.0003385792212677,-0.00043343822766682703,0.79718,LATE_NY,RECORDED,PENDING,PENDING,,,,,,
81fb93755cee9f5b,2026-08-19T21:00:00+00:00,2026-08-19T21:00:06.762715+00:00,USD/JPY,H1,NEUTRAL,USD,JPY,0.0002125486012835,-9.485900639912702e-05,-0.0002125486012835,0.00011768959488437298,158.16215,LATE_NY,NOT_TRACKED,NOT_APPLICABLE,NOT_APPLICABLE,,,,,,
298bb78422cca92c,2026-08-19T21:00:00+00:00,2026-08-19T21:05:02.707163+00:00,EUR/USD,H4,LONG,EUR,USD,0.0007198190169328,0.0007198190169328,-0.00090267418721088,0.0016224932041436799,1.1678,LATE_NY,RECORDED,PENDING,PENDING,,,,,,
0a1891083c74134c,2026-08-19T21:00:00+00:00,2026-08-19T21:05:02.707184+00:00,GBP/USD,H4,LONG,GBP,USD,-0.0002938777909206,-0.0002938777909206,-0.00090267418721088,0.0006087963962902799,1.36071,LATE_NY,RECORDED,PENDING,PENDING,,,,,,
95228f10ff9188e0,2026-08-19T21:00:00+00:00,2026-08-19T21:05:02.707199+00:00,NZD/USD,H4,LONG,NZD,USD,0.0003539226426222,0.0003539226426222,-0.00090267418721088,0.0012565968298330799,0.59356,LATE_NY,RECORDED,PENDING,PENDING,,,,,,
dea7c8e05e57d23a,2026-08-19T21:00:00+00:00,2026-08-19T21:05:02.707211+00:00,USD/CHF,H4,SHORT,USD,CHF,-0.002365042420602,-0.00090267418721088,0.002365042420602,-0.0032677166078128803,0.79725,LATE_NY,RECORDED,PENDING,PENDING,,,,,,
bb6a83bc2fbbfd48,2026-08-19T21:00:00+00:00,2026-08-19T21:05:02.707222+00:00,USD/JPY,H4,SHORT,USD,JPY,-0.001368464646818,-0.00090267418721088,0.001368464646818,-0.00227113883402888,158.15784,LATE_NY,RECORDED,PENDING,PENDING,,,,,,
7119a1ec3cac2ad8,2026-08-19T22:00:00+00:00,2026-08-19T22:00:03.256354+00:00,EUR/USD,H1,NEUTRAL,EUR,USD,-3.425244048641891e-05,-3.425244048641891e-05,0.0001543600619763038,-0.0001886125024627227,1.16776,LATE_NY,NOT_TRACKED,NOT_APPLICABLE,NOT_APPLICABLE,,,,,,
93e218feee6d7706,2026-08-19T22:00:00+00:00,2026-08-19T22:00:03.256378+00:00,GBP/USD,H1,NEUTRAL,GBP,USD,0.0002057764385978,0.0002057764385978,0.0001543600619763038,5.141637662149621e-05,1.36098,LATE_NY,NOT_TRACKED,NOT_APPLICABLE,NOT_APPLICABLE,,,,,,
6ee7ca7f814ffa0d,2026-08-19T22:00:00+00:00,2026-08-19T22:00:03.256393+00:00,NZD/USD,H1,SHORT,NZD,USD,-0.0006402156515879,-0.0006402156515879,0.0001543600619763038,-0.0007945757135642039,0.59317,LATE_NY,RECORDED,PENDING,PENDING,,,,,,
8ce509a3b42e4c92,2026-08-19T22:00:00+00:00,2026-08-19T22:00:03.256405+00:00,USD/CHF,H1,LONG,USD,CHF,0.0004390476429413,0.0001543600619763038,-0.0004390476429413,0.0005934077049176038,0.79753,LATE_NY,RECORDED,PENDING,PENDING,,,,,,
8df5105b2073b0d4,2026-08-19T22:00:00+00:00,2026-08-19T22:00:03.256416+00:00,USD/JPY,H1,NEUTRAL,USD,JPY,-0.0001359389865363,0.0001543600619763038,0.0001359389865363,1.842107544000379e-05,158.13769,LATE_NY,NOT_TRACKED,NOT_APPLICABLE,NOT_APPLICABLE,,,,,,
e776f24c4898d5bb,2026-08-19T23:00:00+00:00,2026-08-19T23:00:04.553835+00:00,EUR/USD,H1,NEUTRAL,EUR,USD,-7.70726109630852e-05,-7.70726109630852e-05,-0.000123393002837883,4.632039187479779e-05,1.16764,LATE_NY,NOT_TRACKED,NOT_APPLICABLE,NOT_APPLICABLE,,,,,,
0e06cc496b31cf4a,2026-08-19T23:00:00+00:00,2026-08-19T23:00:04.553857+00:00,GBP/USD,H1,NEUTRAL,GBP,USD,-0.000183719511747,-0.000183719511747,-0.000123393002837883,-6.0326508909117e-05,1.36052,LATE_NY,NOT_TRACKED,NOT_APPLICABLE,NOT_APPLICABLE,,,,,,
9e9779187bcfc5fb,2026-08-19T23:00:00+00:00,2026-08-19T23:00:04.553871+00:00,NZD/USD,H1,LONG,NZD,USD,0.0009104550589266,0.0009104550589266,-0.000123393002837883,0.001033848061764483,0.59365,LATE_NY,RECORDED,PENDING,PENDING,,,,,,
0a0368346bb56f67,2026-08-19T23:00:00+00:00,2026-08-19T23:00:04.553883+00:00,USD/CHF,H1,SHORT,USD,CHF,-0.0003510443569618,-0.000123393002837883,0.0003510443569618,-0.000474437359799683,0.79734,LATE_NY,RECORDED,PENDING,PENDING,,,,,,
a54ee0f7d8e19423,2026-08-19T23:00:00+00:00,2026-08-19T23:00:04.553894+00:00,USD/JPY,H1,NEUTRAL,USD,JPY,0.0003837422789889,-0.000123393002837883,-0.0003837422789889,0.000260349276151017,158.18764,LATE_NY,NOT_TRACKED,NOT_APPLICABLE,NOT_APPLICABLE,,,,,,
9c71c89e6b798604,2026-08-20T00:00:00+00:00,2026-08-20T00:00:03.165153+00:00,EUR/USD,H1,SHORT,EUR,USD,-0.000171290071171,-0.000171290071171,0.00039742488293552006,-0.00056871495410652,1.16741,ASIA,RECORDED,PENDING,PENDING,,,,,,
e0c2f80415c64be0,2026-08-20T00:00:00+00:00,2026-08-20T00:00:03.165174+00:00,GBP/USD,H1,SHORT,GBP,USD,-0.0003969099822862,-0.0003969099822862,0.00039742488293552006,-0.0007943348652217201,1.35997,ASIA,RECORDED,PENDING,PENDING,,,,,,
dc540dcc8bf0e885,2026-08-20T00:00:00+00:00,2026-08-20T00:00:03.165188+00:00,NZD/USD,H1,SHORT,NZD,USD,-0.0002021393076728,-0.0002021393076728,0.00039742488293552006,-0.0005995641906083201,0.59353,ASIA,RECORDED,PENDING,PENDING,,,,,,
500cb3415ede9423,2026-08-20T00:00:00+00:00,2026-08-20T00:00:03.165199+00:00,USD/CHF,H1,LONG,USD,CHF,0.0006145048219817,0.00039742488293552006,-0.0006145048219817,0.00101192970491722,0.79788,ASIA,RECORDED,PENDING,PENDING,,,,,,
e92b9b20ae0056b2,2026-08-20T00:00:00+00:00,2026-08-20T00:00:03.165210+00:00,USD/JPY,H1,LONG,USD,JPY,0.0006022802315659,0.00039742488293552006,-0.0006022802315659,0.00099970511450142,158.27745,ASIA,RECORDED,PENDING,PENDING,,,,,,
e643f7683eca1ccc,2026-08-20T01:00:00+00:00,2026-08-20T01:00:02.777362+00:00,EUR/USD,H1,NEUTRAL,EUR,USD,0.0001113604824478,0.0001113604824478,0.00035035597269149246,-0.00023899549024369247,1.16751,ASIA,NOT_TRACKED,NOT_APPLICABLE,NOT_APPLICABLE,,,,,,
49051a79e84cc438,2026-08-20T01:00:00+00:00,2026-08-20T01:00:02.777383+00:00,GBP/USD,H1,NEUTRAL,GBP,USD,4.411926909073788e-05,4.411926909073788e-05,0.00035035597269149246,-0.0003062367036007546,1.36001,ASIA,NOT_TRACKED,NOT_APPLICABLE,NOT_APPLICABLE,,,,,,
aa6d18f743e14743,2026-08-20T01:00:00+00:00,2026-08-20T01:00:02.777397+00:00,NZD/USD,H1,NEUTRAL,NZD,USD,0.0001179443976411,0.0001179443976411,0.00035035597269149246,-0.00023241157505039247,0.59357,ASIA,NOT_TRACKED,NOT_APPLICABLE,NOT_APPLICABLE,,,,,,
3656188e2d9f83c8,2026-08-20T01:00:00+00:00,2026-08-20T01:00:02.777409+00:00,USD/CHF,H1,LONG,USD,CHF,0.0013786879903742,0.00035035597269149246,-0.0013786879903742,0.0017290439630656923,0.79896,ASIA,RECORDED,PENDING,PENDING,,,,,,
d50512bde347b84d,2026-08-20T01:00:00+00:00,2026-08-20T01:00:02.777420+00:00,USD/JPY,H1,LONG,USD,JPY,0.0006465160222629,0.00035035597269149246,-0.0006465160222629,0.0009968719949543926,158.38147,ASIA,RECORDED,PENDING,PENDING,,,,,,
985d8646dbdb0e83,2026-08-20T02:00:00+00:00,2026-08-20T02:00:03.360690+00:00,EUR/USD,H1,NEUTRAL,EUR,USD,1.7130327531974636e-05,1.7130327531974636e-05,-0.00012880672185443492,0.00014593704938640955,1.16754,ASIA,NOT_TRACKED,NOT_APPLICABLE,NOT_APPLICABLE,,,,,,
1708b77f49e9f97b,2026-08-20T02:00:00+00:00,2026-08-20T02:00:03.360712+00:00,GBP/USD,H1,LONG,GBP,USD,0.0004411667389689,0.0004411667389689,-0.00012880672185443492,0.0005699734608233349,1.36063,ASIA,RECORDED,PENDING,PENDING,,,,,,
759c47470a06ff2b,2026-08-20T02:00:00+00:00,2026-08-20T02:00:03.360726+00:00,NZD/USD,H1,LONG,NZD,USD,0.0019205498837562,0.0019205498837562,-0.00012880672185443492,0.002049356605610635,0.59472,ASIA,RECORDED,PENDING,PENDING,,,,,,
a8e74928f108730c,2026-08-20T02:00:00+00:00,2026-08-20T02:00:03.360738+00:00,USD/CHF,H1,LONG,USD,CHF,0.0007511172869642,-0.00012880672185443492,-0.0007511172869642,0.000622310565109765,0.79941,ASIA,RECORDED,PENDING,PENDING,,,,,,
7b7099b4e5d3b565,2026-08-20T02:00:00+00:00,2026-08-20T02:00:03.360749+00:00,USD/JPY,H1,LONG,USD,JPY,0.0009836960540207,-0.00012880672185443492,-0.0009836960540207,0.0008548893321662651,158.52788,ASIA,RECORDED,PENDING,PENDING,,,,,,
e6f5545f7440c934,2026-08-20T05:00:00+00:00,2026-08-20T05:00:06.585310+00:00,EUR/USD,H1,SHORT,EUR,USD,-0.0004709025060575,-0.0004709025060575,0.00046910663597246,-0.00094000914202996,1.16742,ASIA,RECORDED,PENDING,PENDING,,,,,,
e6217691e78aafd9,2026-08-20T05:00:00+00:00,2026-08-20T05:00:06.585338+00:00,GBP/USD,H1,SHORT,GBP,USD,-0.0003966475933039,-0.0003966475933039,0.00046910663597246,-0.00086575422927636,1.36087,ASIA,RECORDED,PENDING,PENDING,,,,,,
baff6aebd5b528fb,2026-08-20T05:00:00+00:00,2026-08-20T05:00:06.585355+00:00,NZD/USD,H1,SHORT,NZD,USD,-0.0001343973120537,-0.0001343973120537,0.00046910663597246,-0.00060350394802616,0.59517,ASIA,RECORDED,PENDING,PENDING,,,,,,
5f2c9580271f6a11,2026-08-20T05:00:00+00:00,2026-08-20T05:00:06.585369+00:00,USD/CHF,H1,LONG,USD,CHF,0.0004502363740964,0.00046910663597246,-0.0004502363740964,0.00091934301006886,0.79994,ASIA,RECORDED,PENDING,PENDING,,,,,,
5a4c454d7303c8ec,2026-08-20T05:00:00+00:00,2026-08-20T05:00:06.585382+00:00,USD/JPY,H1,LONG,USD,JPY,0.0008933493943508,0.00046910663597246,-0.0008933493943508,0.0013624560303232601,158.57899,ASIA,RECORDED,PENDING,PENDING,,,,,,
6508b483177ba429,2026-08-20T09:00:00+00:00,2026-08-20T09:00:03.431553+00:00,EUR/USD,H1,LONG,EUR,USD,0.0004533052797236,0.0004533052797236,-0.00017232776623181994,0.0006256330459554199,1.16972,LONDON,RECORDED,PENDING,PENDING,,,,,,
46753db5cf8134c9,2026-08-20T09:00:00+00:00,2026-08-20T09:00:03.431577+00:00,GBP/USD,H1,LONG,GBP,USD,0.0005944692343823,0.0005944692343823,-0.00017232776623181994,0.0007667970006141199,1.36337,LONDON,RECORDED,PENDING,PENDING,,,,,,
1b6d215f459ae5c4,2026-08-20T09:00:00+00:00,2026-08-20T09:00:03.431593+00:00,NZD/USD,H1,NEUTRAL,NZD,USD,-0.0003022720784563,-0.0003022720784563,-0.00017232776623181994,-0.00012994431222448008,0.59531,LONDON,NOT_TRACKED,NOT_APPLICABLE,NOT_APPLICABLE,,,,,,
2b7f877f28904217,2026-08-20T09:00:00+00:00,2026-08-20T09:00:03.431605+00:00,USD/CHF,H1,SHORT,USD,CHF,-0.000538550172837,-0.00017232776623181994,0.000538550172837,-0.0007108779390688199,0.79801,LONDON,RECORDED,PENDING,PENDING,,,,,,
29b6fc4e9340caa3,2026-08-20T09:00:00+00:00,2026-08-20T09:00:03.431617+00:00,USD/JPY,H1,NEUTRAL,USD,JPY,0.0004224137773275,-0.00017232776623181994,-0.0004224137773275,0.0002500860110956801,158.53715,LONDON,NOT_TRACKED,NOT_APPLICABLE,NOT_APPLICABLE,,,,,,
177f0c3598ff93ee,2026-08-20T19:00:00+00:00,2026-08-20T19:00:07.199631+00:00,AUD/USD,H1,SHORT,AUD,USD,-0.0002530720130472,-0.0002530720130472,0.00015872857517156163,-0.0004118005882187616,0.71108,NEW_YORK,RECORDED,PENDING,PENDING,,,,,,
30f285d4a2fc404d,2026-08-20T19:00:00+00:00,2026-08-20T19:00:07.199654+00:00,EUR/USD,H1,NEUTRAL,EUR,USD,0.0002055850608189,0.0002055850608189,0.00015872857517156163,4.6856485647338384e-05,1.16764,NEW_YORK,NOT_TRACKED,NOT_APPLICABLE,NOT_APPLICABLE,,,,,,
31eb8d41785ab141,2026-08-20T19:00:00+00:00,2026-08-20T19:00:07.199669+00:00,GBP/USD,H1,NEUTRAL,GBP,USD,5.87061171774686e-05,5.87061171774686e-05,0.00015872857517156163,-0.00010002245799409302,1.3628,NEW_YORK,NOT_TRACKED,NOT_APPLICABLE,NOT_APPLICABLE,,,,,,
d6f692011e90b013,2026-08-20T19:00:00+00:00,2026-08-20T19:00:07.199683+00:00,NZD/USD,H1,SHORT,NZD,USD,-0.0003365756790413,-0.0003365756790413,0.00015872857517156163,-0.0004953042542128616,0.59402,NEW_YORK,RECORDED,PENDING,PENDING,,,,,,
c85e6659982b3354,2026-08-20T19:00:00+00:00,2026-08-20T19:00:07.199694+00:00,USD/CAD,H1,NEUTRAL,USD,CAD,0.0001232965136097,0.00015872857517156163,-0.0001232965136097,0.0002820250887812616,1.37896,NEW_YORK,NOT_TRACKED,NOT_APPLICABLE,NOT_APPLICABLE,,,,,,
8c50f1b78edaf389,2026-08-20T19:00:00+00:00,2026-08-20T19:00:07.199704+00:00,USD/CHF,H1,NEUTRAL,USD,CHF,0.0001873665013677,0.00015872857517156163,-0.0001873665013677,0.0003460950765392616,0.80072,NEW_YORK,NOT_TRACKED,NOT_APPLICABLE,NOT_APPLICABLE,,,,,,
05ca7f74af9fc1b0,2026-08-20T19:00:00+00:00,2026-08-20T19:00:07.199714+00:00,USD/JPY,H1,LONG,USD,JPY,0.0004750804971314,0.00015872857517156163,-0.0004750804971314,0.0006338090723029616,159.14335,NEW_YORK,RECORDED,PENDING,PENDING,,,,,,
0e98bbb656ad5ff8,2026-08-20T20:00:00+00:00,2026-08-20T20:00:05.343195+00:00,AUD/USD,H1,NEUTRAL,AUD,USD,0.0002250130085646,0.0002250130085646,-0.00013552878172749341,0.0003605417902920934,0.71123,NEW_YORK,NOT_TRACKED,NOT_APPLICABLE,NOT_APPLICABLE,,,,,,
1edda88e35896cc5,2026-08-20T20:00:00+00:00,2026-08-20T20:00:05.343216+00:00,EUR/USD,H1,NEUTRAL,EUR,USD,0.0002141199242872,0.0002141199242872,-0.00013552878172749341,0.0003496487060146934,1.16782,NEW_YORK,NOT_TRACKED,NOT_APPLICABLE,NOT_APPLICABLE,,,,,,
a9bb3f674235e63e,2026-08-20T20:00:00+00:00,2026-08-20T20:00:05.343231+00:00,GBP/USD,H1,NEUTRAL,GBP,USD,0.0001467620620071,0.0001467620620071,-0.00013552878172749341,0.0002822908437345934,1.36295,NEW_YORK,NOT_TRACKED,NOT_APPLICABLE,NOT_APPLICABLE,,,,,,
6f319d93a43eb592,2026-08-20T20:00:00+00:00,2026-08-20T20:00:05.343244+00:00,NZD/USD,H1,NEUTRAL,NZD,USD,0.00025249124697,0.00025249124697,-0.00013552878172749341,0.00038802002869749337,0.59423,NEW_YORK,NOT_TRACKED,NOT_APPLICABLE,NOT_APPLICABLE,,,,,,
102d38595512a246,2026-08-20T20:00:00+00:00,2026-08-20T20:00:05.343255+00:00,USD/CAD,H1,NEUTRAL,USD,CAD,0.0002248054707499,-0.00013552878172749341,-0.0002248054707499,8.92766890224066e-05,1.37928,NEW_YORK,NOT_TRACKED,NOT_APPLICABLE,NOT_APPLICABLE,,,,,,
4bf665fa28221e2f,2026-08-20T20:00:00+00:00,2026-08-20T20:00:05.343266+00:00,USD/CHF,H1,SHORT,USD,CHF,-0.0002747355670167,-0.00013552878172749341,0.0002747355670167,-0.0004102643487441934,0.80055,NEW_YORK,RECORDED,PENDING,PENDING,,,,,,
ea25646d8852e231,2026-08-20T20:00:00+00:00,2026-08-20T20:00:05.343277+00:00,USD/JPY,H1,NEUTRAL,USD,JPY,-6.038513399675379e-05,-0.00013552878172749341,6.038513399675379e-05,-0.0001959139157242472,159.13552,NEW_YORK,NOT_TRACKED,NOT_APPLICABLE,NOT_APPLICABLE,,,,,,
8be6a2a3336757f7,2026-08-20T21:00:00+00:00,2026-08-20T21:00:06.069404+00:00,AUD/USD,H1,LONG,AUD,USD,0.0002249655521498,0.0002249655521498,-0.00018834487415986373,0.00041331042630966374,0.71138,LATE_NY,RECORDED,PENDING,PENDING,,,,,,
85fc35a8561237cd,2026-08-20T21:00:00+00:00,2026-08-20T21:00:06.069430+00:00,EUR/USD,H1,NEUTRAL,EUR,USD,8.563036795368166e-05,8.563036795368166e-05,-0.00018834487415986373,0.0002739752421135454,1.16791,LATE_NY,NOT_TRACKED,NOT_APPLICABLE,NOT_APPLICABLE,,,,,,
dd344f66cd032c1f,2026-08-20T21:00:00+00:00,2026-08-20T21:00:06.069447+00:00,GBP/USD,H1,NEUTRAL,GBP,USD,0.0001614181316585,0.0001614181316585,-0.00018834487415986373,0.0003497630058183637,1.36314,LATE_NY,NOT_TRACKED,NOT_APPLICABLE,NOT_APPLICABLE,,,,,,
c8bf61ab75d38780,2026-08-20T21:00:00+00:00,2026-08-20T21:00:06.069462+00:00,NZD/USD,H1,LONG,NZD,USD,0.0002524190155659,0.0002524190155659,-0.00018834487415986373,0.0004407638897257637,0.5944,LATE_NY,RECORDED,PENDING,PENDING,,,,,,
d3554fbadb435dad,2026-08-20T21:00:00+00:00,2026-08-20T21:00:06.069475+00:00,USD/CAD,H1,SHORT,USD,CAD,-0.0003189931416474,-0.00018834487415986373,0.0003189931416474,-0.0005073380158072638,1.3789,LATE_NY,RECORDED,PENDING,PENDING,,,,,,
c2802cdf93749330,2026-08-20T21:00:00+00:00,2026-08-20T21:00:06.069491+00:00,USD/CHF,H1,NEUTRAL,USD,CHF,-1.2492348436664433e-05,-0.00018834487415986373,1.2492348436664433e-05,-0.00020083722259652817,0.80048,LATE_NY,NOT_TRACKED,NOT_APPLICABLE,NOT_APPLICABLE,,,,,,
a8ed0e88849c7683,2026-08-20T21:00:00+00:00,2026-08-20T21:00:06.069503+00:00,USD/JPY,H1,SHORT,USD,JPY,-0.0002624955617071,-0.00018834487415986373,0.0002624955617071,-0.0004508404358669637,159.08473,LATE_NY,RECORDED,PENDING,PENDING,,,,,,
fa45f46e07adda66,2026-08-20T21:00:00+00:00,2026-08-20T21:05:05.240693+00:00,AUD/USD,H4,NEUTRAL,AUD,USD,0.0001687146753648,0.0001687146753648,-0.00010059910373745803,0.00026931377910225805,0.71138,LATE_NY,NOT_TRACKED,NOT_APPLICABLE,NOT_APPLICABLE,,,,,,
6a4008789bb22cb0,2026-08-20T21:00:00+00:00,2026-08-20T21:05:05.240722+00:00,EUR/USD,H4,LONG,EUR,USD,0.0004540081207489,0.0004540081207489,-0.00010059910373745803,0.000554607224486358,1.16791,LATE_NY,RECORDED,PENDING,PENDING,,,,,,
b56691069dfb5492,2026-08-20T21:00:00+00:00,2026-08-20T21:05:05.240739+00:00,GBP/USD,H4,NEUTRAL,GBP,USD,-0.0001026965171209,-0.0001026965171209,-0.00010059910373745803,-2.0974133834419695e-06,1.3631,LATE_NY,NOT_TRACKED,NOT_APPLICABLE,NOT_APPLICABLE,,,,,,
ad65f2dcf9b7f7e2,2026-08-20T21:00:00+00:00,2026-08-20T21:05:05.240755+00:00,NZD/USD,H4,NEUTRAL,NZD,USD,0.0003702581709246,0.0003702581709246,-0.00010059910373745803,0.000470857274662058,0.5944,LATE_NY,NOT_TRACKED,NOT_APPLICABLE,NOT_APPLICABLE,,,,,,
b7292568a96fe86c,2026-08-20T21:00:00+00:00,2026-08-20T21:05:05.240768+00:00,USD/CAD,H4,NEUTRAL,USD,CAD,-0.0001087657982322,-0.00010059910373745803,0.0001087657982322,-0.00020936490196965803,1.37896,LATE_NY,NOT_TRACKED,NOT_APPLICABLE,NOT_APPLICABLE,,,,,,
52961da659f61673,2026-08-20T21:00:00+00:00,2026-08-20T21:05:05.240780+00:00,USD/CHF,H4,NEUTRAL,USD,CHF,-6.246174218290609e-05,-0.00010059910373745803,6.246174218290609e-05,-0.0001630608459203641,0.80044,LATE_NY,NOT_TRACKED,NOT_APPLICABLE,NOT_APPLICABLE,,,,,,
16f1351d633b6199,2026-08-20T21:00:00+00:00,2026-08-20T21:05:05.240793+00:00,USD/JPY,H4,NEUTRAL,USD,JPY,0.0003573182641703,-0.00010059910373745803,-0.0003573182641703,0.000256719160432842,159.07472,LATE_NY,NOT_TRACKED,NOT_APPLICABLE,NOT_APPLICABLE,,,,,,
90676eb772f830c5,2026-08-20T00:00:00+00:00,2026-08-20T21:10:13.230392+00:00,EUR/USD,D1,LONG,EUR,USD,0.0087764762793268,0.0087764762793268,-0.01052959233638502,0.019306068615711817,1.1678,ASIA,RECORDED,PENDING,PENDING,,,,,,
2d797f8eb712d90b,2026-08-20T00:00:00+00:00,2026-08-20T21:10:13.230414+00:00,GBP/USD,D1,LONG,GBP,USD,0.005542377014654,0.005542377014654,-0.01052959233638502,0.01607196935103902,1.36071,ASIA,RECORDED,PENDING,PENDING,,,,,,
7eadc6dc4a7f6349,2026-08-20T00:00:00+00:00,2026-08-20T21:10:13.230428+00:00,NZD/USD,D1,LONG,NZD,USD,0.0104180852512597,0.0104180852512597,-0.01052959233638502,0.02094767758764472,0.59356,ASIA,RECORDED,PENDING,PENDING,,,,,,
411777733bf504fe,2026-08-20T00:00:00+00:00,2026-08-20T21:10:13.230440+00:00,USD/CHF,D1,SHORT,USD,CHF,-0.0186967652995913,-0.01052959233638502,0.0186967652995913,-0.02922635763597632,0.79725,ASIA,RECORDED,PENDING,PENDING,,,,,,
c279e426d93d2b9a,2026-08-20T00:00:00+00:00,2026-08-20T21:10:13.230453+00:00,USD/JPY,D1,SHORT,USD,JPY,-0.0092142578370933,-0.01052959233638502,0.0092142578370933,-0.01974385017347832,158.15784,ASIA,RECORDED,PENDING,PENDING,,,,,,
490f7363566fcee8,2026-08-21T00:00:00+00:00,2026-08-21T00:00:04.038296+00:00,AUD/USD,H1,LONG,AUD,USD,0.000548106923012,0.000548106923012,-0.0004548888781252143,0.0010029958011372143,0.71193,ASIA,RECORDED,PENDING,PENDING,,,,,,
8472c34f2ee54702,2026-08-21T00:00:00+00:00,2026-08-21T00:00:04.038320+00:00,EUR/USD,H1,LONG,EUR,USD,0.0004022904879697,0.0004022904879697,-0.0004548888781252143,0.0008571793660949143,1.16878,ASIA,RECORDED,PENDING,PENDING,,,,,,
30aa838b8b1de362,2026-08-21T00:00:00+00:00,2026-08-21T00:00:04.038335+00:00,GBP/USD,H1,LONG,GBP,USD,0.0005206843699352,0.0005206843699352,-0.0004548888781252143,0.0009755732480604142,1.3643,ASIA,RECORDED,PENDING,PENDING,,,,,,
98ed2772721f579c,2026-08-21T00:00:00+00:00,2026-08-21T00:00:04.038349+00:00,NZD/USD,H1,LONG,NZD,USD,0.0009585148065312,0.0009585148065312,-0.0004548888781252143,0.0014134036846564144,0.59524,ASIA,RECORDED,PENDING,PENDING,,,,,,
c137f8b4e62183d5,2026-08-21T00:00:00+00:00,2026-08-21T00:00:04.038359+00:00,USD/CAD,H1,SHORT,USD,CAD,-0.000152348340854,-0.0004548888781252143,0.000152348340854,-0.0006072372189792143,1.37821,ASIA,RECORDED,PENDING,PENDING,,,,,,
de23e5eb4c909b07,2026-08-21T00:00:00+00:00,2026-08-21T00:00:04.038370+00:00,USD/CHF,H1,SHORT,USD,CHF,-0.0003375042188027,-0.0004548888781252143,0.0003375042188027,-0.0007923930969279142,0.79972,ASIA,RECORDED,PENDING,PENDING,,,,,,
82c6603eb04f106b,2026-08-21T00:00:00+00:00,2026-08-21T00:00:04.038380+00:00,USD/JPY,H1,SHORT,USD,JPY,-0.0002647729997717,-0.0004548888781252143,0.0002647729997717,-0.0007196618778969143,158.92427,ASIA,RECORDED,PENDING,PENDING,,,,,,
634a910fb3a44fef,2026-08-21T01:00:00+00:00,2026-08-21T01:00:04.189125+00:00,AUD/USD,H1,NEUTRAL,AUD,USD,0.0003371117946989,0.0003371117946989,0.00020286819271962857,0.00013424360197927145,0.71217,ASIA,NOT_TRACKED,NOT_APPLICABLE,NOT_APPLICABLE,,,,,,
153f1d8c8c017d73,2026-08-21T01:00:00+00:00,2026-08-21T01:00:04.189157+00:00,EUR/USD,H1,SHORT,EUR,USD,-0.0003422401327893,-0.0003422401327893,0.00020286819271962857,-0.0005451083255089286,1.16837,ASIA,RECORDED,PENDING,PENDING,,,,,,
c325a4dea4a3b607,2026-08-21T01:00:00+00:00,2026-08-21T01:00:04.189173+00:00,GBP/USD,H1,SHORT,GBP,USD,-0.000351828776662,-0.000351828776662,0.00020286819271962857,-0.0005546969693816286,1.36382,ASIA,RECORDED,PENDING,PENDING,,,,,,
e41c4d47443e400e,2026-08-21T01:00:00+00:00,2026-08-21T01:00:04.189187+00:00,NZD/USD,H1,LONG,NZD,USD,0.0006215875682487,0.0006215875682487,0.00020286819271962857,0.0004187193755290714,0.59562,ASIA,RECORDED,PENDING,PENDING,,,,,,
7954f82475ae2354,2026-08-21T01:00:00+00:00,2026-08-21T01:00:04.189199+00:00,USD/CAD,H1,NEUTRAL,USD,CAD,-0.0002757219561747,0.00020286819271962857,0.0002757219561747,-7.285376345507143e-05,1.37782,ASIA,NOT_TRACKED,NOT_APPLICABLE,NOT_APPLICABLE,,,,,,
7dce34b1883e2cbe,2026-08-21T01:00:00+00:00,2026-08-21T01:00:04.189210+00:00,USD/CHF,H1,LONG,USD,CHF,0.0007878249778033,0.00020286819271962857,-0.0007878249778033,0.0009906931705229286,0.8003,ASIA,RECORDED,PENDING,PENDING,,,,,,
57d78d3919704e2c,2026-08-21T01:00:00+00:00,2026-08-21T01:00:04.189221+00:00,USD/JPY,H1,LONG,USD,JPY,0.0011726047809051,0.00020286819271962857,-0.0011726047809051,0.0013754729736247286,159.10605,ASIA,RECORDED,PENDING,PENDING,,,,,,
15a20a7051fca2e7,2026-08-21T02:00:00+00:00,2026-08-21T02:00:04.022293+00:00,AUD/USD,H1,LONG,AUD,USD,0.0016849909431736,0.0016849909431736,-0.0009739989297358713,0.0026589898729094713,0.71337,ASIA,RECORDED,PENDING,PENDING,,,,,,
1e1bcfd04d8fa6c0,2026-08-21T02:00:00+00:00,2026-08-21T02:00:04.022315+00:00,EUR/USD,H1,LONG,EUR,USD,0.0005392035193727,0.0005392035193727,-0.0009739989297358713,0.0015132024491085715,1.16902,ASIA,RECORDED,PENDING,PENDING,,,,,,
21ac63c0811d0028,2026-08-21T02:00:00+00:00,2026-08-21T02:00:04.022330+00:00,GBP/USD,H1,LONG,GBP,USD,0.0004545954467133,0.0004545954467133,-0.0009739989297358713,0.0014285943764491714,1.36447,ASIA,RECORDED,PENDING,PENDING,,,,,,
b0d77aa20ea5adba,2026-08-21T02:00:00+00:00,2026-08-21T02:00:04.022343+00:00,NZD/USD,H1,LONG,NZD,USD,0.0019140041302194,0.0019140041302194,-0.0009739989297358713,0.0028880030599552713,0.59675,ASIA,RECORDED,PENDING,PENDING,,,,,,
f103e473d2ecc63d,2026-08-21T02:00:00+00:00,2026-08-21T02:00:04.022355+00:00,USD/CAD,H1,SHORT,USD,CAD,-0.0004064450573377,-0.0009739989297358713,0.0004064450573377,-0.0013804439870735712,1.37724,ASIA,RECORDED,PENDING,PENDING,,,,,,
1de20794336d9f42,2026-08-21T02:00:00+00:00,2026-08-21T02:00:04.022365+00:00,USD/CHF,H1,SHORT,USD,CHF,-0.0009621512201826,-0.0009739989297358713,0.0009621512201826,-0.0019361501499184713,0.79952,ASIA,RECORDED,PENDING,PENDING,,,,,,
dc65347f19bd97db,2026-08-21T02:00:00+00:00,2026-08-21T02:00:04.022375+00:00,USD/JPY,H1,SHORT,USD,JPY,-0.0008566021911518,-0.0009739989297358713,0.0008566021911518,-0.0018306011208876712,158.96907,ASIA,RECORDED,PENDING,PENDING,,,,,,
eb05477b0b2371b2,2026-08-21T03:00:00+00:00,2026-08-21T03:00:03.916687+00:00,AUD/USD,H1,LONG,AUD,USD,0.0010373734824909,0.0010373734824909,-0.0006258338579635589,0.0016632073404544588,0.71408,ASIA,RECORDED,PENDING,PENDING,,,,,,
c72a5588b2c070ae,2026-08-21T03:00:00+00:00,2026-08-21T03:00:03.916708+00:00,EUR/USD,H1,LONG,EUR,USD,0.0006330142599293,0.0006330142599293,-0.0006258338579635589,0.001258848117892859,1.16975,ASIA,RECORDED,PENDING,PENDING,,,,,,
59426f86bcce337d,2026-08-21T03:00:00+00:00,2026-08-21T03:00:03.916726+00:00,GBP/USD,H1,LONG,GBP,USD,0.0004690637780155,0.0004690637780155,-0.0006258338579635589,0.001094897635979059,1.36506,ASIA,RECORDED,PENDING,PENDING,,,,,,
510d96cb24620865,2026-08-21T03:00:00+00:00,2026-08-21T03:00:03.916739+00:00,NZD/USD,H1,LONG,NZD,USD,0.0006368145864055,0.0006368145864055,-0.0006258338579635589,0.0012626484443690588,0.5971,ASIA,RECORDED,PENDING,PENDING,,,,,,
34a23c3476e02dec,2026-08-21T03:00:00+00:00,2026-08-21T03:00:03.916750+00:00,USD/CAD,H1,SHORT,USD,CAD,-0.0006970260223048,-0.0006258338579635589,0.0006970260223048,-0.001322859880268359,1.37632,ASIA,RECORDED,PENDING,PENDING,,,,,,
11a731bfc6075368,2026-08-21T03:00:00+00:00,2026-08-21T03:00:03.916761+00:00,USD/CHF,H1,SHORT,USD,CHF,-0.0008504890311929,-0.0006258338579635589,0.0008504890311929,-0.001476322889156459,0.79886,ASIA,RECORDED,PENDING,PENDING,,,,,,
11af54289de1a276,2026-08-21T03:00:00+00:00,2026-08-21T03:00:03.916771+00:00,USD/JPY,H1,SHORT,USD,JPY,-5.705584540601272e-05,-0.0006258338579635589,5.705584540601272e-05,-0.0006828897033695717,158.95799,ASIA,RECORDED,PENDING,PENDING,,,,,,
b508bd5514ed2774,2026-08-21T04:00:00+00:00,2026-08-21T04:00:03.602095+00:00,AUD/USD,H1,NEUTRAL,AUD,USD,0.000168064873041,0.000168064873041,0.0003074545553597143,-0.0001393896823187143,0.71413,ASIA,NOT_TRACKED,NOT_APPLICABLE,NOT_APPLICABLE,,,,,,
a272163e0710ca88,2026-08-21T04:00:00+00:00,2026-08-21T04:00:03.602116+00:00,EUR/USD,H1,SHORT,EUR,USD,-0.0003248474072048,-0.0003248474072048,0.0003074545553597143,-0.0006323019625645142,1.1694,ASIA,RECORDED,PENDING,PENDING,,,,,,
b5cade0b249872e8,2026-08-21T04:00:00+00:00,2026-08-21T04:00:03.602130+00:00,GBP/USD,H1,SHORT,GBP,USD,-0.0003150206228616,-0.0003150206228616,0.0003074545553597143,-0.0006224751782213143,1.36456,ASIA,RECORDED,PENDING,PENDING,,,,,,
2f66c90d6a87bda7,2026-08-21T04:00:00+00:00,2026-08-21T04:00:03.602145+00:00,NZD/USD,H1,SHORT,NZD,USD,-0.000167490159953,-0.000167490159953,0.0003074545553597143,-0.00047494471531271427,0.59695,ASIA,RECORDED,PENDING,PENDING,,,,,,
2f4fdae919329095,2026-08-21T04:00:00+00:00,2026-08-21T04:00:03.602157+00:00,USD/CAD,H1,LONG,USD,CAD,0.0001889109284973,0.0003074545553597143,-0.0001889109284973,0.0004963654838570143,1.37657,ASIA,RECORDED,PENDING,PENDING,,,,,,
f8b384872764859c,2026-08-21T04:00:00+00:00,2026-08-21T04:00:03.602167+00:00,USD/CHF,H1,LONG,USD,CHF,0.0010264755586155,0.0003074545553597143,-0.0010264755586155,0.0013339301139752143,0.79967,ASIA,RECORDED,PENDING,PENDING,,,,,,
476ca8de5bd5d6b9,2026-08-21T04:00:00+00:00,2026-08-21T04:00:03.602180+00:00,USD/JPY,H1,LONG,USD,JPY,0.0002975020834268,0.0003074545553597143,-0.0002975020834268,0.0006049566387865144,159.00416,ASIA,RECORDED,PENDING,PENDING,,,,,,
67db659d2ff56a27,2026-08-21T05:00:00+00:00,2026-08-21T05:00:03.758197+00:00,AUD/USD,H1,NEUTRAL,AUD,USD,-0.0001120275587794,-0.0001120275587794,0.00016621518154840434,-0.0002782427403278043,0.71403,ASIA,NOT_TRACKED,NOT_APPLICABLE,NOT_APPLICABLE,,,,,,
801c33f4fbf740c7,2026-08-21T05:00:00+00:00,2026-08-21T05:00:03.758221+00:00,EUR/USD,H1,NEUTRAL,EUR,USD,-8.551320751489125e-05,-8.551320751489125e-05,0.00016621518154840434,-0.0002517283890632956,1.16931,ASIA,NOT_TRACKED,NOT_APPLICABLE,NOT_APPLICABLE,,,,,,
9e8a8e2e6d301ae0,2026-08-21T05:00:00+00:00,2026-08-21T05:00:03.758236+00:00,GBP/USD,H1,NEUTRAL,GBP,USD,-0.000161222949354,-0.000161222949354,0.00016621518154840434,-0.00032743813090240436,1.36435,ASIA,NOT_TRACKED,NOT_APPLICABLE,NOT_APPLICABLE,,,,,,
16d09a61bbe20143,2026-08-21T05:00:00+00:00,2026-08-21T05:00:03.758250+00:00,NZD/USD,H1,SHORT,NZD,USD,-0.0005360582963397,-0.0005360582963397,0.00016621518154840434,-0.0007022734778881043,0.59663,ASIA,RECORDED,PENDING,PENDING,,,,,,
f7fc071193778e44,2026-08-21T05:00:00+00:00,2026-08-21T05:00:03.758260+00:00,USD/CAD,H1,NEUTRAL,USD,CAD,1.45292874110328e-05,0.00016621518154840434,-1.45292874110328e-05,0.00018074446895943714,1.37655,ASIA,NOT_TRACKED,NOT_APPLICABLE,NOT_APPLICABLE,,,,,,
8b4b033319a30c9b,2026-08-21T05:00:00+00:00,2026-08-21T05:00:03.758272+00:00,USD/CHF,H1,NEUTRAL,USD,CHF,0.0002125850340136,0.00016621518154840434,-0.0002125850340136,0.00037880021556200433,0.79985,ASIA,NOT_TRACKED,NOT_APPLICABLE,NOT_APPLICABLE,,,,,,
996b493b61f2aa55,2026-08-21T05:00:00+00:00,2026-08-21T05:00:03.758282+00:00,USD/JPY,H1,NEUTRAL,USD,JPY,4.156993742620643e-05,0.00016621518154840434,-4.156993742620643e-05,0.00020778511897461078,159.01575,ASIA,NOT_TRACKED,NOT_APPLICABLE,NOT_APPLICABLE,,,,,,
c225fbcd69d3c2cf,2026-08-21T06:00:00+00:00,2026-08-21T06:00:03.086481+00:00,AUD/USD,H1,LONG,AUD,USD,0.0007282811165109,0.0007282811165109,-0.0007179945102615857,0.0014462756267724858,0.71453,ASIA,RECORDED,PENDING,PENDING,,,,,,
1e827f5ab9bca0fe,2026-08-21T06:00:00+00:00,2026-08-21T06:00:03.086501+00:00,EUR/USD,H1,LONG,EUR,USD,0.0004104809468427,0.0004104809468427,-0.0007179945102615857,0.0011284754571042857,1.16984,ASIA,RECORDED,PENDING,PENDING,,,,,,
19737c87bb7fab41,2026-08-21T06:00:00+00:00,2026-08-21T06:00:03.086515+00:00,GBP/USD,H1,LONG,GBP,USD,0.0005790387955991,0.0005790387955991,-0.0007179945102615857,0.0012970333058606857,1.36512,ASIA,RECORDED,PENDING,PENDING,,,,,,
ffca040216aa06b9,2026-08-21T06:00:00+00:00,2026-08-21T06:00:03.086528+00:00,NZD/USD,H1,LONG,NZD,USD,0.0009889041601018,0.0009889041601018,-0.0007179945102615857,0.0017068986703633856,0.59721,ASIA,RECORDED,PENDING,PENDING,,,,,,
f882dcd8a5319384,2026-08-21T06:00:00+00:00,2026-08-21T06:00:03.086541+00:00,USD/CAD,H1,SHORT,USD,CAD,-0.0004285984105535,-0.0007179945102615857,0.0004285984105535,-0.0011465929208150857,1.37599,ASIA,RECORDED,PENDING,PENDING,,,,,,
3ed0eb2efd211a2c,2026-08-21T06:00:00+00:00,2026-08-21T06:00:03.086552+00:00,USD/CHF,H1,SHORT,USD,CHF,-0.0008626617490779,-0.0007179945102615857,0.0008626617490779,-0.0015806562593394858,0.79916,ASIA,RECORDED,PENDING,PENDING,,,,,,
41deb9acbe2a51da,2026-08-21T06:00:00+00:00,2026-08-21T06:00:03.086562+00:00,USD/JPY,H1,SHORT,USD,JPY,-0.0010279963931452,-0.0007179945102615857,0.0010279963931452,-0.0017459909034067858,158.84488,ASIA,RECORDED,PENDING,PENDING,,,,,,
322b9bb90e76c435,2026-08-21T08:00:00+00:00,2026-08-21T08:00:11.819294+00:00,AUD/USD,H1,LONG,AUD,USD,0.0007277816655003,0.0007277816655003,0.00012748257412087142,0.0006002990913794285,0.71502,LONDON,RECORDED,PENDING,PENDING,,,,,,
a4bcb5c156a9902f,2026-08-21T08:00:00+00:00,2026-08-21T08:00:11.819323+00:00,EUR/USD,H1,SHORT,EUR,USD,-0.0006497281400677,-0.0006497281400677,0.00012748257412087142,-0.0007772107141885714,1.16896,LONDON,RECORDED,PENDING,PENDING,,,,,,
b02911fab06bbcb3,2026-08-21T08:00:00+00:00,2026-08-21T08:00:11.819340+00:00,GBP/USD,H1,SHORT,GBP,USD,-0.0006373953243022,-0.0006373953243022,0.00012748257412087142,-0.0007648778984230715,1.36406,LONDON,RECORDED,PENDING,PENDING,,,,,,
0a335004d9a61970,2026-08-21T08:00:00+00:00,2026-08-21T08:00:11.819357+00:00,NZD/USD,H1,SHORT,NZD,USD,-0.0003685092127303,-0.0003685092127303,0.00012748257412087142,-0.0004959917868511714,0.59678,LONDON,RECORDED,PENDING,PENDING,,,,,,
42528dda71b5fa3b,2026-08-21T08:00:00+00:00,2026-08-21T08:00:11.819372+00:00,USD/CAD,H1,NEUTRAL,USD,CAD,-0.0001089997456673,0.00012748257412087142,0.0001089997456673,1.8482828453571414e-05,1.376,LONDON,NOT_TRACKED,NOT_APPLICABLE,NOT_APPLICABLE,,,,,,
d53e58a4ca95abac,2026-08-21T08:00:00+00:00,2026-08-21T08:00:11.819385+00:00,USD/CHF,H1,LONG,USD,CHF,0.0006500812601574,0.00012748257412087142,-0.0006500812601574,0.0007775638342782715,0.80042,LONDON,RECORDED,PENDING,PENDING,,,,,,
2e841d77ca9652b0,2026-08-21T08:00:00+00:00,2026-08-21T08:00:11.819397+00:00,USD/JPY,H1,SHORT,USD,JPY,-0.0005765545072439,0.00012748257412087142,0.0005765545072439,-0.0004490719331230286,158.8179,LONDON,RECORDED,PENDING,PENDING,,,,,,
c657069738d08ac8,2026-08-21T05:00:00+00:00,2026-08-21T08:40:16.632276+00:00,AUD/USD,H4,LONG,AUD,USD,0.0026538607354986,0.0026538607354986,-0.0010874021468505143,0.0037412628823491143,0.71406,ASIA,RECORDED,PENDING,PENDING,,,,,,
7206415ba780c9fa,2026-08-21T05:00:00+00:00,2026-08-21T08:40:16.632297+00:00,EUR/USD,H4,LONG,EUR,USD,0.0008473198161573,0.0008473198161573,-0.0010874021468505143,0.0019347219630078143,1.16938,ASIA,RECORDED,PENDING,PENDING,,,,,,
43d43e3bce02b2f3,2026-08-21T05:00:00+00:00,2026-08-21T08:40:16.632310+00:00,GBP/USD,H4,LONG,GBP,USD,0.0003739414158448,0.0003739414158448,-0.0010874021468505143,0.0014613435626953143,1.36436,ASIA,RECORDED,PENDING,PENDING,,,,,,
e5380059cca62a5e,2026-08-21T05:00:00+00:00,2026-08-21T08:40:16.632322+00:00,NZD/USD,H4,LONG,NZD,USD,0.0017293195211631,0.0017293195211631,-0.0010874021468505143,0.0028167216680136144,0.59664,ASIA,RECORDED,PENDING,PENDING,,,,,,
04d9a25f4a07b090,2026-08-21T05:00:00+00:00,2026-08-21T08:40:16.632332+00:00,USD/CAD,H4,SHORT,USD,CAD,-0.0008564377993903,-0.0010874021468505143,0.0008564377993903,-0.0019438399462408142,1.37662,ASIA,RECORDED,PENDING,PENDING,,,,,,
bdc0feeb130444be,2026-08-21T05:00:00+00:00,2026-08-21T08:40:16.632342+00:00,USD/CHF,H4,SHORT,USD,CHF,-0.0005248097564632,-0.0010874021468505143,0.0005248097564632,-0.0016122119033137143,0.79987,ASIA,RECORDED,PENDING,PENDING,,,,,,
8487d6e377febb75,2026-08-21T05:00:00+00:00,2026-08-21T08:40:16.632352+00:00,USD/JPY,H4,SHORT,USD,JPY,-0.0006261259834363,-0.0010874021468505143,0.0006261259834363,-0.0017135281302868143,159.00574,ASIA,RECORDED,PENDING,PENDING,,,,,,
e01c813d77089eac,2026-08-21T14:00:00+00:00,2026-08-21T14:00:05.491769+00:00,AUD/USD,H1,LONG,AUD,USD,0.0008094227978118,0.0008094227978118,-1.5089310284811725e-05,0.0008245121080966117,0.71714,LONDON_NY_OVERLAP,RECORDED,PENDING,PENDING,,,,,,
21d275363750e9b4,2026-08-21T14:00:00+00:00,2026-08-21T14:00:05.491798+00:00,EUR/USD,H1,SHORT,EUR,USD,-0.0006586488289736,-0.0006586488289736,-1.5089310284811725e-05,-0.0006435595186887882,1.16829,LONDON_NY_OVERLAP,RECORDED,PENDING,PENDING,,,,,,
d191fd8c450765dc,2026-08-21T14:00:00+00:00,2026-08-21T14:00:05.491819+00:00,GBP/USD,H1,NEUTRAL,GBP,USD,5.863769964310165e-05,5.863769964310165e-05,-1.5089310284811725e-05,7.372700992791337e-05,1.36439,LONDON_NY_OVERLAP,NOT_TRACKED,NOT_APPLICABLE,NOT_APPLICABLE,,,,,,
dd1e7a86b0c61f0c,2026-08-21T14:00:00+00:00,2026-08-21T14:00:05.491836+00:00,NZD/USD,H1,NEUTRAL,NZD,USD,0.0003343419314933,0.0003343419314933,-1.5089310284811725e-05,0.00034943124177811173,0.59839,LONDON_NY_OVERLAP,NOT_TRACKED,NOT_APPLICABLE,NOT_APPLICABLE,,,,,,
c315f7a52f9ddfe9,2026-08-21T14:00:00+00:00,2026-08-21T14:00:05.491849+00:00,USD/CAD,H1,NEUTRAL,USD,CAD,0.0002473428827083,-1.5089310284811725e-05,-0.0002473428827083,0.00023225357242348828,1.37495,LONDON_NY_OVERLAP,NOT_TRACKED,NOT_APPLICABLE,NOT_APPLICABLE,,,,,,
b2b2b2455a0a7158,2026-08-21T14:00:00+00:00,2026-08-21T14:00:05.491863+00:00,USD/CHF,H1,NEUTRAL,USD,CHF,-6.249765633788044e-05,-1.5089310284811725e-05,6.249765633788044e-05,-7.758696662269217e-05,0.79998,LONDON_NY_OVERLAP,NOT_TRACKED,NOT_APPLICABLE,NOT_APPLICABLE,,,,,,
b9aa767aeb52fedd,2026-08-21T14:00:00+00:00,2026-08-21T14:00:05.491875+00:00,USD/JPY,H1,NEUTRAL,USD,JPY,0.0002532832016105,-1.5089310284811725e-05,-0.0002532832016105,0.00023819389132568824,158.79531,LONDON_NY_OVERLAP,NOT_TRACKED,NOT_APPLICABLE,NOT_APPLICABLE,,,,,,
d4aa13490791302e,2026-08-21T22:00:00+00:00,2026-08-21T22:00:04.212237+00:00,AUD/USD,H1,NEUTRAL,AUD,USD,-0.0001394602886827,-0.0001394602886827,-2.5858615943999993e-05,-0.0001136016727387,0.71695,LATE_NY,NOT_TRACKED,NOT_APPLICABLE,NOT_APPLICABLE,,,,,,
fb8267e160e33b79,2026-08-21T22:00:00+00:00,2026-08-21T22:00:04.212258+00:00,EUR/USD,H1,LONG,EUR,USD,0.0003853927580419,0.0003853927580419,-2.5858615943999993e-05,0.0004112513739859,1.16809,LATE_NY,RECORDED,PENDING,PENDING,,,,,,
9e251d9dfa797789,2026-08-21T22:00:00+00:00,2026-08-21T22:00:04.212272+00:00,GBP/USD,H1,NEUTRAL,GBP,USD,-0.0001172607879924,-0.0001172607879924,-2.5858615943999993e-05,-9.14021720484e-05,1.36432,LATE_NY,NOT_TRACKED,NOT_APPLICABLE,NOT_APPLICABLE,,,,,,
ae431d6a6658ca6b,2026-08-21T22:00:00+00:00,2026-08-21T22:00:04.212285+00:00,NZD/USD,H1,NEUTRAL,NZD,USD,-0.0001003461943704,-0.0001003461943704,-2.5858615943999993e-05,-7.44875784264e-05,0.59787,LATE_NY,NOT_TRACKED,NOT_APPLICABLE,NOT_APPLICABLE,,,,,,
e4441d3ed290a839,2026-08-21T22:00:00+00:00,2026-08-21T22:00:04.212295+00:00,USD/CAD,H1,NEUTRAL,USD,CAD,-0.0001743273868324,-2.5858615943999993e-05,0.0001743273868324,-0.00020018600277639997,1.37648,LATE_NY,NOT_TRACKED,NOT_APPLICABLE,NOT_APPLICABLE,,,,,,
e6f8f2907c76f8a2,2026-08-21T22:00:00+00:00,2026-08-21T22:00:04.212306+00:00,USD/CHF,H1,NEUTRAL,USD,CHF,-0.000187184126786,-2.5858615943999993e-05,0.000187184126786,-0.00021304274273,0.8012,LATE_NY,NOT_TRACKED,NOT_APPLICABLE,NOT_APPLICABLE,,,,,,
8d99d9e861d21ce2,2026-08-21T22:00:00+00:00,2026-08-21T22:00:04.212315+00:00,USD/JPY,H1,NEUTRAL,USD,JPY,0.0002088266890068,-2.5858615943999993e-05,-0.0002088266890068,0.00018296807306280002,159.01671,LATE_NY,NOT_TRACKED,NOT_APPLICABLE,NOT_APPLICABLE,,,,,,
38320118de2efcfb,2026-08-21T23:00:00+00:00,2026-08-21T23:00:03.890093+00:00,AUD/USD,H1,NEUTRAL,AUD,USD,1.3948168605398624e-05,1.3948168605398624e-05,-7.115718528814427e-05,8.51053538935429e-05,0.71695,LATE_NY,NOT_TRACKED,NOT_APPLICABLE,NOT_APPLICABLE,,,,,,
395537469bee017a,2026-08-21T23:00:00+00:00,2026-08-21T23:00:03.890114+00:00,EUR/USD,H1,LONG,EUR,USD,0.0004365653435598,0.0004365653435598,-7.115718528814427e-05,0.0005077225288479442,1.16872,LATE_NY,RECORDED,PENDING,PENDING,,,,,,
384aab6548de781f,2026-08-21T23:00:00+00:00,2026-08-21T23:00:03.890128+00:00,GBP/USD,H1,NEUTRAL,GBP,USD,-1.4660499483150671e-05,-1.4660499483150671e-05,-7.115718528814427e-05,5.6496685804993594e-05,1.36419,LATE_NY,NOT_TRACKED,NOT_APPLICABLE,NOT_APPLICABLE,,,,,,
a15046e6f73ba44f,2026-08-21T23:00:00+00:00,2026-08-21T23:00:03.890142+00:00,NZD/USD,H1,NEUTRAL,NZD,USD,-0.0001170823088631,-0.0001170823088631,-7.115718528814427e-05,-4.5925123574955734e-05,0.5978,LATE_NY,NOT_TRACKED,NOT_APPLICABLE,NOT_APPLICABLE,,,,,,
aa833ccc0cba9f87,2026-08-21T23:00:00+00:00,2026-08-21T23:00:03.890152+00:00,USD/CAD,H1,NEUTRAL,USD,CAD,-1.4530448554880762e-05,-7.115718528814427e-05,1.4530448554880762e-05,-8.568763384302503e-05,1.3764,LATE_NY,NOT_TRACKED,NOT_APPLICABLE,NOT_APPLICABLE,,,,,,
ad18334168805e18,2026-08-21T23:00:00+00:00,2026-08-21T23:00:03.890163+00:00,USD/CHF,H1,NEUTRAL,USD,CHF,1.2481278082818884e-05,-7.115718528814427e-05,-1.2481278082818884e-05,-5.8675907205325385e-05,0.80121,LATE_NY,NOT_TRACKED,NOT_APPLICABLE,NOT_APPLICABLE,,,,,,
b812d0907736cded,2026-08-21T23:00:00+00:00,2026-08-21T23:00:03.890173+00:00,USD/JPY,H1,NEUTRAL,USD,JPY,-0.000177280422726,-7.115718528814427e-05,0.000177280422726,-0.00024843760801414425,158.98542,LATE_NY,NOT_TRACKED,NOT_APPLICABLE,NOT_APPLICABLE,,,,,,
c06cb8a81f4713cf,2026-08-22T00:00:00+00:00,2026-08-22T00:00:03.303669+00:00,AUD/USD,H1,NEUTRAL,AUD,USD,-5.5792674421904205e-05,-5.5792674421904205e-05,-5.256301486172193e-05,-3.2296595601822735e-06,0.7169,ASIA,NOT_TRACKED,NOT_APPLICABLE,NOT_APPLICABLE,,,,,,
ad2dd1f92eb5f8d3,2026-08-22T00:00:00+00:00,2026-08-22T00:00:03.303691+00:00,EUR/USD,H1,LONG,EUR,USD,0.0004622575288054,0.0004622575288054,-5.256301486172193e-05,0.000514820543667122,1.16872,ASIA,RECORDED,PENDING,PENDING,,,,,,
b89c716160a9c5e9,2026-08-22T00:00:00+00:00,2026-08-22T00:00:03.303704+00:00,GBP/USD,H1,NEUTRAL,GBP,USD,3.665205471426463e-05,3.665205471426463e-05,-5.256301486172193e-05,8.921506957598657e-05,1.36423,ASIA,NOT_TRACKED,NOT_APPLICABLE,NOT_APPLICABLE,,,,,,
94ec28948a3c100c,2026-08-22T00:00:00+00:00,2026-08-22T00:00:03.303717+00:00,NZD/USD,H1,NEUTRAL,NZD,USD,-5.018232912912664e-05,-5.018232912912664e-05,-5.256301486172193e-05,2.380685732595294e-06,0.59779,ASIA,NOT_TRACKED,NOT_APPLICABLE,NOT_APPLICABLE,,,,,,
84415480168a5319,2026-08-22T00:00:00+00:00,2026-08-22T00:00:03.303728+00:00,USD/CAD,H1,NEUTRAL,USD,CAD,-5.0855461513323766e-05,-5.256301486172193e-05,5.0855461513323766e-05,-0.0001034184763750457,1.37638,ASIA,NOT_TRACKED,NOT_APPLICABLE,NOT_APPLICABLE,,,,,,
9601d8e00bdc24ba,2026-08-22T00:00:00+00:00,2026-08-22T00:00:03.303740+00:00,USD/CHF,H1,NEUTRAL,USD,CHF,2.4963179310541954e-05,-5.256301486172193e-05,-2.4963179310541954e-05,-2.7599835551179977e-05,0.8012,ASIA,NOT_TRACKED,NOT_APPLICABLE,NOT_APPLICABLE,,,,,,
24dbfc991a57fc1b,2026-08-22T00:00:00+00:00,2026-08-22T00:00:03.303750+00:00,USD/JPY,H1,NEUTRAL,USD,JPY,5.0885758139362085e-05,-5.256301486172193e-05,-5.0885758139362085e-05,-1.6772567223598462e-06,158.99167,ASIA,NOT_TRACKED,NOT_APPLICABLE,NOT_APPLICABLE,,,,,,
f2025ea617cdaa72,2026-08-22T01:00:00+00:00,2026-08-22T01:00:03.106406+00:00,AUD/USD,H1,NEUTRAL,AUD,USD,0.000167380357915,0.000167380357915,-2.2044485697627768e-05,0.00018942484361262777,0.71705,ASIA,NOT_TRACKED,NOT_APPLICABLE,NOT_APPLICABLE,,,,,,
71182a2972651155,2026-08-22T01:00:00+00:00,2026-08-22T01:00:03.106427+00:00,EUR/USD,H1,SHORT,EUR,USD,-0.0004451406901391,-0.0004451406901391,-2.2044485697627768e-05,-0.00042309620444147224,1.16765,ASIA,RECORDED,PENDING,PENDING,,,,,,
7482a0092c78b1ce,2026-08-22T01:00:00+00:00,2026-08-22T01:00:03.106441+00:00,GBP/USD,H1,NEUTRAL,GBP,USD,0.0002858839311238,0.0002858839311238,-2.2044485697627768e-05,0.00030792841682142775,1.36458,ASIA,NOT_TRACKED,NOT_APPLICABLE,NOT_APPLICABLE,,,,,,
c45ce5704d00cd71,2026-08-22T01:00:00+00:00,2026-08-22T01:00:03.106455+00:00,NZD/USD,H1,NEUTRAL,NZD,USD,0.000184004951406,0.000184004951406,-2.2044485697627768e-05,0.00020604943710362777,0.59792,ASIA,NOT_TRACKED,NOT_APPLICABLE,NOT_APPLICABLE,,,,,,
6f63807035e4ad2b,2026-08-22T01:00:00+00:00,2026-08-22T01:00:03.106466+00:00,USD/CAD,H1,NEUTRAL,USD,CAD,0.0001743615823313,-2.2044485697627768e-05,-0.0001743615823313,0.00015231709663367224,1.37669,ASIA,NOT_TRACKED,NOT_APPLICABLE,NOT_APPLICABLE,,,,,,
bd8ba049a5da9ab1,2026-08-22T01:00:00+00:00,2026-08-22T01:00:03.106477+00:00,USD/CHF,H1,NEUTRAL,USD,CHF,-0.0001372991999201,-2.2044485697627768e-05,0.0001372991999201,-0.00015934368561772776,0.80106,ASIA,NOT_TRACKED,NOT_APPLICABLE,NOT_APPLICABLE,,,,,,
9d06214afb205b44,2026-08-22T01:00:00+00:00,2026-08-22T01:00:03.106490+00:00,USD/JPY,H1,NEUTRAL,USD,JPY,7.547680111055806e-07,-2.2044485697627768e-05,-7.547680111055806e-07,-2.1289717686522186e-05,158.98937,ASIA,NOT_TRACKED,NOT_APPLICABLE,NOT_APPLICABLE,,,,,,
87db497f208c4b4f,2026-08-22T01:00:00+00:00,2026-08-22T01:05:02.965689+00:00,AUD/USD,H4,NEUTRAL,AUD,USD,1.3946028868371122e-05,1.3946028868371122e-05,-5.952336910351399e-05,7.346939797188511e-05,0.71706,ASIA,NOT_TRACKED,NOT_APPLICABLE,NOT_APPLICABLE,,,,,,
9cb4cd35fa187217,2026-08-22T01:00:00+00:00,2026-08-22T01:05:02.965709+00:00,EUR/USD,H4,NEUTRAL,EUR,USD,0.0,0.0,-5.952336910351399e-05,5.952336910351399e-05,1.16764,ASIA,NOT_TRACKED,NOT_APPLICABLE,NOT_APPLICABLE,,,,,,
9d8abd841c5a05d0,2026-08-22T01:00:00+00:00,2026-08-22T01:05:02.965722+00:00,GBP/USD,H4,NEUTRAL,GBP,USD,5.8630393996306297e-05,5.8630393996306297e-05,-5.952336910351399e-05,0.00011815376309982028,1.36456,ASIA,NOT_TRACKED,NOT_APPLICABLE,NOT_APPLICABLE,,,,,,
b5c7076d135fbdd5,2026-08-22T01:00:00+00:00,2026-08-22T01:05:02.965736+00:00,NZD/USD,H4,NEUTRAL,NZD,USD,1.6724365728539316e-05,1.6724365728539316e-05,-5.952336910351399e-05,7.62477348320533e-05,0.59794,ASIA,NOT_TRACKED,NOT_APPLICABLE,NOT_APPLICABLE,,,,,,
235a56f4d1bfef85,2026-08-22T01:00:00+00:00,2026-08-22T01:05:02.965746+00:00,USD/CAD,H4,NEUTRAL,USD,CAD,-7.263641117905942e-06,-5.952336910351399e-05,7.263641117905942e-06,-6.678701022141992e-05,1.37671,ASIA,NOT_TRACKED,NOT_APPLICABLE,NOT_APPLICABLE,,,,,,
37b3343b73be3208,2026-08-22T01:00:00+00:00,2026-08-22T01:05:02.965757+00:00,USD/CHF,H4,NEUTRAL,USD,CHF,-0.0003494103700006,-5.952336910351399e-05,0.0003494103700006,-0.000408933739104114,0.80107,ASIA,NOT_TRACKED,NOT_APPLICABLE,NOT_APPLICABLE,,,,,,
f297d6e3c4bedbed,2026-08-22T01:00:00+00:00,2026-08-22T01:05:02.965767+00:00,USD/JPY,H4,NEUTRAL,USD,JPY,2.931121598712482e-05,-5.952336910351399e-05,-2.931121598712482e-05,-3.0212153116389168e-05,158.98817,ASIA,NOT_TRACKED,NOT_APPLICABLE,NOT_APPLICABLE,,,,,,
a2d1400b9b6d4988,2026-08-22T02:00:00+00:00,2026-08-22T02:00:03.277606+00:00,AUD/USD,H1,NEUTRAL,AUD,USD,-1.3946028868216287e-05,-1.3946028868216287e-05,1.299507494703361e-05,-2.69411038152499e-05,0.71704,ASIA,NOT_TRACKED,NOT_APPLICABLE,NOT_APPLICABLE,,,,,,
88d0628873c8031f,2026-08-22T02:00:00+00:00,2026-08-22T02:00:03.277628+00:00,EUR/USD,H1,NEUTRAL,EUR,USD,-2.5693070578843035e-05,-2.5693070578843035e-05,1.299507494703361e-05,-3.868814552587665e-05,1.1676,ASIA,NOT_TRACKED,NOT_APPLICABLE,NOT_APPLICABLE,,,,,,
2077dd18d78baa70,2026-08-22T02:00:00+00:00,2026-08-22T02:00:03.277643+00:00,GBP/USD,H1,NEUTRAL,GBP,USD,-2.198526986916895e-05,-2.198526986916895e-05,1.299507494703361e-05,-3.498034481620256e-05,1.36452,ASIA,NOT_TRACKED,NOT_APPLICABLE,NOT_APPLICABLE,,,,,,
824830862860fceb,2026-08-22T02:00:00+00:00,2026-08-22T02:00:03.277655+00:00,NZD/USD,H1,NEUTRAL,NZD,USD,0.0,0.0,1.299507494703361e-05,-1.299507494703361e-05,0.59792,ASIA,NOT_TRACKED,NOT_APPLICABLE,NOT_APPLICABLE,,,,,,
d20f81ce5be37b64,2026-08-22T02:00:00+00:00,2026-08-22T02:00:03.277667+00:00,USD/CAD,H1,NEUTRAL,USD,CAD,7.2637994029632755e-06,1.299507494703361e-05,-7.2637994029632755e-06,2.0258874349996886e-05,1.3767,ASIA,NOT_TRACKED,NOT_APPLICABLE,NOT_APPLICABLE,,,,,,
3e7160d857b78404,2026-08-22T02:00:00+00:00,2026-08-22T02:00:03.277678+00:00,USD/CHF,H1,NEUTRAL,USD,CHF,0.0,1.299507494703361e-05,0.0,1.299507494703361e-05,0.80106,ASIA,NOT_TRACKED,NOT_APPLICABLE,NOT_APPLICABLE,,,,,,
684bc184ce969eff,2026-08-22T02:00:00+00:00,2026-08-22T02:00:03.277688+00:00,USD/JPY,H1,NEUTRAL,USD,JPY,2.2077355910043728e-05,1.299507494703361e-05,-2.2077355910043728e-05,3.507243085707734e-05,158.98994,ASIA,NOT_TRACKED,NOT_APPLICABLE,NOT_APPLICABLE,,,,,,
13e3ee710a4ac133,2026-08-22T03:00:00+00:00,2026-08-22T03:00:03.242356+00:00,AUD/USD,H1,NEUTRAL,AUD,USD,1.3946223362649907e-05,1.3946223362649907e-05,-1.2851580910377575e-05,2.6797804273027485e-05,0.71705,ASIA,NOT_TRACKED,NOT_APPLICABLE,NOT_APPLICABLE,,,,,,
f914bee5fb6d576e,2026-08-22T03:00:00+00:00,2026-08-22T03:00:03.242378+00:00,EUR/USD,H1,NEUTRAL,EUR,USD,7.708053202689552e-05,7.708053202689552e-05,-1.2851580910377575e-05,8.993211293727309e-05,1.1677,ASIA,NOT_TRACKED,NOT_APPLICABLE,NOT_APPLICABLE,,,,,,
d155baa41abe0db9,2026-08-22T03:00:00+00:00,2026-08-22T03:00:03.242392+00:00,GBP/USD,H1,NEUTRAL,GBP,USD,-7.328530702878572e-05,-7.328530702878572e-05,-1.2851580910377575e-05,-6.043372611840815e-05,1.36443,ASIA,NOT_TRACKED,NOT_APPLICABLE,NOT_APPLICABLE,,,,,,
468ede49c5f54981,2026-08-22T03:00:00+00:00,2026-08-22T03:00:03.242406+00:00,NZD/USD,H1,NEUTRAL,NZD,USD,-1.672464543744061e-05,-1.672464543744061e-05,-1.2851580910377575e-05,-3.8730645270630345e-06,0.59791,ASIA,NOT_TRACKED,NOT_APPLICABLE,NOT_APPLICABLE,,,,,,
db857c1b506f6907,2026-08-22T03:00:00+00:00,2026-08-22T03:00:03.242417+00:00,USD/CAD,H1,NEUTRAL,USD,CAD,1.452738775770422e-05,-1.2851580910377575e-05,-1.452738775770422e-05,1.675806847326644e-06,1.37673,ASIA,NOT_TRACKED,NOT_APPLICABLE,NOT_APPLICABLE,,,,,,
237b5c35620626f8,2026-08-22T03:00:00+00:00,2026-08-22T03:00:03.242428+00:00,USD/CHF,H1,NEUTRAL,USD,CHF,2.4966918832571844e-05,-1.2851580910377575e-05,-2.4966918832571844e-05,1.2115337922194269e-05,0.80108,ASIA,NOT_TRACKED,NOT_APPLICABLE,NOT_APPLICABLE,,,,,,
7c0fff184a42ee47,2026-08-22T03:00:00+00:00,2026-08-22T03:00:03.242438+00:00,USD/JPY,H1,NEUTRAL,USD,JPY,-0.0001284385700396,-1.2851580910377575e-05,0.0001284385700396,-0.00014129015094997759,158.96609,ASIA,NOT_TRACKED,NOT_APPLICABLE,NOT_APPLICABLE,,,,,,
80b8fa23cbe07cee,2026-08-22T11:00:00+00:00,2026-08-22T11:00:05.355002+00:00,AUD/USD,H1,NEUTRAL,AUD,USD,1.3946417862663364e-05,1.3946417862663364e-05,-6.101489412714988e-08,1.4007432756790514e-05,0.71704,LONDON,NOT_TRACKED,NOT_APPLICABLE,NOT_APPLICABLE,,,,,,
816f27d28e78d06f,2026-08-22T11:00:00+00:00,2026-08-22T11:00:05.355024+00:00,EUR/USD,H1,NEUTRAL,EUR,USD,5.138658125070569e-05,5.138658125070569e-05,-6.101489412714988e-08,5.1447596144832836e-05,1.16768,LONDON,NOT_TRACKED,NOT_APPLICABLE,NOT_APPLICABLE,,,,,,
0cc2c571c4da95cd,2026-08-22T11:00:00+00:00,2026-08-22T11:00:05.355038+00:00,GBP/USD,H1,NEUTRAL,GBP,USD,-7.328423289614501e-06,-7.328423289614501e-06,-6.101489412714988e-08,-7.2674083954873516e-06,1.36454,LONDON,NOT_TRACKED,NOT_APPLICABLE,NOT_APPLICABLE,,,,,,
10d2f3fe7bcbbfa1,2026-08-22T11:00:00+00:00,2026-08-22T11:00:05.355051+00:00,NZD/USD,H1,NEUTRAL,NZD,USD,0.0,0.0,-6.101489412714988e-08,6.101489412714988e-08,0.59794,LONDON,NOT_TRACKED,NOT_APPLICABLE,NOT_APPLICABLE,,,,,,
5b9dcad341decf6f,2026-08-22T11:00:00+00:00,2026-08-22T11:00:05.355062+00:00,USD/CAD,H1,NEUTRAL,USD,CAD,2.9054564472107623e-05,-6.101489412714988e-08,-2.9054564472107623e-05,2.8993549577980474e-05,1.37676,LONDON,NOT_TRACKED,NOT_APPLICABLE,NOT_APPLICABLE,,,,,,
98c12874a50e82dd,2026-08-22T11:00:00+00:00,2026-08-22T11:00:05.355073+00:00,USD/CHF,H1,NEUTRAL,USD,CHF,1.248377109765494e-05,-6.101489412714988e-08,-1.248377109765494e-05,1.2422756203527789e-05,0.80105,LONDON,NOT_TRACKED,NOT_APPLICABLE,NOT_APPLICABLE,,,,,,
75f04dfd48345585,2026-08-22T11:00:00+00:00,2026-08-22T11:00:05.355083+00:00,USD/JPY,H1,NEUTRAL,USD,JPY,1.6039135995101943e-05,-6.101489412714988e-08,-1.6039135995101943e-05,1.5978121100974794e-05,158.98867,LONDON,NOT_TRACKED,NOT_APPLICABLE,NOT_APPLICABLE,,,,,,
878346d59d4273a1,2026-08-22T13:00:00+00:00,2026-08-22T13:00:05.418160+00:00,AUD/USD,H1,NEUTRAL,AUD,USD,8.367850717551568e-05,8.367850717551568e-05,-9.114050467842084e-05,0.0001748190118539365,0.71709,LONDON_NY_OVERLAP,NOT_TRACKED,NOT_APPLICABLE,NOT_APPLICABLE,,,,,,
a583d72406cf5806,2026-08-22T13:00:00+00:00,2026-08-22T13:00:05.418182+00:00,EUR/USD,H1,LONG,EUR,USD,0.0006849608288025,0.0006849608288025,-9.114050467842084e-05,0.0007761013334809209,1.16875,LONDON_NY_OVERLAP,RECORDED,PENDING,PENDING,,,,,,
498a55a2fcac197d,2026-08-22T13:00:00+00:00,2026-08-22T13:00:05.418196+00:00,GBP/USD,H1,NEUTRAL,GBP,USD,8.061856425670014e-05,8.061856425670014e-05,-9.114050467842084e-05,0.00017175906893512096,1.36456,LONDON_NY_OVERLAP,NOT_TRACKED,NOT_APPLICABLE,NOT_APPLICABLE,,,,,,
d0edc1205eee7fed,2026-08-22T13:00:00+00:00,2026-08-22T13:00:05.418209+00:00,NZD/USD,H1,NEUTRAL,NZD,USD,1.6724365728539316e-05,1.6724365728539316e-05,-9.114050467842084e-05,0.00010786487040696015,0.59794,LONDON_NY_OVERLAP,NOT_TRACKED,NOT_APPLICABLE,NOT_APPLICABLE,,,,,,
8bc5e18eb3f786f9,2026-08-22T13:00:00+00:00,2026-08-22T13:00:05.418220+00:00,USD/CAD,H1,NEUTRAL,USD,CAD,0.0001961425302386,-9.114050467842084e-05,-0.0001961425302386,0.00010500202556017916,1.37682,LONDON_NY_OVERLAP,NOT_TRACKED,NOT_APPLICABLE,NOT_APPLICABLE,,,,,,
174be55ec9e166f0,2026-08-22T13:00:00+00:00,2026-08-22T13:00:05.418231+00:00,USD/CHF,H1,NEUTRAL,USD,CHF,1.2483147750479964e-05,-9.114050467842084e-05,-1.2483147750479964e-05,-7.865735692794087e-05,0.80109,LONDON_NY_OVERLAP,NOT_TRACKED,NOT_APPLICABLE,NOT_APPLICABLE,,,,,,
3de171db2ff10f99,2026-08-22T13:00:00+00:00,2026-08-22T13:00:05.418241+00:00,USD/JPY,H1,NEUTRAL,USD,JPY,1.9373055225229357e-05,-9.114050467842084e-05,-1.9373055225229357e-05,-7.176744945319148e-05,158.98678,LONDON_NY_OVERLAP,NOT_TRACKED,NOT_APPLICABLE,NOT_APPLICABLE,,,,,,
06df4c4b24fb4e90,2026-08-22T13:00:00+00:00,2026-08-22T13:05:03.790568+00:00,AUD/USD,H4,NEUTRAL,AUD,USD,-6.973306183927156e-05,-6.973306183927156e-05,-5.698311506722176e-06,-6.403475033254938e-05,0.71697,LONDON_NY_OVERLAP,NOT_TRACKED,NOT_APPLICABLE,NOT_APPLICABLE,,,,,,
fb27d7f7cff113c3,2026-08-22T13:00:00+00:00,2026-08-22T13:05:03.790592+00:00,EUR/USD,H4,NEUTRAL,EUR,USD,0.0003340099175253,0.0003340099175253,-5.698311506722176e-06,0.00033970822903202217,1.16802,LONDON_NY_OVERLAP,NOT_TRACKED,NOT_APPLICABLE,NOT_APPLICABLE,,,,,,
95df1c59c939e536,2026-08-22T13:00:00+00:00,2026-08-22T13:05:03.790607+00:00,GBP/USD,H4,NEUTRAL,GBP,USD,-1.4658565366140898e-05,-1.4658565366140898e-05,-5.698311506722176e-06,-8.960253859418721e-06,1.36437,LONDON_NY_OVERLAP,NOT_TRACKED,NOT_APPLICABLE,NOT_APPLICABLE,,,,,,
c8f7509f63694c68,2026-08-22T13:00:00+00:00,2026-08-22T13:05:03.790621+00:00,NZD/USD,H4,NEUTRAL,NZD,USD,-1.6724086028808095e-05,-1.6724086028808095e-05,-5.698311506722176e-06,-1.1025774522085919e-05,0.59793,LONDON_NY_OVERLAP,NOT_TRACKED,NOT_APPLICABLE,NOT_APPLICABLE,,,,,,
d4f563293bf7d7dc,2026-08-22T13:00:00+00:00,2026-08-22T13:05:03.790633+00:00,USD/CAD,H4,NEUTRAL,USD,CAD,0.000123482795941,-5.698311506722176e-06,-0.000123482795941,0.00011778448443427782,1.37688,LONDON_NY_OVERLAP,NOT_TRACKED,NOT_APPLICABLE,NOT_APPLICABLE,,,,,,
41e42106d813a68a,2026-08-22T13:00:00+00:00,2026-08-22T13:05:03.790644+00:00,USD/CHF,H4,NEUTRAL,USD,CHF,8.738639768303018e-05,-5.698311506722176e-06,-8.738639768303018e-05,8.1688086176308e-05,0.80111,LONDON_NY_OVERLAP,NOT_TRACKED,NOT_APPLICABLE,NOT_APPLICABLE,,,,,,
921e97631fcd4c65,2026-08-22T13:00:00+00:00,2026-08-22T13:05:03.790655+00:00,USD/JPY,H4,NEUTRAL,USD,JPY,-1.7863169880005928e-05,-5.698311506722176e-06,1.7863169880005928e-05,-2.3561481386728104e-05,158.9835,LONDON_NY_OVERLAP,NOT_TRACKED,NOT_APPLICABLE,NOT_APPLICABLE,,,,,,
8699306cf4b1180d,2026-08-23T04:00:00+00:00,2026-08-23T04:00:07.242680+00:00,AUD/USD,H1,NEUTRAL,AUD,USD,-1.3946223362804742e-05,-1.3946223362804742e-05,2.1425930477371963e-05,-3.537215384017671e-05,0.71703,ASIA,NOT_TRACKED,NOT_APPLICABLE,NOT_APPLICABLE,,,,,,
10618cac827fa807,2026-08-23T04:00:00+00:00,2026-08-23T04:00:07.242710+00:00,EUR/USD,H1,NEUTRAL,EUR,USD,0.0001540752914589,0.0001540752914589,2.1425930477371963e-05,0.00013264936098152805,1.16844,ASIA,NOT_TRACKED,NOT_APPLICABLE,NOT_APPLICABLE,,,,,,
d788bc6f7d308582,2026-08-23T04:00:00+00:00,2026-08-23T04:00:07.242729+00:00,GBP/USD,H1,NEUTRAL,GBP,USD,-8.795719416559408e-05,-8.795719416559408e-05,2.1425930477371963e-05,-0.00010938312464296604,1.36418,ASIA,NOT_TRACKED,NOT_APPLICABLE,NOT_APPLICABLE,,,,,,
cbfe06b109e71f8b,2026-08-23T04:00:00+00:00,2026-08-23T04:00:07.242747+00:00,NZD/USD,H1,NEUTRAL,NZD,USD,-1.672520488368371e-05,-1.672520488368371e-05,2.1425930477371963e-05,-3.815113536105567e-05,0.59789,ASIA,NOT_TRACKED,NOT_APPLICABLE,NOT_APPLICABLE,,,,,,
e3040daf30415196,2026-08-23T04:00:00+00:00,2026-08-23T04:00:07.242761+00:00,USD/CAD,H1,NEUTRAL,USD,CAD,0.0001888875973498,2.1425930477371963e-05,-0.0001888875973498,0.00021031352782717195,1.37674,ASIA,NOT_TRACKED,NOT_APPLICABLE,NOT_APPLICABLE,,,,,,
92edb9a81cd58b9c,2026-08-23T04:00:00+00:00,2026-08-23T04:00:07.242778+00:00,USD/CHF,H1,NEUTRAL,USD,CHF,0.0,2.1425930477371963e-05,0.0,2.1425930477371963e-05,0.80112,ASIA,NOT_TRACKED,NOT_APPLICABLE,NOT_APPLICABLE,,,,,,
6b3bc65ade0d1890,2026-08-23T04:00:00+00:00,2026-08-23T04:00:07.242794+00:00,USD/JPY,H1,NEUTRAL,USD,JPY,-3.4594149613787595e-06,2.1425930477371963e-05,3.4594149613787595e-06,1.7966515515993202e-05,158.98587,ASIA,NOT_TRACKED,NOT_APPLICABLE,NOT_APPLICABLE,,,,,,
d28e7dfd00618f30,2026-08-23T14:00:00+00:00,2026-08-23T14:00:07.147990+00:00,AUD/USD,H1,NEUTRAL,AUD,USD,8.37252138482341e-05,8.37252138482341e-05,7.047070992646578e-06,7.667814285558752e-05,0.71669,LONDON_NY_OVERLAP,NOT_TRACKED,NOT_APPLICABLE,NOT_APPLICABLE,,,,,,
d87fd7dfaf7c5efe,2026-08-23T14:00:00+00:00,2026-08-23T14:00:07.148020+00:00,EUR/USD,H1,NEUTRAL,EUR,USD,-0.0002054161388613,-0.0002054161388613,7.047070992646578e-06,-0.00021246320985394659,1.16812,LONDON_NY_OVERLAP,NOT_TRACKED,NOT_APPLICABLE,NOT_APPLICABLE,,,,,,
5099cfddaabb4edd,2026-08-23T14:00:00+00:00,2026-08-23T14:00:07.148039+00:00,GBP/USD,H1,NEUTRAL,GBP,USD,3.665366683290731e-05,3.665366683290731e-05,7.047070992646578e-06,2.960659584026073e-05,1.36417,LONDON_NY_OVERLAP,NOT_TRACKED,NOT_APPLICABLE,NOT_APPLICABLE,,,,,,
db29b64e260b799c,2026-08-23T14:00:00+00:00,2026-08-23T14:00:07.148057+00:00,NZD/USD,H1,NEUTRAL,NZD,USD,-5.0186526590452e-05,-5.0186526590452e-05,7.047070992646578e-06,-5.723359758309858e-05,0.59774,LONDON_NY_OVERLAP,NOT_TRACKED,NOT_APPLICABLE,NOT_APPLICABLE,,,,,,
b078acc0c8fa6d21,2026-08-23T14:00:00+00:00,2026-08-23T14:00:07.148072+00:00,USD/CAD,H1,NEUTRAL,USD,CAD,-0.0001089482858803,7.047070992646578e-06,0.0001089482858803,-0.00010190121488765342,1.37665,LONDON_NY_OVERLAP,NOT_TRACKED,NOT_APPLICABLE,NOT_APPLICABLE,,,,,,
5ddef29f351f1624,2026-08-23T14:00:00+00:00,2026-08-23T14:00:07.148086+00:00,USD/CHF,H1,NEUTRAL,USD,CHF,4.99157671429962e-05,7.047070992646578e-06,-4.99157671429962e-05,5.696283813564278e-05,0.80139,LONDON_NY_OVERLAP,NOT_TRACKED,NOT_APPLICABLE,NOT_APPLICABLE,,,,,,
2468798a72f718a7,2026-08-23T14:00:00+00:00,2026-08-23T14:00:07.148100+00:00,USD/JPY,H1,NEUTRAL,USD,JPY,-2.6861769084780747e-05,7.047070992646578e-06,2.6861769084780747e-05,-1.981469809213417e-05,158.95771,LONDON_NY_OVERLAP,NOT_TRACKED,NOT_APPLICABLE,NOT_APPLICABLE,,,,,,
70f202b8d59457ce,2026-08-23T18:00:00+00:00,2026-08-23T18:00:06.198767+00:00,AUD/USD,H1,NEUTRAL,AUD,USD,-4.183575283433668e-05,-4.183575283433668e-05,1.1620187468711686e-05,-5.3455940303048365e-05,0.71706,NEW_YORK,NOT_TRACKED,NOT_APPLICABLE,NOT_APPLICABLE,,,,,,
d2f1d194e1c3fc85,2026-08-23T18:00:00+00:00,2026-08-23T18:00:06.198802+00:00,EUR/USD,H1,NEUTRAL,EUR,USD,1.71290071170245e-05,1.71290071170245e-05,1.1620187468711686e-05,5.508819648312815e-06,1.16763,NEW_YORK,NOT_TRACKED,NOT_APPLICABLE,NOT_APPLICABLE,,,,,,
bf3c62ce38d2b16d,2026-08-23T18:00:00+00:00,2026-08-23T18:00:06.198821+00:00,GBP/USD,H1,NEUTRAL,GBP,USD,7.33078710661083e-05,7.33078710661083e-05,1.1620187468711686e-05,6.168768359739662e-05,1.36421,NEW_YORK,NOT_TRACKED,NOT_APPLICABLE,NOT_APPLICABLE,,,,,,
96b725394aa6db3c,2026-08-23T18:00:00+00:00,2026-08-23T18:00:06.198837+00:00,NZD/USD,H1,NEUTRAL,NZD,USD,8.362742310457524e-05,8.362742310457524e-05,1.1620187468711686e-05,7.200723563586355e-05,0.59794,NEW_YORK,NOT_TRACKED,NOT_APPLICABLE,NOT_APPLICABLE,,,,,,
6a439c03dbe4a56b,2026-08-23T18:00:00+00:00,2026-08-23T18:00:06.198851+00:00,USD/CAD,H1,NEUTRAL,USD,CAD,0.0001162283887839,1.1620187468711686e-05,-0.0001162283887839,0.0001278485762526117,1.37676,NEW_YORK,NOT_TRACKED,NOT_APPLICABLE,NOT_APPLICABLE,,,,,,
596aa06907c324b8,2026-08-23T18:00:00+00:00,2026-08-23T18:00:06.198864+00:00,USD/CHF,H1,NEUTRAL,USD,CHF,7.488673381517955e-05,1.1620187468711686e-05,-7.488673381517955e-05,8.650692128389123e-05,0.80127,NEW_YORK,NOT_TRACKED,NOT_APPLICABLE,NOT_APPLICABLE,,,,,,
020d29657453f5d7,2026-08-23T18:00:00+00:00,2026-08-23T18:00:06.198877+00:00,USD/JPY,H1,NEUTRAL,USD,JPY,2.2454738135273622e-05,1.1620187468711686e-05,-2.2454738135273622e-05,3.407492560398531e-05,158.99006,NEW_YORK,NOT_TRACKED,NOT_APPLICABLE,NOT_APPLICABLE,,,,,,
1144de2445425d7f,2026-08-23T19:00:00+00:00,2026-08-23T19:00:06.936408+00:00,AUD/USD,H1,NEUTRAL,AUD,USD,-4.18380866048037e-05,-4.18380866048037e-05,-0.00013206940102629291,9.023131442148922e-05,0.71702,NEW_YORK,NOT_TRACKED,NOT_APPLICABLE,NOT_APPLICABLE,,,,,,
3ff022d779b7e8d1,2026-08-23T19:00:00+00:00,2026-08-23T19:00:06.936436+00:00,EUR/USD,H1,NEUTRAL,EUR,USD,1.712915381991352e-05,1.712915381991352e-05,-0.00013206940102629291,0.00014919855484620643,1.16762,NEW_YORK,NOT_TRACKED,NOT_APPLICABLE,NOT_APPLICABLE,,,,,,
95041048146601d1,2026-08-23T19:00:00+00:00,2026-08-23T19:00:06.936453+00:00,GBP/USD,H1,NEUTRAL,GBP,USD,0.0002345714306657,0.0002345714306657,-0.00013206940102629291,0.00036664083169199294,1.36451,NEW_YORK,NOT_TRACKED,NOT_APPLICABLE,NOT_APPLICABLE,,,,,,
76cc4d2b984799b3,2026-08-23T19:00:00+00:00,2026-08-23T19:00:06.936467+00:00,NZD/USD,H1,NEUTRAL,NZD,USD,1.6724365728539316e-05,1.6724365728539316e-05,-0.00013206940102629291,0.00014879376675483224,0.59794,NEW_YORK,NOT_TRACKED,NOT_APPLICABLE,NOT_APPLICABLE,,,,,,
2da636974b0ff582,2026-08-23T19:00:00+00:00,2026-08-23T19:00:06.936480+00:00,USD/CAD,H1,NEUTRAL,USD,CAD,4.3581530147486425e-05,-0.00013206940102629291,-4.3581530147486425e-05,-8.848787087880648e-05,1.37679,NEW_YORK,NOT_TRACKED,NOT_APPLICABLE,NOT_APPLICABLE,,,,,,
c4d0926cf295b358,2026-08-23T19:00:00+00:00,2026-08-23T19:00:06.936493+00:00,USD/CHF,H1,NEUTRAL,USD,CHF,-7.488299531988769e-05,-0.00013206940102629291,7.488299531988769e-05,-0.0002069523963461806,0.80119,NEW_YORK,NOT_TRACKED,NOT_APPLICABLE,NOT_APPLICABLE,,,,,,
e1b10a9228396a8e,2026-08-23T19:00:00+00:00,2026-08-23T19:00:06.936506+00:00,USD/JPY,H1,SHORT,USD,JPY,-0.0006665974784023,-0.00013206940102629291,0.0006665974784023,-0.0007986668794285928,158.88052,NEW_YORK,RECORDED,PENDING,PENDING,,,,,,
d0db1a9eacd62a38,2026-08-23T21:00:00+00:00,2026-08-23T21:00:05.798900+00:00,AUD/USD,H1,NEUTRAL,AUD,USD,-0.0001953261248692,-0.0001953261248692,0.00014651854615256734,-0.00034184467102176734,0.71661,LATE_NY,NOT_TRACKED,NOT_APPLICABLE,NOT_APPLICABLE,,,,,,
ed7a24e485216365,2026-08-23T21:00:00+00:00,2026-08-23T21:00:05.798933+00:00,EUR/USD,H1,NEUTRAL,EUR,USD,0.0001798807647502,0.0001798807647502,0.00014651854615256734,3.336221859763267e-05,1.16765,LATE_NY,NOT_TRACKED,NOT_APPLICABLE,NOT_APPLICABLE,,,,,,
84a79e2587459acc,2026-08-23T21:00:00+00:00,2026-08-23T21:00:05.798954+00:00,GBP/USD,H1,LONG,GBP,USD,0.0006310398215478,0.0006310398215478,0.00014651854615256734,0.0004845212753952326,1.36369,LATE_NY,RECORDED,PENDING,PENDING,,,,,,
3e9105432a55adc7,2026-08-23T21:00:00+00:00,2026-08-23T21:00:05.798971+00:00,NZD/USD,H1,SHORT,NZD,USD,-0.0011036235640352,-0.0011036235640352,0.00014651854615256734,-0.0012501421101877674,0.59737,LATE_NY,RECORDED,PENDING,PENDING,,,,,,
b24d53ee83ef425f,2026-08-23T21:00:00+00:00,2026-08-23T21:00:05.798989+00:00,USD/CAD,H1,SHORT,USD,CAD,-0.0006156788039896,0.00014651854615256734,0.0006156788039896,-0.00046916025783703264,1.37974,LATE_NY,RECORDED,PENDING,PENDING,,,,,,
dbf8b6734a2b4fc2,2026-08-23T21:00:00+00:00,2026-08-23T21:00:05.799011+00:00,USD/CHF,H1,LONG,USD,CHF,0.0011114580081174,0.00014651854615256734,-0.0011114580081174,0.0012579765542699674,0.80164,LATE_NY,RECORDED,PENDING,PENDING,,,,,,
88295c3bd3a4a03a,2026-08-23T21:00:00+00:00,2026-08-23T21:00:05.799029+00:00,USD/JPY,H1,NEUTRAL,USD,JPY,4.1821516333771134e-05,0.00014651854615256734,-4.1821516333771134e-05,0.00018834006248633848,159.01571,LATE_NY,NOT_TRACKED,NOT_APPLICABLE,NOT_APPLICABLE,,,,,,
f920e5df41591259,2026-08-23T21:00:00+00:00,2026-08-23T21:05:04.646570+00:00,AUD/USD,H4,SHORT,AUD,USD,-0.000599645790626,-0.000599645790626,0.0006392987222921429,-0.001238944512918143,0.71666,LATE_NY,RECORDED,PENDING,PENDING,,,,,,
fc7404c3bb170103,2026-08-23T21:00:00+00:00,2026-08-23T21:05:04.646597+00:00,EUR/USD,H4,SHORT,EUR,USD,0.0,0.0,0.0006392987222921429,-0.0006392987222921429,1.16761,LATE_NY,RECORDED,PENDING,PENDING,,,,,,
8fdacfb9127f150a,2026-08-23T21:00:00+00:00,2026-08-23T21:05:04.646612+00:00,GBP/USD,H4,SHORT,GBP,USD,-0.0004325164392899,-0.0004325164392899,0.0006392987222921429,-0.001071815161582043,1.36352,LATE_NY,RECORDED,PENDING,PENDING,,,,,,
f93d57dfcd30b280,2026-08-23T21:00:00+00:00,2026-08-23T21:05:04.646624+00:00,NZD/USD,H4,SHORT,NZD,USD,-0.0008195487464249,-0.0008195487464249,0.0006392987222921429,-0.001458847468717043,0.5974,LATE_NY,RECORDED,PENDING,PENDING,,,,,,
537a8bbcf4b28a8f,2026-08-23T21:00:00+00:00,2026-08-23T21:05:04.646636+00:00,USD/CAD,H4,LONG,USD,CAD,0.0019613540607292,0.0006392987222921429,-0.0019613540607292,0.0026006527830213432,1.3793,LATE_NY,RECORDED,PENDING,PENDING,,,,,,
0fd69ef6b30e3861,2026-08-23T21:00:00+00:00,2026-08-23T21:05:04.646648+00:00,USD/CHF,H4,LONG,USD,CHF,0.0004992448921007,0.0006392987222921429,-0.0004992448921007,0.001138543614392843,0.80161,LATE_NY,RECORDED,PENDING,PENDING,,,,,,
2ddad13ccee4be3a,2026-08-23T21:00:00+00:00,2026-08-23T21:05:04.646660+00:00,USD/JPY,H4,LONG,USD,JPY,0.0001627811268743,0.0006392987222921429,-0.0001627811268743,0.0008020798491664429,159.01237,LATE_NY,RECORDED,PENDING,PENDING,,,,,,
65b30ffa52bf5131,2026-08-23T00:00:00+00:00,2026-08-23T21:10:14.868509+00:00,EUR/USD,D1,NEUTRAL,EUR,USD,0.000205542804289,0.000205542804289,-0.00013491532342758614,0.00034045812771658614,1.16788,ASIA,NOT_TRACKED,NOT_APPLICABLE,NOT_APPLICABLE,,,,,,
e11c9e426fa2cc75,2026-08-23T00:00:00+00:00,2026-08-23T21:10:14.868539+00:00,GBP/USD,D1,NEUTRAL,GBP,USD,-3.6643996247569386e-05,-3.6643996247569386e-05,-0.00013491532342758614,9.827132718001676e-05,1.36443,ASIA,NOT_TRACKED,NOT_APPLICABLE,NOT_APPLICABLE,,,,,,
6e191c2eff15338b,2026-08-23T00:00:00+00:00,2026-08-23T21:10:14.868553+00:00,NZD/USD,D1,NEUTRAL,NZD,USD,0.0,0.0,-0.00013491532342758614,0.00013491532342758614,0.59793,ASIA,NOT_TRACKED,NOT_APPLICABLE,NOT_APPLICABLE,,,,,,
ea5b13ca4b4c18f2,2026-08-23T00:00:00+00:00,2026-08-23T21:10:14.868566+00:00,USD/CHF,D1,NEUTRAL,USD,CHF,-0.0003618893117863,-0.00013491532342758614,0.0003618893117863,-0.0004968046352138862,0.80106,ASIA,NOT_TRACKED,NOT_APPLICABLE,NOT_APPLICABLE,,,,,,
16b2779755fc21d1,2026-08-23T00:00:00+00:00,2026-08-23T21:10:14.868577+00:00,USD/JPY,D1,NEUTRAL,USD,JPY,-0.0001437884973102,-0.00013491532342758614,0.0001437884973102,-0.00027870382073778616,158.96065,ASIA,NOT_TRACKED,NOT_APPLICABLE,NOT_APPLICABLE,,,,,,
5bdab5cdc9c8dc76,2026-08-24T05:00:00+00:00,2026-08-24T05:05:03.088501+00:00,AUD/USD,H4,SHORT,AUD,USD,-0.0008643042350906,-0.0008643042350906,0.0005962991084008143,-0.0014606033434914141,0.71672,ASIA,RECORDED,PENDING,PENDING,,,,,,
2384c4402f8d9176,2026-08-24T05:00:00+00:00,2026-08-24T05:05:03.088525+00:00,EUR/USD,H4,SHORT,EUR,USD,-0.0001711683954674,-0.0001711683954674,0.0005962991084008143,-0.0007674675038682143,1.16824,ASIA,RECORDED,PENDING,PENDING,,,,,,
ad564323f0e39b9f,2026-08-24T05:00:00+00:00,2026-08-24T05:05:03.088540+00:00,GBP/USD,H4,SHORT,GBP,USD,-0.0004614269077804,-0.0004614269077804,0.0005962991084008143,-0.0010577260161812143,1.3647,ASIA,RECORDED,PENDING,PENDING,,,,,,
d74d5afacabb6104,2026-08-24T05:00:00+00:00,2026-08-24T05:05:03.088555+00:00,NZD/USD,H4,SHORT,NZD,USD,-0.0010198792864188,-0.0010198792864188,0.0005962991084008143,-0.0016161783948196143,0.5975,ASIA,RECORDED,PENDING,PENDING,,,,,,
eb8e02cfb1220eb8,2026-08-24T05:00:00+00:00,2026-08-24T05:05:03.088567+00:00,USD/CAD,H4,LONG,USD,CAD,0.0005149330587023,0.0005962991084008143,-0.0005149330587023,0.0011112321671031143,1.37953,ASIA,RECORDED,PENDING,PENDING,,,,,,
ce8582dabe0776b9,2026-08-24T05:00:00+00:00,2026-08-24T05:05:03.088578+00:00,USD/CHF,H4,LONG,USD,CHF,0.0004000250015625,0.0005962991084008143,-0.0004000250015625,0.0009963241099633143,0.80027,ASIA,RECORDED,PENDING,PENDING,,,,,,
7722b6869e51a1d5,2026-08-24T05:00:00+00:00,2026-08-24T05:05:03.088590+00:00,USD/JPY,H4,LONG,USD,JPY,0.0007423568737837,0.0005962991084008143,-0.0007423568737837,0.0013386559821845143,158.86899,ASIA,RECORDED,PENDING,PENDING,,,,,,
94bc084f732812e9,2026-08-24T06:00:00+00:00,2026-08-24T06:00:05.388485+00:00,AUD/USD,H1,NEUTRAL,AUD,USD,0.0003348681456676,0.0003348681456676,0.00010728343340493452,0.00022758471226266548,0.71694,ASIA,NOT_TRACKED,NOT_APPLICABLE,NOT_APPLICABLE,,,,,,
2d8abe9eeadc9be6,2026-08-24T06:00:00+00:00,2026-08-24T06:00:05.388513+00:00,EUR/USD,H1,NEUTRAL,EUR,USD,-7.704094298107659e-05,-7.704094298107659e-05,0.00010728343340493452,-0.0001843243763860111,1.16812,ASIA,NOT_TRACKED,NOT_APPLICABLE,NOT_APPLICABLE,,,,,,
b7d8d181cf234ea6,2026-08-24T06:00:00+00:00,2026-08-24T06:00:05.388530+00:00,GBP/USD,H1,NEUTRAL,GBP,USD,-0.0001831944719236,-0.0001831944719236,0.00010728343340493452,-0.0002904779053285345,1.36442,ASIA,NOT_TRACKED,NOT_APPLICABLE,NOT_APPLICABLE,,,,,,
f2de0dc46240d7c4,2026-08-24T06:00:00+00:00,2026-08-24T06:00:05.388544+00:00,NZD/USD,H1,NEUTRAL,NZD,USD,-5.021004535636495e-05,-5.021004535636495e-05,0.00010728343340493452,-0.00015749347876129946,0.59746,ASIA,NOT_TRACKED,NOT_APPLICABLE,NOT_APPLICABLE,,,,,,
0a90f2fb0dfb8f22,2026-08-24T06:00:00+00:00,2026-08-24T06:00:05.388556+00:00,USD/CAD,H1,NEUTRAL,USD,CAD,0.0001739773394513,0.00010728343340493452,-0.0001739773394513,0.0002812607728562345,1.37973,ASIA,NOT_TRACKED,NOT_APPLICABLE,NOT_APPLICABLE,,,,,,
5c8e5e2d4fab74f6,2026-08-24T06:00:00+00:00,2026-08-24T06:00:05.388569+00:00,USD/CHF,H1,LONG,USD,CHF,0.0003123906632678,0.00010728343340493452,-0.0003123906632678,0.0004196740966727345,0.80053,ASIA,RECORDED,PENDING,PENDING,,,,,,
4474c4ae18c7cad0,2026-08-24T06:00:00+00:00,2026-08-24T06:00:05.388581+00:00,USD/JPY,H1,NEUTRAL,USD,JPY,0.000289038716522,0.00010728343340493452,-0.000289038716522,0.00039632214992693453,158.91737,ASIA,NOT_TRACKED,NOT_APPLICABLE,NOT_APPLICABLE,,,,,,
23c10f986379976f,2026-08-24T08:00:00+00:00,2026-08-24T08:00:06.713109+00:00,AUD/USD,H1,SHORT,AUD,USD,-0.0005718988436484,-0.0005718988436484,0.000738523696315443,-0.001310422539963843,0.7165,LONDON,RECORDED,PENDING,PENDING,,,,,,
7372ff872c06a6ea,2026-08-24T08:00:00+00:00,2026-08-24T08:00:06.713142+00:00,EUR/USD,H1,SHORT,EUR,USD,-0.0007878128773152,-0.0007878128773152,0.000738523696315443,-0.001526336573630643,1.16687,LONDON,RECORDED,PENDING,PENDING,,,,,,
cd9892fdb15c4b3d,2026-08-24T08:00:00+00:00,2026-08-24T08:00:06.713161+00:00,GBP/USD,H1,SHORT,GBP,USD,-0.0005130535481316,-0.0005130535481316,0.000738523696315443,-0.001251577244447043,1.36368,LONDON,RECORDED,PENDING,PENDING,,,,,,
e77b1ecd17672bf6,2026-08-24T08:00:00+00:00,2026-08-24T08:00:06.713176+00:00,NZD/USD,H1,SHORT,NZD,USD,-0.0007700291271887,-0.0007700291271887,0.000738523696315443,-0.001508552823504143,0.59692,LONDON,RECORDED,PENDING,PENDING,,,,,,
0e5a2a5ce9d86cba,2026-08-24T08:00:00+00:00,2026-08-24T08:00:06.713190+00:00,USD/CAD,H1,LONG,USD,CAD,0.0011068989466373,0.000738523696315443,-0.0011068989466373,0.001845422642952743,1.38377,LONDON,RECORDED,PENDING,PENDING,,,,,,
13b26ccdf8c4ac35,2026-08-24T08:00:00+00:00,2026-08-24T08:00:06.713204+00:00,USD/CHF,H1,LONG,USD,CHF,0.000686470294558,0.000738523696315443,-0.000686470294558,0.001424993990873443,0.80175,LONDON,RECORDED,PENDING,PENDING,,,,,,
b480c93d3288173c,2026-08-24T08:00:00+00:00,2026-08-24T08:00:06.713219+00:00,USD/JPY,H1,LONG,USD,JPY,0.0007335022367289,0.000738523696315443,-0.0007335022367289,0.0014720259330443428,159.13456,LONDON,RECORDED,PENDING,PENDING,,,,,,
df373c4203a7c816,2026-08-24T09:00:00+00:00,2026-08-24T09:00:04.478481+00:00,AUD/USD,H1,SHORT,AUD,USD,-0.0005582537821694,-0.0005582537821694,0.0004876912572845571,-0.001045945039453957,0.71612,LONDON,RECORDED,PENDING,PENDING,,,,,,
6d2cc0cd40618ab6,2026-08-24T09:00:00+00:00,2026-08-24T09:00:04.478506+00:00,EUR/USD,H1,SHORT,EUR,USD,-0.0003599310989039,-0.0003599310989039,0.0004876912572845571,-0.0008476223561884571,1.16647,LONDON,RECORDED,PENDING,PENDING,,,,,,
21e785d5358c26e5,2026-08-24T09:00:00+00:00,2026-08-24T09:00:04.478522+00:00,GBP/USD,H1,SHORT,GBP,USD,-0.0007626534473403,-0.0007626534473403,0.0004876912572845571,-0.0012503447046248572,1.36262,LONDON,RECORDED,PENDING,PENDING,,,,,,
dd67a4e02fdead99,2026-08-24T09:00:00+00:00,2026-08-24T09:00:04.478536+00:00,NZD/USD,H1,SHORT,NZD,USD,-0.0003685524265826,-0.0003685524265826,0.0004876912572845571,-0.0008562436838671572,0.59671,LONDON,RECORDED,PENDING,PENDING,,,,,,
55040d86daa1e885,2026-08-24T09:00:00+00:00,2026-08-24T09:00:04.478548+00:00,USD/CAD,H1,LONG,USD,CAD,0.0003324299909665,0.0004876912572845571,-0.0003324299909665,0.0008201212482510571,1.38421,LONDON,RECORDED,PENDING,PENDING,,,,,,
85fc9ba3a3e04f33,2026-08-24T09:00:00+00:00,2026-08-24T09:00:04.478563+00:00,USD/CHF,H1,LONG,USD,CHF,0.0007109182069893,0.0004876912572845571,-0.0007109182069893,0.001198609464273857,0.80235,LONDON,RECORDED,PENDING,PENDING,,,,,,
54f74134941f2db7,2026-08-24T09:00:00+00:00,2026-08-24T09:00:04.478576+00:00,USD/JPY,H1,LONG,USD,JPY,0.0003210998480399,0.0004876912572845571,-0.0003210998480399,0.0008087911053244572,159.19163,LONDON,RECORDED,PENDING,PENDING,,,,,,
bf18022b924decc6,2026-08-24T09:00:00+00:00,2026-08-24T09:05:05.249532+00:00,AUD/USD,H4,SHORT,AUD,USD,-0.0008650760429746,-0.0008650760429746,0.0018750268625941,-0.0027401029055687002,0.71608,LONDON,RECORDED,PENDING,PENDING,,,,,,
1d97cd7cceb578aa,2026-08-24T09:00:00+00:00,2026-08-24T09:05:05.249558+00:00,EUR/USD,H4,SHORT,EUR,USD,-0.0014980183357443,-0.0014980183357443,0.0018750268625941,-0.0033730451983384003,1.16646,LONDON,RECORDED,PENDING,PENDING,,,,,,
57f9db61c518bbac,2026-08-24T09:00:00+00:00,2026-08-24T09:05:05.249575+00:00,GBP/USD,H4,SHORT,GBP,USD,-0.0016267669106817,-0.0016267669106817,0.0018750268625941,-0.0035017937732757997,1.36245,LONDON,RECORDED,PENDING,PENDING,,,,,,
fe0adc1f12e4b93a,2026-08-24T09:00:00+00:00,2026-08-24T09:05:05.249587+00:00,NZD/USD,H4,SHORT,NZD,USD,-0.0013221978610519,-0.0013221978610519,0.0018750268625941,-0.003197224723646,0.5967,LONDON,RECORDED,PENDING,PENDING,,,,,,
3a02f5e5a756c7fb,2026-08-24T09:00:00+00:00,2026-08-24T09:05:05.249598+00:00,USD/CAD,H4,LONG,USD,CAD,0.0034360524541678,0.0018750268625941,-0.0034360524541678,0.0053110793167618995,1.38423,LONDON,RECORDED,PENDING,PENDING,,,,,,
ce0811eda133401b,2026-08-24T09:00:00+00:00,2026-08-24T09:05:05.249610+00:00,USD/CHF,H4,LONG,USD,CHF,0.002361673414305,0.0018750268625941,-0.002361673414305,0.0042367002768991,0.80217,LONDON,RECORDED,PENDING,PENDING,,,,,,
1111900ef2b9348f,2026-08-24T09:00:00+00:00,2026-08-24T09:05:05.249621+00:00,USD/JPY,H4,LONG,USD,JPY,0.0020154030192334,0.0018750268625941,-0.0020154030192334,0.0038904298818275,159.19164,LONDON,RECORDED,PENDING,PENDING,,,,,,
baa0a44f3398e2d1,2026-08-24T12:00:00+00:00,2026-08-24T12:00:04.419630+00:00,AUD/USD,H1,LONG,AUD,USD,0.0006004999511221,0.0006004999511221,-0.00038531096101922306,0.0009858109121413231,0.7165,LONDON_NY_OVERLAP,RECORDED,PENDING,PENDING,,,,,,
3c8891497aec21a0,2026-08-24T12:00:00+00:00,2026-08-24T12:00:04.419667+00:00,EUR/USD,H1,LONG,EUR,USD,0.0003000351469742,0.0003000351469742,-0.00038531096101922306,0.0006853461079934231,1.16688,LONDON_NY_OVERLAP,RECORDED,PENDING,PENDING,,,,,,
41bad8cb00383e33,2026-08-24T12:00:00+00:00,2026-08-24T12:00:04.419691+00:00,GBP/USD,H1,LONG,GBP,USD,0.0009686580416963,0.0009686580416963,-0.00038531096101922306,0.0013539690027155231,1.36403,LONDON_NY_OVERLAP,RECORDED,PENDING,PENDING,,,,,,
2579a0d5466f0cc2,2026-08-24T12:00:00+00:00,2026-08-24T12:00:04.419708+00:00,NZD/USD,H1,LONG,NZD,USD,1.676839492916106e-05,1.676839492916106e-05,-0.00038531096101922306,0.0004020793559483841,0.59637,LONDON_NY_OVERLAP,RECORDED,PENDING,PENDING,,,,,,
2e521cf187385bfa,2026-08-24T12:00:00+00:00,2026-08-24T12:00:04.419725+00:00,USD/CAD,H1,NEUTRAL,USD,CAD,0.0004335510723162,-0.00038531096101922306,-0.0004335510723162,4.8240111296976964e-05,1.38452,LONDON_NY_OVERLAP,NOT_TRACKED,NOT_APPLICABLE,NOT_APPLICABLE,,,,,,
f52b8bf51adef4f0,2026-08-24T12:00:00+00:00,2026-08-24T12:00:04.419742+00:00,USD/CHF,H1,SHORT,USD,CHF,-0.000548245614035,-0.00038531096101922306,0.000548245614035,-0.0009335565750542231,0.80212,LONDON_NY_OVERLAP,RECORDED,PENDING,PENDING,,,,,,
63f0844dc069d9c9,2026-08-24T12:00:00+00:00,2026-08-24T12:00:04.419757+00:00,USD/JPY,H1,SHORT,USD,JPY,-0.000696520650694,-0.00038531096101922306,0.000696520650694,-0.0010818316117132232,159.08038,LONDON_NY_OVERLAP,RECORDED,PENDING,PENDING,,,,,,
5d2f02632ce192c2,2026-08-24T13:00:00+00:00,2026-08-24T13:00:12.564907+00:00,AUD/USD,H1,NEUTRAL,AUD,USD,-0.0003489232229339,-0.0003489232229339,-0.00012948119075721428,-0.00021944203217668574,0.71624,LONDON_NY_OVERLAP,NOT_TRACKED,NOT_APPLICABLE,NOT_APPLICABLE,,,,,,
55a6894ad969c746,2026-08-24T13:00:00+00:00,2026-08-24T13:00:12.564938+00:00,EUR/USD,H1,NEUTRAL,EUR,USD,0.0002142851020424,0.0002142851020424,-0.00012948119075721428,0.00034376629279961427,1.16692,LONDON_NY_OVERLAP,NOT_TRACKED,NOT_APPLICABLE,NOT_APPLICABLE,,,,,,
b6557337424923fa,2026-08-24T13:00:00+00:00,2026-08-24T13:00:12.564957+00:00,GBP/USD,H1,LONG,GBP,USD,0.0003372755467897,0.0003372755467897,-0.00012948119075721428,0.0004667567375469143,1.36433,LONDON_NY_OVERLAP,RECORDED,PENDING,PENDING,,,,,,
5d66f2e710002560,2026-08-24T13:00:00+00:00,2026-08-24T13:00:12.564972+00:00,NZD/USD,H1,LONG,NZD,USD,0.0003353791461246,0.0003353791461246,-0.00012948119075721428,0.0004648603368818143,0.59654,LONDON_NY_OVERLAP,RECORDED,PENDING,PENDING,,,,,,
477f8cef650533e7,2026-08-24T13:00:00+00:00,2026-08-24T13:00:12.564985+00:00,USD/CAD,H1,SHORT,USD,CAD,-0.0007005835788986,-0.00012948119075721428,0.0007005835788986,-0.0008300647696558143,1.38359,LONDON_NY_OVERLAP,RECORDED,PENDING,PENDING,,,,,,
68b152132fd1b5be,2026-08-24T13:00:00+00:00,2026-08-24T13:00:12.564999+00:00,USD/CHF,H1,LONG,USD,CHF,0.0005609783462357,-0.00012948119075721428,-0.0005609783462357,0.00043149715547848575,0.80262,LONDON_NY_OVERLAP,RECORDED,PENDING,PENDING,,,,,,
4abd0f8689663b70,2026-08-24T13:00:00+00:00,2026-08-24T13:00:12.565012+00:00,USD/JPY,H1,NEUTRAL,USD,JPY,-0.0002287465306148,-0.00012948119075721428,0.0002287465306148,-0.0003582277213720143,159.04799,LONDON_NY_OVERLAP,NOT_TRACKED,NOT_APPLICABLE,NOT_APPLICABLE,,,,,,
a3189598239d1f5d,2026-08-24T13:00:00+00:00,2026-08-24T13:05:06.152994+00:00,AUD/USD,H4,LONG,AUD,USD,0.0001536098310292,0.0001536098310292,-0.0003499413488562857,0.0005035511798854857,0.71621,LONDON_NY_OVERLAP,RECORDED,PENDING,PENDING,,,,,,
745d252bd07ab97e,2026-08-24T13:00:00+00:00,2026-08-24T13:05:06.153024+00:00,EUR/USD,H4,LONG,EUR,USD,0.0003600576092175,0.0003600576092175,-0.0003499413488562857,0.0007099989580737858,1.1669,LONDON_NY_OVERLAP,RECORDED,PENDING,PENDING,,,,,,
5c1344bab8eb639f,2026-08-24T13:00:00+00:00,2026-08-24T13:05:06.153048+00:00,GBP/USD,H4,LONG,GBP,USD,0.0013063644903711,0.0013063644903711,-0.0003499413488562857,0.0016563058392273858,1.36434,LONDON_NY_OVERLAP,RECORDED,PENDING,PENDING,,,,,,
70c38278916ef9ac,2026-08-24T13:00:00+00:00,2026-08-24T13:05:06.153064+00:00,NZD/USD,H4,NEUTRAL,NZD,USD,-0.0003184072932028,-0.0003184072932028,-0.0003499413488562857,3.1534055653485726e-05,0.59653,LONDON_NY_OVERLAP,NOT_TRACKED,NOT_APPLICABLE,NOT_APPLICABLE,,,,,,
403ae4503fdde626,2026-08-24T13:00:00+00:00,2026-08-24T13:05:06.153079+00:00,USD/CAD,H4,SHORT,USD,CAD,-0.0004406941293762,-0.0003499413488562857,0.0004406941293762,-0.0007906354782324858,1.38357,LONDON_NY_OVERLAP,RECORDED,PENDING,PENDING,,,,,,
39e616a24013196f,2026-08-24T13:00:00+00:00,2026-08-24T13:05:06.153093+00:00,USD/CHF,H4,NEUTRAL,USD,CHF,0.000423834455248,-0.0003499413488562857,-0.000423834455248,7.389310639171429e-05,0.80254,LONDON_NY_OVERLAP,NOT_TRACKED,NOT_APPLICABLE,NOT_APPLICABLE,,,,,,
5dcd7b15b78b6bc8,2026-08-24T13:00:00+00:00,2026-08-24T13:05:06.153107+00:00,USD/JPY,H4,SHORT,USD,JPY,-0.0009311051304508,-0.0003499413488562857,0.0009311051304508,-0.0012810464793070857,159.03896,LONDON_NY_OVERLAP,RECORDED,PENDING,PENDING,,,,,,
f6bf319fa5234548,2026-08-24T14:00:00+00:00,2026-08-24T14:00:04.093707+00:00,AUD/USD,H1,NEUTRAL,AUD,USD,-0.0001396199544838,-0.0001396199544838,0.00011576316117310001,-0.0002553831156569,0.71613,LONDON_NY_OVERLAP,NOT_TRACKED,NOT_APPLICABLE,NOT_APPLICABLE,,,,,,
20cd11d4d69add25,2026-08-24T14:00:00+00:00,2026-08-24T14:00:04.093736+00:00,EUR/USD,H1,SHORT,EUR,USD,-0.0004456060670978,-0.0004456060670978,0.00011576316117310001,-0.0005613692282709,1.16643,LONDON_NY_OVERLAP,RECORDED,PENDING,PENDING,,,,,,
7adecdd6a2bc124d,2026-08-24T14:00:00+00:00,2026-08-24T14:00:04.093755+00:00,GBP/USD,H1,SHORT,GBP,USD,-0.00028585250011,-0.00028585250011,0.00011576316117310001,-0.00040161566128309997,1.36395,LONDON_NY_OVERLAP,RECORDED,PENDING,PENDING,,,,,,
f3ea8989d2a37080,2026-08-24T14:00:00+00:00,2026-08-24T14:00:04.093770+00:00,NZD/USD,H1,NEUTRAL,NZD,USD,0.0,0.0,0.00011576316117310001,-0.00011576316117310001,0.59653,LONDON_NY_OVERLAP,NOT_TRACKED,NOT_APPLICABLE,NOT_APPLICABLE,,,,,,
289753440cce1d12,2026-08-24T14:00:00+00:00,2026-08-24T14:00:04.093784+00:00,USD/CAD,H1,NEUTRAL,USD,CAD,-0.000383069762063,0.00011576316117310001,0.000383069762063,-0.0002673066008899,1.38303,LONDON_NY_OVERLAP,NOT_TRACKED,NOT_APPLICABLE,NOT_APPLICABLE,,,,,,
a8dc74b67cf24fe5,2026-08-24T14:00:00+00:00,2026-08-24T14:00:04.093798+00:00,USD/CHF,H1,NEUTRAL,USD,CHF,-0.0003488835725678,0.00011576316117310001,0.0003488835725678,-0.0002331204113947,0.80228,LONDON_NY_OVERLAP,NOT_TRACKED,NOT_APPLICABLE,NOT_APPLICABLE,,,,,,
efa435f81d761ebd,2026-08-24T14:00:00+00:00,2026-08-24T14:00:04.093812+00:00,USD/JPY,H1,LONG,USD,JPY,0.0006712169411509,0.00011576316117310001,-0.0006712169411509,0.000786980102324,159.14624,LONDON_NY_OVERLAP,RECORDED,PENDING,PENDING,,,,,,
876ee70f86f5a698,2026-08-24T16:00:00+00:00,2026-08-24T16:00:06.306595+00:00,AUD/USD,H1,SHORT,AUD,USD,-0.0006569016604237,-0.0006569016604237,0.00025352671946479336,-0.0009104283798884933,0.71501,NEW_YORK,RECORDED,PENDING,PENDING,,,,,,
57e9d8de4781aec2,2026-08-24T16:00:00+00:00,2026-08-24T16:00:06.306627+00:00,EUR/USD,H1,NEUTRAL,EUR,USD,-0.0001371401143405,-0.0001371401143405,0.00025352671946479336,-0.0003906668338052934,1.16653,NEW_YORK,NOT_TRACKED,NOT_APPLICABLE,NOT_APPLICABLE,,,,,,
ab4f476673564da0,2026-08-24T16:00:00+00:00,2026-08-24T16:00:06.306646+00:00,GBP/USD,H1,SHORT,GBP,USD,-0.0003593719059179,-0.0003593719059179,0.00025352671946479336,-0.0006128986253826933,1.363,NEW_YORK,RECORDED,PENDING,PENDING,,,,,,
1cbec44abbfe3e2c,2026-08-24T16:00:00+00:00,2026-08-24T16:00:06.306662+00:00,NZD/USD,H1,SHORT,NZD,USD,-0.0005872778831148,-0.0005872778831148,0.00025352671946479336,-0.0008408046025795933,0.59562,NEW_YORK,RECORDED,PENDING,PENDING,,,,,,
9190eaeeae54dfca,2026-08-24T16:00:00+00:00,2026-08-24T16:00:06.306676+00:00,USD/CAD,H1,LONG,USD,CAD,0.0002384582589656,0.00025352671946479336,-0.0002384582589656,0.0004919849784303933,1.38422,NEW_YORK,RECORDED,PENDING,PENDING,,,,,,
5eb012d1ce0378d8,2026-08-24T16:00:00+00:00,2026-08-24T16:00:06.306691+00:00,USD/CHF,H1,NEUTRAL,USD,CHF,-0.0001619957881096,0.00025352671946479336,0.0001619957881096,9.153093135519337e-05,0.80236,NEW_YORK,NOT_TRACKED,NOT_APPLICABLE,NOT_APPLICABLE,,,,,,
b1037aa45f65efbb,2026-08-24T16:00:00+00:00,2026-08-24T16:00:06.306704+00:00,USD/JPY,H1,NEUTRAL,USD,JPY,-4.246699839934651e-05,0.00025352671946479336,4.246699839934651e-05,0.00021105972106544687,159.17567,NEW_YORK,NOT_TRACKED,NOT_APPLICABLE,NOT_APPLICABLE,,,,,,
c05ba43a50a77778,2026-08-24T17:00:00+00:00,2026-08-24T17:00:07.163468+00:00,AUD/USD,H1,NEUTRAL,AUD,USD,-4.195804195800629e-05,-4.195804195800629e-05,-1.9339177357039945e-05,-2.2618864600966345e-05,0.71497,NEW_YORK,NOT_TRACKED,NOT_APPLICABLE,NOT_APPLICABLE,,,,,,
b26f728feb2723dd,2026-08-24T17:00:00+00:00,2026-08-24T17:00:07.163506+00:00,EUR/USD,H1,NEUTRAL,EUR,USD,-7.715387912571412e-05,-7.715387912571412e-05,-1.9339177357039945e-05,-5.781470176867418e-05,1.16641,NEW_YORK,NOT_TRACKED,NOT_APPLICABLE,NOT_APPLICABLE,,,,,,
ac545b78d351cb79,2026-08-24T17:00:00+00:00,2026-08-24T17:00:07.163525+00:00,GBP/USD,H1,NEUTRAL,GBP,USD,0.0002054322147058,0.0002054322147058,-1.9339177357039945e-05,0.00022477139206283995,1.36326,NEW_YORK,NOT_TRACKED,NOT_APPLICABLE,NOT_APPLICABLE,,,,,,
58af82742855782f,2026-08-24T17:00:00+00:00,2026-08-24T17:00:07.163540+00:00,NZD/USD,H1,NEUTRAL,NZD,USD,0.0003022264011551,0.0003022264011551,-1.9339177357039945e-05,0.00032156557851214,0.59576,NEW_YORK,NOT_TRACKED,NOT_APPLICABLE,NOT_APPLICABLE,,,,,,
24fc07fafc4fb0eb,2026-08-24T17:00:00+00:00,2026-08-24T17:00:07.163553+00:00,USD/CAD,H1,LONG,USD,CAD,0.000440681394576,-1.9339177357039945e-05,-0.000440681394576,0.00042134221721896006,1.38483,NEW_YORK,RECORDED,PENDING,PENDING,,,,,,
0820da128cd470b8,2026-08-24T17:00:00+00:00,2026-08-24T17:00:07.163567+00:00,USD/CHF,H1,NEUTRAL,USD,CHF,0.0001370887337985,-1.9339177357039945e-05,-0.0001370887337985,0.00011774955644146005,0.80251,NEW_YORK,NOT_TRACKED,NOT_APPLICABLE,NOT_APPLICABLE,,,,,,
904921055fee4f40,2026-08-24T17:00:00+00:00,2026-08-24T17:00:07.163580+00:00,USD/JPY,H1,NEUTRAL,USD,JPY,-0.0003245976750966,-1.9339177357039945e-05,0.0003245976750966,-0.00034393685245364,159.13,NEW_YORK,NOT_TRACKED,NOT_APPLICABLE,NOT_APPLICABLE,,,,,,
795c9516c47c7b34,2026-08-24T17:00:00+00:00,2026-08-24T17:05:05.149909+00:00,AUD/USD,H4,SHORT,AUD,USD,-0.0016894014492551,-0.0016894014492551,0.0006973699843121286,-0.0023867714335672288,0.71502,NEW_YORK,RECORDED,PENDING,PENDING,,,,,,
bea97c673c1719dc,2026-08-24T17:00:00+00:00,2026-08-24T17:05:05.149935+00:00,EUR/USD,H4,SHORT,EUR,USD,-0.0003513432452118,-0.0003513432452118,0.0006973699843121286,-0.0010487132295239287,1.16654,NEW_YORK,RECORDED,PENDING,PENDING,,,,,,
2e624dee61207e2d,2026-08-24T17:00:00+00:00,2026-08-24T17:05:05.149950+00:00,GBP/USD,H4,SHORT,GBP,USD,-0.0006450005130687,-0.0006450005130687,0.0006973699843121286,-0.0013423704973808286,1.36346,NEW_YORK,RECORDED,PENDING,PENDING,,,,,,
e3dfaf589375a597,2026-08-24T17:00:00+00:00,2026-08-24T17:05:05.149962+00:00,NZD/USD,H4,SHORT,NZD,USD,-0.0012069803698054,-0.0012069803698054,0.0006973699843121286,-0.0019043503541175287,0.59581,NEW_YORK,RECORDED,PENDING,PENDING,,,,,,
e3c2f075da646787,2026-08-24T17:00:00+00:00,2026-08-24T17:05:05.149975+00:00,USD/CAD,H4,LONG,USD,CAD,0.000860100031802,0.0006973699843121286,-0.000860100031802,0.0015574700161141287,1.38475,NEW_YORK,RECORDED,PENDING,PENDING,,,,,,
a235b6f6774de082,2026-08-24T17:00:00+00:00,2026-08-24T17:05:05.149986+00:00,USD/CHF,H4,NEUTRAL,USD,CHF,-0.0002367424242424,0.0006973699843121286,0.0002367424242424,0.0004606275600697287,0.80237,NEW_YORK,NOT_TRACKED,NOT_APPLICABLE,NOT_APPLICABLE,,,,,,
b61bd562e301bb28,2026-08-24T17:00:00+00:00,2026-08-24T17:05:05.149996+00:00,USD/JPY,H4,LONG,USD,JPY,0.0003655067052843,0.0006973699843121286,-0.0003655067052843,0.0010628766895964287,159.09762,NEW_YORK,RECORDED,PENDING,PENDING,,,,,,
602464aaafa1859b,2026-08-24T19:00:00+00:00,2026-08-24T19:00:07.452389+00:00,AUD/USD,H1,LONG,AUD,USD,0.0005740045920367,0.0005740045920367,-0.00021330607457462072,0.0007873106666113207,0.71469,NEW_YORK,RECORDED,PENDING,PENDING,,,,,,
3ed3da4ba01321ec,2026-08-24T19:00:00+00:00,2026-08-24T19:00:07.452423+00:00,EUR/USD,H1,LONG,EUR,USD,0.0002916127040216,0.0002916127040216,-0.00021330607457462072,0.0005049187785962207,1.16627,NEW_YORK,RECORDED,PENDING,PENDING,,,,,,
d4d532082140381e,2026-08-24T19:00:00+00:00,2026-08-24T19:00:07.452441+00:00,GBP/USD,H1,NEUTRAL,GBP,USD,5.869922517012353e-05,5.869922517012353e-05,-0.00021330607457462072,0.00027200529974474424,1.36296,NEW_YORK,NOT_TRACKED,NOT_APPLICABLE,NOT_APPLICABLE,,,,,,
672da84c92e65410,2026-08-24T19:00:00+00:00,2026-08-24T19:00:07.452456+00:00,NZD/USD,H1,LONG,NZD,USD,0.0004198998958647,0.0004198998958647,-0.00021330607457462072,0.0006332059704393208,0.59563,NEW_YORK,RECORDED,PENDING,PENDING,,,,,,
fdf3e790c1b40879,2026-08-24T19:00:00+00:00,2026-08-24T19:00:07.452470+00:00,USD/CAD,H1,SHORT,USD,CAD,-0.0004041074637204,-0.00021330607457462072,0.0004041074637204,-0.0006174135382950207,1.38521,NEW_YORK,RECORDED,PENDING,PENDING,,,,,,
b10217b0c814eb5b,2026-08-24T19:00:00+00:00,2026-08-24T19:00:07.452485+00:00,USD/CHF,H1,NEUTRAL,USD,CHF,-2.4916219212921558e-05,-0.00021330607457462072,2.4916219212921558e-05,-0.0002382222937875423,0.80267,NEW_YORK,NOT_TRACKED,NOT_APPLICABLE,NOT_APPLICABLE,,,,,,
7a2e99841a64875e,2026-08-24T19:00:00+00:00,2026-08-24T19:00:07.452498+00:00,USD/JPY,H1,NEUTRAL,USD,JPY,0.0002800975780041,-0.00021330607457462072,-0.0002800975780041,6.67915034294793e-05,159.2034,NEW_YORK,NOT_TRACKED,NOT_APPLICABLE,NOT_APPLICABLE,,,,,,
a3e03167a47ac6d4,2026-08-24T20:00:00+00:00,2026-08-24T20:00:05.523615+00:00,AUD/USD,H1,NEUTRAL,AUD,USD,0.0001259234385492,0.0001259234385492,-9.768764555156879e-05,0.0002236110841007688,0.71481,NEW_YORK,NOT_TRACKED,NOT_APPLICABLE,NOT_APPLICABLE,,,,,,
b465d37ccaa4bae8,2026-08-24T20:00:00+00:00,2026-08-24T20:00:05.523646+00:00,EUR/USD,H1,NEUTRAL,EUR,USD,-0.0001629083426218,-0.0001629083426218,-9.768764555156879e-05,-6.522069707023122e-05,1.16611,NEW_YORK,NOT_TRACKED,NOT_APPLICABLE,NOT_APPLICABLE,,,,,,
7c06c992f2092f19,2026-08-24T20:00:00+00:00,2026-08-24T20:00:05.523665+00:00,GBP/USD,H1,NEUTRAL,GBP,USD,-5.135767687218138e-05,-5.135767687218138e-05,-9.768764555156879e-05,4.6329968679387405e-05,1.36292,NEW_YORK,NOT_TRACKED,NOT_APPLICABLE,NOT_APPLICABLE,,,,,,
f87a1263a53cd8b1,2026-08-24T20:00:00+00:00,2026-08-24T20:00:05.523685+00:00,NZD/USD,H1,NEUTRAL,NZD,USD,0.000285416876532,0.000285416876532,-9.768764555156879e-05,0.0003831045220835688,0.59579,NEW_YORK,NOT_TRACKED,NOT_APPLICABLE,NOT_APPLICABLE,,,,,,
ddc6ba758f149f5e,2026-08-24T20:00:00+00:00,2026-08-24T20:00:05.523706+00:00,USD/CAD,H1,SHORT,USD,CAD,-0.000397063176361,-9.768764555156879e-05,0.000397063176361,-0.0004947508219125688,1.38462,NEW_YORK,RECORDED,PENDING,PENDING,,,,,,
1f94b540d3fe265a,2026-08-24T20:00:00+00:00,2026-08-24T20:00:05.523721+00:00,USD/CHF,H1,NEUTRAL,USD,CHF,8.721328632123706e-05,-9.768764555156879e-05,-8.721328632123706e-05,-1.0474359230331728e-05,0.8027,NEW_YORK,NOT_TRACKED,NOT_APPLICABLE,NOT_APPLICABLE,,,,,,
37b6f477b5abc9d0,2026-08-24T20:00:00+00:00,2026-08-24T20:00:05.523735+00:00,USD/JPY,H1,NEUTRAL,USD,JPY,-0.000176889333234,-9.768764555156879e-05,0.000176889333234,-0.00027457697878556877,159.16742,NEW_YORK,NOT_TRACKED,NOT_APPLICABLE,NOT_APPLICABLE,,,,,,
9b62f96c76aa49e0,2026-08-24T00:00:00+00:00,2026-08-24T21:10:14.253736+00:00,EUR/USD,D1,SHORT,EUR,USD,-0.0002311881357673,-0.0002311881357673,0.00055605930125514,-0.00078724743702244,1.16761,ASIA,RECORDED,PENDING,PENDING,,,,,,
b839ac5ae7fc1595,2026-08-24T00:00:00+00:00,2026-08-24T21:10:14.253758+00:00,GBP/USD,D1,SHORT,GBP,USD,-0.0006742692972941,-0.0006742692972941,0.00055605930125514,-0.0012303285985492398,1.36352,ASIA,RECORDED,PENDING,PENDING,,,,,,
c0614025a4823c51,2026-08-24T00:00:00+00:00,2026-08-24T21:10:14.253772+00:00,NZD/USD,D1,SHORT,NZD,USD,-0.0008696815627508,-0.0008696815627508,0.00055605930125514,-0.0014257408640059401,0.5974,ASIA,RECORDED,PENDING,PENDING,,,,,,
ae3c90a43ece7361,2026-08-24T00:00:00+00:00,2026-08-24T21:10:14.253784+00:00,USD/CHF,D1,LONG,USD,CHF,0.0006865902678951,0.00055605930125514,-0.0006865902678951,0.0012426495691502401,0.80161,ASIA,RECORDED,PENDING,PENDING,,,,,,
0cc26b604fa3cc80,2026-08-24T00:00:00+00:00,2026-08-24T21:10:14.253795+00:00,USD/JPY,D1,LONG,USD,JPY,0.0003185672425684,0.00055605930125514,-0.0003185672425684,0.00087462654382354,159.01237,ASIA,RECORDED,PENDING,PENDING,,,,,,
021f523ec3f6d947,2026-08-24T23:00:00+00:00,2026-08-24T23:00:22.699232+00:00,AUD/USD,H1,NEUTRAL,AUD,USD,0.0001258846896243,0.0001258846896243,-4.885879406619701e-05,0.00017474348369049702,0.71503,LATE_NY,NOT_TRACKED,NOT_APPLICABLE,NOT_APPLICABLE,,,,,,
04ff23eb202338a1,2026-08-24T23:00:00+00:00,2026-08-24T23:00:22.699260+00:00,EUR/USD,H1,NEUTRAL,EUR,USD,0.0001200264058093,0.0001200264058093,-4.885879406619701e-05,0.000168885199875497,1.16655,LATE_NY,NOT_TRACKED,NOT_APPLICABLE,NOT_APPLICABLE,,,,,,
c2b1b962244cd8d8,2026-08-24T23:00:00+00:00,2026-08-24T23:00:22.699277+00:00,GBP/USD,H1,NEUTRAL,GBP,USD,-7.333851592178374e-05,-7.333851592178374e-05,-4.885879406619701e-05,-2.4479721855586726e-05,1.36344,LATE_NY,NOT_TRACKED,NOT_APPLICABLE,NOT_APPLICABLE,,,,,,
dd4f8d056d8203dc,2026-08-24T23:00:00+00:00,2026-08-24T23:00:22.699291+00:00,NZD/USD,H1,NEUTRAL,NZD,USD,0.0002517074153006,0.0002517074153006,-4.885879406619701e-05,0.000300566209366797,0.59608,LATE_NY,NOT_TRACKED,NOT_APPLICABLE,NOT_APPLICABLE,,,,,,
ce564503f6f98bc6,2026-08-24T23:00:00+00:00,2026-08-24T23:00:22.699304+00:00,USD/CAD,H1,NEUTRAL,USD,CAD,1.444742221862488e-05,-4.885879406619701e-05,-1.444742221862488e-05,-3.441137184757213e-05,1.38435,LATE_NY,NOT_TRACKED,NOT_APPLICABLE,NOT_APPLICABLE,,,,,,
ba8694c330456d84,2026-08-24T23:00:00+00:00,2026-08-24T23:00:22.699316+00:00,USD/CHF,H1,NEUTRAL,USD,CHF,-4.9850448654087743e-05,-4.885879406619701e-05,4.9850448654087743e-05,-9.870924272028475e-05,0.80236,LATE_NY,NOT_TRACKED,NOT_APPLICABLE,NOT_APPLICABLE,,,,,,
d9a0a56fdc6f5458,2026-08-24T23:00:00+00:00,2026-08-24T23:00:22.699329+00:00,USD/JPY,H1,NEUTRAL,USD,JPY,0.0001176714627845,-4.885879406619701e-05,-0.0001176714627845,6.8812668718303e-05,159.10572,LATE_NY,NOT_TRACKED,NOT_APPLICABLE,NOT_APPLICABLE,,,,,,
aa807fc5dddd23d0,2026-08-25T00:00:00+00:00,2026-08-25T00:00:25.363202+00:00,AUD/USD,H1,LONG,AUD,USD,0.00064333864787,0.00064333864787,-0.0002849823676032222,0.0009283210154732222,0.71548,ASIA,RECORDED,PENDING,PENDING,,,,,,
f3b493bf34e5d304,2026-08-25T00:00:00+00:00,2026-08-25T00:00:25.363233+00:00,EUR/USD,H1,LONG,EUR,USD,0.0002400281175793,0.0002400281175793,-0.0002849823676032222,0.0005250104851825222,1.16681,ASIA,RECORDED,PENDING,PENDING,,,,,,
3f863b4ac8282246,2026-08-25T00:00:00+00:00,2026-08-25T00:00:25.363252+00:00,GBP/USD,H1,LONG,GBP,USD,0.0003153880005868,0.0003153880005868,-0.0002849823676032222,0.0006003703681900221,1.36383,ASIA,RECORDED,PENDING,PENDING,,,,,,
72b293d0fe405e30,2026-08-25T00:00:00+00:00,2026-08-25T00:00:25.363268+00:00,NZD/USD,H1,LONG,NZD,USD,0.0007716955493298,0.0007716955493298,-0.0002849823676032222,0.0010566779169330224,0.59655,ASIA,RECORDED,PENDING,PENDING,,,,,,
c33353f8196bbec4,2026-08-25T00:00:00+00:00,2026-08-25T00:00:25.363282+00:00,USD/CAD,H1,SHORT,USD,CAD,-0.0001228039759593,-0.0002849823676032222,0.0001228039759593,-0.0004077863435625222,1.38415,ASIA,RECORDED,PENDING,PENDING,,,,,,
59022f854ef2d7ed,2026-08-25T00:00:00+00:00,2026-08-25T00:00:25.363297+00:00,USD/CHF,H1,NEUTRAL,USD,CHF,-7.478033277255562e-05,-0.0002849823676032222,7.478033277255562e-05,-0.0003597627003757778,0.80229,ASIA,NOT_TRACKED,NOT_APPLICABLE,NOT_APPLICABLE,,,,,,
75ac246e570804db,2026-08-25T00:00:00+00:00,2026-08-25T00:00:25.363311+00:00,USD/JPY,H1,NEUTRAL,USD,JPY,0.0001731580508752,-0.0002849823676032222,-0.0001731580508752,-0.0001118243167280222,159.13075,ASIA,NOT_TRACKED,NOT_APPLICABLE,NOT_APPLICABLE,,,,,,
819768cc1f753e25,2026-08-25T01:00:00+00:00,2026-08-25T01:00:05.506917+00:00,AUD/USD,H1,NEUTRAL,AUD,USD,0.0002515758431285,0.0002515758431285,5.057317745327804e-05,0.00020100266567522196,0.71567,ASIA,NOT_TRACKED,NOT_APPLICABLE,NOT_APPLICABLE,,,,,,
cfc69e06ee9f9eab,2026-08-25T01:00:00+00:00,2026-08-25T01:00:05.506946+00:00,EUR/USD,H1,NEUTRAL,EUR,USD,7.713205865457991e-05,7.713205865457991e-05,5.057317745327804e-05,2.6558881201301868e-05,1.16692,ASIA,NOT_TRACKED,NOT_APPLICABLE,NOT_APPLICABLE,,,,,,
f35bb7f54ea3c383,2026-08-25T01:00:00+00:00,2026-08-25T01:00:05.506968+00:00,GBP/USD,H1,NEUTRAL,GBP,USD,0.0001173192550228,0.0001173192550228,5.057317745327804e-05,6.674607756952196e-05,1.36396,ASIA,NOT_TRACKED,NOT_APPLICABLE,NOT_APPLICABLE,,,,,,
17600234fc511286,2026-08-25T01:00:00+00:00,2026-08-25T01:00:05.506982+00:00,NZD/USD,H1,NEUTRAL,NZD,USD,-0.0002011566507417,-0.0002011566507417,5.057317745327804e-05,-0.00025172982819497805,0.59643,ASIA,NOT_TRACKED,NOT_APPLICABLE,NOT_APPLICABLE,,,,,,
3c036df7b6eafa00,2026-08-25T01:00:00+00:00,2026-08-25T01:00:05.506994+00:00,USD/CAD,H1,NEUTRAL,USD,CAD,0.000317893809018,5.057317745327804e-05,-0.000317893809018,0.00036846698647127806,1.38455,ASIA,NOT_TRACKED,NOT_APPLICABLE,NOT_APPLICABLE,,,,,,
e8099a52dd595612,2026-08-25T01:00:00+00:00,2026-08-25T01:00:05.507006+00:00,USD/CHF,H1,NEUTRAL,USD,CHF,-4.985914790707375e-05,5.057317745327804e-05,4.985914790707375e-05,7.140295462042896e-07,0.80222,ASIA,NOT_TRACKED,NOT_APPLICABLE,NOT_APPLICABLE,,,,,,
6631b71a530e00a5,2026-08-25T01:00:00+00:00,2026-08-25T01:00:05.507017+00:00,USD/JPY,H1,NEUTRAL,USD,JPY,0.0003308480871262,5.057317745327804e-05,-0.0003308480871262,0.000381421264579478,159.18913,ASIA,NOT_TRACKED,NOT_APPLICABLE,NOT_APPLICABLE,,,,,,
848954b78cc6e817,2026-08-25T01:00:00+00:00,2026-08-25T01:05:04.102284+00:00,AUD/USD,H4,LONG,AUD,USD,0.0010349360857038,0.0010349360857038,-0.0004251157474963438,0.0014600518332001438,0.71576,ASIA,RECORDED,PENDING,PENDING,,,,,,
3c1bb44e2324dae7,2026-08-25T01:00:00+00:00,2026-08-25T01:05:04.102315+00:00,EUR/USD,H4,LONG,EUR,USD,0.0004286583849866,0.0004286583849866,-0.0004251157474963438,0.0008537741324829437,1.16693,ASIA,RECORDED,PENDING,PENDING,,,,,,
396e5b31f264a596,2026-08-25T01:00:00+00:00,2026-08-25T01:05:04.102334+00:00,GBP/USD,H4,LONG,GBP,USD,0.0006602597021496,0.0006602597021496,-0.0004251157474963438,0.0010853754496459437,1.364,ASIA,RECORDED,PENDING,PENDING,,,,,,
ed805c35f94cd21f,2026-08-25T01:00:00+00:00,2026-08-25T01:05:04.102350+00:00,NZD/USD,H4,LONG,NZD,USD,0.0009061162849232,0.0009061162849232,-0.0004251157474963438,0.001331232032419544,0.59649,ASIA,RECORDED,PENDING,PENDING,,,,,,
cb270de1825173d0,2026-08-25T01:00:00+00:00,2026-08-25T01:05:04.102366+00:00,USD/CAD,H4,NEUTRAL,USD,CAD,5.778676683029324e-05,-0.0004251157474963438,-5.778676683029324e-05,-0.0003673289806660505,1.38448,ASIA,NOT_TRACKED,NOT_APPLICABLE,NOT_APPLICABLE,,,,,,
d0343a89d7f683b4,2026-08-25T01:00:00+00:00,2026-08-25T01:05:04.102384+00:00,USD/CHF,H4,SHORT,USD,CHF,-0.0004984113139367,-0.0004251157474963438,0.0004984113139367,-0.0009235270614330438,0.80215,ASIA,RECORDED,PENDING,PENDING,,,,,,
995b5fd0cff67a93,2026-08-25T01:00:00+00:00,2026-08-25T01:05:04.102398+00:00,USD/JPY,H4,NEUTRAL,USD,JPY,0.0004947847723952,-0.0004251157474963438,-0.0004947847723952,6.966902489885616e-05,159.1782,ASIA,NOT_TRACKED,NOT_APPLICABLE,NOT_APPLICABLE,,,,,,
ab6edf31f6e4ec93,2026-08-25T02:00:00+00:00,2026-08-25T02:00:05.286581+00:00,AUD/USD,H1,SHORT,AUD,USD,-0.0005728817348535,-0.0005728817348535,0.0007253524709092286,-0.0012982342057627286,0.71527,ASIA,RECORDED,PENDING,PENDING,,,,,,
20ee08ce4844509e,2026-08-25T02:00:00+00:00,2026-08-25T02:00:05.286615+00:00,EUR/USD,H1,SHORT,EUR,USD,-0.0005570266772928,-0.0005570266772928,0.0007253524709092286,-0.0012823791482020285,1.16626,ASIA,RECORDED,PENDING,PENDING,,,,,,
ad24b1397663588f,2026-08-25T02:00:00+00:00,2026-08-25T02:00:05.286637+00:00,GBP/USD,H1,SHORT,GBP,USD,-0.0005865274641486,-0.0005865274641486,0.0007253524709092286,-0.0013118799350578286,1.36316,ASIA,RECORDED,PENDING,PENDING,,,,,,
1c7f995fa154a173,2026-08-25T02:00:00+00:00,2026-08-25T02:00:05.286654+00:00,NZD/USD,H1,SHORT,NZD,USD,-0.0008047615055747,-0.0008047615055747,0.0007253524709092286,-0.0015301139764839285,0.59597,ASIA,RECORDED,PENDING,PENDING,,,,,,
791fd7e1a63ee5d1,2026-08-25T02:00:00+00:00,2026-08-25T02:00:05.286671+00:00,USD/CAD,H1,LONG,USD,CAD,0.0005128242168596,0.0007253524709092286,-0.0005128242168596,0.0012381766877688286,1.3852,ASIA,RECORDED,PENDING,PENDING,,,,,,
d7b8c4a1ee904b64,2026-08-25T02:00:00+00:00,2026-08-25T02:00:05.286686+00:00,USD/CHF,H1,LONG,USD,CHF,0.0013089331571467,0.0007253524709092286,-0.0013089331571467,0.0020342856280559287,0.80323,ASIA,RECORDED,PENDING,PENDING,,,,,,
b5a6b42a4cd2e7a3,2026-08-25T02:00:00+00:00,2026-08-25T02:00:05.286702+00:00,USD/JPY,H1,LONG,USD,JPY,0.0007345125404887,0.0007253524709092286,-0.0007345125404887,0.0014598650113979285,159.29732,ASIA,RECORDED,PENDING,PENDING,,,,,,
df931440633bed25,2026-08-25T03:00:00+00:00,2026-08-25T03:00:05.379925+00:00,AUD/USD,H1,NEUTRAL,AUD,USD,-2.796264191043566e-05,-2.796264191043566e-05,0.0001759210988769051,-0.00020388374078734076,0.71522,ASIA,NOT_TRACKED,NOT_APPLICABLE,NOT_APPLICABLE,,,,,,
b7f78a352af86837,2026-08-25T03:00:00+00:00,2026-08-25T03:00:05.379968+00:00,EUR/USD,H1,SHORT,EUR,USD,-0.0002658069384185,-0.0002658069384185,0.0001759210988769051,-0.0004417280372954051,1.16595,ASIA,RECORDED,PENDING,PENDING,,,,,,
e8113cc71c4d4e95,2026-08-25T03:00:00+00:00,2026-08-25T03:00:05.379989+00:00,GBP/USD,H1,NEUTRAL,GBP,USD,-0.0001173717530204,-0.0001173717530204,0.0001759210988769051,-0.0002932928518973051,1.36303,ASIA,NOT_TRACKED,NOT_APPLICABLE,NOT_APPLICABLE,,,,,,
baa97ed5b69138f5,2026-08-25T03:00:00+00:00,2026-08-25T03:00:05.380005+00:00,NZD/USD,H1,NEUTRAL,NZD,USD,0.0002349190368319,0.0002349190368319,0.0001759210988769051,5.89979379549949e-05,0.59609,ASIA,NOT_TRACKED,NOT_APPLICABLE,NOT_APPLICABLE,,,,,,
66844716afc73b7e,2026-08-25T03:00:00+00:00,2026-08-25T03:00:05.380020+00:00,USD/CAD,H1,NEUTRAL,USD,CAD,-7.2185487829999645e-06,0.0001759210988769051,7.2185487829999645e-06,0.00016870255009390512,1.38531,ASIA,NOT_TRACKED,NOT_APPLICABLE,NOT_APPLICABLE,,,,,,
e1b07bdf511ad262,2026-08-25T03:00:00+00:00,2026-08-25T03:00:05.380036+00:00,USD/CHF,H1,LONG,USD,CHF,0.0004606401653324,0.0001759210988769051,-0.0004606401653324,0.0006365612642093052,0.8036,ASIA,RECORDED,PENDING,PENDING,,,,,,
115a9343dd4f4ba7,2026-08-25T03:00:00+00:00,2026-08-25T03:00:05.380053+00:00,USD/JPY,H1,LONG,USD,JPY,0.0006018037790715,0.0001759210988769051,-0.0006018037790715,0.000777724877948405,159.38366,ASIA,RECORDED,PENDING,PENDING,,,,,,
04e9157459370491,2026-08-25T04:00:00+00:00,2026-08-25T04:00:05.394236+00:00,AUD/USD,H1,NEUTRAL,AUD,USD,0.0,0.0,-7.184327479105308e-05,7.184327479105308e-05,0.71521,ASIA,NOT_TRACKED,NOT_APPLICABLE,NOT_APPLICABLE,,,,,,
2dd77fd9e4055475,2026-08-25T04:00:00+00:00,2026-08-25T04:00:05.394261+00:00,EUR/USD,H1,NEUTRAL,EUR,USD,0.0001200747894403,0.0001200747894403,-7.184327479105308e-05,0.00019191806423135308,1.16608,ASIA,NOT_TRACKED,NOT_APPLICABLE,NOT_APPLICABLE,,,,,,
9c98b97dbe4aa9c6,2026-08-25T04:00:00+00:00,2026-08-25T04:00:05.394278+00:00,GBP/USD,H1,NEUTRAL,GBP,USD,-4.4019251085770766e-05,-4.4019251085770766e-05,-7.184327479105308e-05,2.7824023705282315e-05,1.36298,ASIA,NOT_TRACKED,NOT_APPLICABLE,NOT_APPLICABLE,,,,,,
19bdabccec6a7187,2026-08-25T04:00:00+00:00,2026-08-25T04:00:05.394292+00:00,NZD/USD,H1,NEUTRAL,NZD,USD,0.0,0.0,-7.184327479105308e-05,7.184327479105308e-05,0.59608,ASIA,NOT_TRACKED,NOT_APPLICABLE,NOT_APPLICABLE,,,,,,
b518cf1ea810fa24,2026-08-25T04:00:00+00:00,2026-08-25T04:00:05.394304+00:00,USD/CAD,H1,NEUTRAL,USD,CAD,2.887502887505775e-05,-7.184327479105308e-05,-2.887502887505775e-05,-4.296824591599533e-05,1.38532,ASIA,NOT_TRACKED,NOT_APPLICABLE,NOT_APPLICABLE,,,,,,
5c6855cd8032413f,2026-08-25T04:00:00+00:00,2026-08-25T04:00:05.394320+00:00,USD/CHF,H1,NEUTRAL,USD,CHF,-0.0001244400199103,-7.184327479105308e-05,0.0001244400199103,-0.00019628329470135306,0.8035,ASIA,NOT_TRACKED,NOT_APPLICABLE,NOT_APPLICABLE,,,,,,
0669e678a479210f,2026-08-25T04:00:00+00:00,2026-08-25T04:00:05.394333+00:00,USD/JPY,H1,SHORT,USD,JPY,-0.0003312823941476,-7.184327479105308e-05,0.0003312823941476,-0.00040312566893865306,159.32784,ASIA,RECORDED,PENDING,PENDING,,,,,,
268273d6ed0e289a,2026-08-25T05:00:00+00:00,2026-08-25T05:00:06.085231+00:00,AUD/USD,H1,SHORT,AUD,USD,-0.0004194748175285,-0.0004194748175285,0.00030647151115607146,-0.0007259463286845714,0.71488,ASIA,RECORDED,PENDING,PENDING,,,,,,
63c20098b06b102a,2026-08-25T05:00:00+00:00,2026-08-25T05:00:06.085257+00:00,EUR/USD,H1,SHORT,EUR,USD,-0.000403077107793,-0.000403077107793,0.00030647151115607146,-0.0007095486189490714,1.16556,ASIA,RECORDED,PENDING,PENDING,,,,,,
0a7f854aa985e83e,2026-08-25T05:00:00+00:00,2026-08-25T05:00:06.085273+00:00,GBP/USD,H1,SHORT,GBP,USD,-0.0002054397511244,-0.0002054397511244,0.00030647151115607146,-0.0005119112622804715,1.36265,ASIA,RECORDED,PENDING,PENDING,,,,,,
2f1e50425cdc8376,2026-08-25T05:00:00+00:00,2026-08-25T05:00:06.085285+00:00,NZD/USD,H1,SHORT,NZD,USD,-0.0005033641504051,-0.0005033641504051,0.00030647151115607146,-0.0008098356615611715,0.59569,ASIA,RECORDED,PENDING,PENDING,,,,,,
ef1e71e2b735ccbc,2026-08-25T05:00:00+00:00,2026-08-25T05:00:06.085299+00:00,USD/CAD,H1,LONG,USD,CAD,0.0004042241422869,0.00030647151115607146,-0.0004042241422869,0.0007106956534429715,1.38593,ASIA,RECORDED,PENDING,PENDING,,,,,,
f237f41e79e1bec3,2026-08-25T05:00:00+00:00,2026-08-25T05:00:06.085311+00:00,USD/CHF,H1,LONG,USD,CHF,0.0003733432891543,0.00030647151115607146,-0.0003733432891543,0.0006798148003103715,0.80385,ASIA,RECORDED,PENDING,PENDING,,,,,,
1e9dfa675e2540d7,2026-08-25T05:00:00+00:00,2026-08-25T05:00:06.085324+00:00,USD/JPY,H1,NEUTRAL,USD,JPY,-0.0001636226801997,0.00030647151115607146,0.0001636226801997,0.00014284883095637147,159.30392,ASIA,NOT_TRACKED,NOT_APPLICABLE,NOT_APPLICABLE,,,,,,
eebbb47316319a56,2026-08-25T05:00:00+00:00,2026-08-25T05:05:04.773744+00:00,AUD/USD,H4,SHORT,AUD,USD,-0.0010898725687458,-0.0010898725687458,0.0012233545211282285,-0.0023132270898740285,0.7149,ASIA,RECORDED,PENDING,PENDING,,,,,,
f0b6648304bf59f1,2026-08-25T05:00:00+00:00,2026-08-25T05:05:04.773779+00:00,EUR/USD,H4,SHORT,EUR,USD,-0.0011654712017206,-0.0011654712017206,0.0012233545211282285,-0.0023888257228488283,1.16555,ASIA,RECORDED,PENDING,PENDING,,,,,,
7f294983dd207045,2026-08-25T05:00:00+00:00,2026-08-25T05:05:04.773798+00:00,GBP/USD,H4,SHORT,GBP,USD,-0.0010117598756562,-0.0010117598756562,0.0012233545211282285,-0.0022351143967844285,1.36258,ASIA,RECORDED,PENDING,PENDING,,,,,,
6cfa24dced6f16f3,2026-08-25T05:00:00+00:00,2026-08-25T05:05:04.773815+00:00,NZD/USD,H4,SHORT,NZD,USD,-0.001240673987761,-0.001240673987761,0.0012233545211282285,-0.0024640285088892286,0.59571,ASIA,RECORDED,PENDING,PENDING,,,,,,
6e417da67950e8bb,2026-08-25T05:00:00+00:00,2026-08-25T05:05:04.773830+00:00,USD/CAD,H4,LONG,USD,CAD,0.0010906543203633,0.0012233545211282285,-0.0010906543203633,0.0023140088414915286,1.386,ASIA,RECORDED,PENDING,PENDING,,,,,,
59ebe4247b59d858,2026-08-25T05:00:00+00:00,2026-08-25T05:05:04.773845+00:00,USD/CHF,H4,LONG,USD,CHF,0.002144157171707,0.0012233545211282285,-0.002144157171707,0.0033675116928352285,0.8039,ASIA,RECORDED,PENDING,PENDING,,,,,,
490541b3ae725f50,2026-08-25T05:00:00+00:00,2026-08-25T05:05:04.773859+00:00,USD/JPY,H4,LONG,USD,JPY,0.0008208925219437,0.0012233545211282285,-0.0008208925219437,0.0020442470430719287,159.31107,ASIA,RECORDED,PENDING,PENDING,,,,,,
cfe694d2dad167b6,2026-08-25T06:00:00+00:00,2026-08-25T06:00:03.976262+00:00,AUD/USD,H1,NEUTRAL,AUD,USD,-1.3988361683016016e-05,-1.3988361683016016e-05,0.00019893439401165943,-0.00021292275569467545,0.71487,ASIA,NOT_TRACKED,NOT_APPLICABLE,NOT_APPLICABLE,,,,,,
03cc69829c1ff48d,2026-08-25T06:00:00+00:00,2026-08-25T06:00:03.976291+00:00,EUR/USD,H1,NEUTRAL,EUR,USD,-0.0001372777815909,-0.0001372777815909,0.00019893439401165943,-0.0003362121756025594,1.16536,ASIA,NOT_TRACKED,NOT_APPLICABLE,NOT_APPLICABLE,,,,,,
6f09066d61efa4cc,2026-08-25T06:00:00+00:00,2026-08-25T06:00:03.976309+00:00,GBP/USD,H1,SHORT,GBP,USD,-0.0002054910134376,-0.0002054910134376,0.00019893439401165943,-0.0004044254074492594,1.36231,ASIA,RECORDED,PENDING,PENDING,,,,,,
08567b1b407b1e07,2026-08-25T06:00:00+00:00,2026-08-25T06:00:03.976323+00:00,NZD/USD,H1,SHORT,NZD,USD,-0.0005203961725701,-0.0005203961725701,0.00019893439401165943,-0.0007193305665817595,0.59539,ASIA,RECORDED,PENDING,PENDING,,,,,,
a95139d65479ba69,2026-08-25T06:00:00+00:00,2026-08-25T06:00:03.976336+00:00,USD/CAD,H1,NEUTRAL,USD,CAD,0.0001875956016046,0.00019893439401165943,-0.0001875956016046,0.0003865299956162594,1.38622,ASIA,NOT_TRACKED,NOT_APPLICABLE,NOT_APPLICABLE,,,,,,
6acc301c029002bc,2026-08-25T06:00:00+00:00,2026-08-25T06:00:03.976350+00:00,USD/CHF,H1,LONG,USD,CHF,0.0002114743494053,0.00019893439401165943,-0.0002114743494053,0.0004104087434169594,0.80405,ASIA,RECORDED,PENDING,PENDING,,,,,,
5d2c599f36964e1d,2026-08-25T06:00:00+00:00,2026-08-25T06:00:03.976362+00:00,USD/JPY,H1,NEUTRAL,USD,JPY,0.0001163174777901,0.00019893439401165943,-0.0001163174777901,0.0003152518718017594,159.32391,ASIA,NOT_TRACKED,NOT_APPLICABLE,NOT_APPLICABLE,,,,,,
b1fe197a982f2584,2026-08-25T00:00:00+00:00,2026-08-25T06:00:03.976869+00:00,EUR/USD,D1,SHORT,EUR,USD,-0.0010277228231544,-0.0010277228231544,0.0010895836700127999,-0.0021173064931672,1.16643,ASIA,RECORDED,PENDING,PENDING,,,,,,
bc7fef8d616227fb,2026-08-25T00:00:00+00:00,2026-08-25T06:00:03.976887+00:00,GBP/USD,D1,SHORT,GBP,USD,-0.000322682370542,-0.000322682370542,0.0010895836700127999,-0.0014122660405547999,1.36313,ASIA,RECORDED,PENDING,PENDING,,,,,,
8efec199aab7c0e5,2026-08-25T00:00:00+00:00,2026-08-25T06:00:03.976900+00:00,NZD/USD,D1,SHORT,NZD,USD,-0.0023770464361042,-0.0023770464361042,0.0010895836700127999,-0.003466630106117,0.59596,ASIA,RECORDED,PENDING,PENDING,,,,,,
391b57acee331474,2026-08-25T00:00:00+00:00,2026-08-25T06:00:03.976913+00:00,USD/CHF,D1,LONG,USD,CHF,0.0011851001721514,0.0010895836700127999,-0.0011851001721514,0.0022746838421642,0.80257,ASIA,RECORDED,PENDING,PENDING,,,,,,
d3649537365df506,2026-08-25T00:00:00+00:00,2026-08-25T06:00:03.976925+00:00,USD/JPY,D1,LONG,USD,JPY,0.000535366548112,0.0010895836700127999,-0.000535366548112,0.0016249502181248,159.09768,ASIA,RECORDED,PENDING,PENDING,,,,,,
22b5b1847353b505,2026-08-25T07:00:00+00:00,2026-08-25T07:00:05.956403+00:00,AUD/USD,H1,SHORT,AUD,USD,-0.0006435366536094,-0.0006435366536094,0.00026294206805346716,-0.0009064787216628671,0.71434,LONDON,RECORDED,PENDING,PENDING,,,,,,
1c9d332ffbea81f7,2026-08-25T07:00:00+00:00,2026-08-25T07:00:05.956429+00:00,EUR/USD,H1,SHORT,EUR,USD,-0.0001801987334603,-0.0001801987334603,0.00026294206805346716,-0.00044314080151376716,1.16517,LONDON,RECORDED,PENDING,PENDING,,,,,,
4e4572c89ad4f8e0,2026-08-25T07:00:00+00:00,2026-08-25T07:00:05.956443+00:00,GBP/USD,H1,NEUTRAL,GBP,USD,0.000161495151475,0.000161495151475,0.00026294206805346716,-0.00010144691657846717,1.36249,LONDON,NOT_TRACKED,NOT_APPLICABLE,NOT_APPLICABLE,,,,,,
225b639a70195bf8,2026-08-25T07:00:00+00:00,2026-08-25T07:00:05.956455+00:00,NZD/USD,H1,SHORT,NZD,USD,-0.000268744961032,-0.000268744961032,0.00026294206805346716,-0.0005316870290854672,0.5952,LONDON,RECORDED,PENDING,PENDING,,,,,,
137fcc8a0efa8e60,2026-08-25T07:00:00+00:00,2026-08-25T07:00:05.956467+00:00,USD/CAD,H1,LONG,USD,CAD,0.0003246237970885,0.00026294206805346716,-0.0003246237970885,0.0005875658651419671,1.38667,LONDON,RECORDED,PENDING,PENDING,,,,,,
3c0c64b9b4ff2f0d,2026-08-25T07:00:00+00:00,2026-08-25T07:00:05.956478+00:00,USD/CHF,H1,NEUTRAL,USD,CHF,9.949258780217015e-05,0.00026294206805346716,-9.949258780217015e-05,0.0003624346558556373,0.80416,LONDON,NOT_TRACKED,NOT_APPLICABLE,NOT_APPLICABLE,,,,,,
32bc6470f19300e6,2026-08-25T07:00:00+00:00,2026-08-25T07:00:05.956488+00:00,USD/JPY,H1,LONG,USD,JPY,0.0004854928948569,0.00026294206805346716,-0.0004854928948569,0.0007484349629103672,159.39997,LONDON,RECORDED,PENDING,PENDING,,,,,,
ee05253dec0f5bfe,2026-08-25T12:00:00+00:00,2026-08-25T12:00:07.474797+00:00,AUD/USD,H1,NEUTRAL,AUD,USD,0.0001258230927316,0.0001258230927316,-4.146061430722725e-05,0.00016728370703882723,0.71538,LONDON_NY_OVERLAP,NOT_TRACKED,NOT_APPLICABLE,NOT_APPLICABLE,,,,,,
4341023291df8677,2026-08-25T12:00:00+00:00,2026-08-25T12:00:07.474830+00:00,EUR/USD,H1,NEUTRAL,EUR,USD,-0.0002572192880169,-0.0002572192880169,-4.146061430722725e-05,-0.00021575867370967272,1.16602,LONDON_NY_OVERLAP,NOT_TRACKED,NOT_APPLICABLE,NOT_APPLICABLE,,,,,,
adb5645a8219d402,2026-08-25T12:00:00+00:00,2026-08-25T12:00:07.474849+00:00,GBP/USD,H1,NEUTRAL,GBP,USD,-5.867640695027908e-05,-5.867640695027908e-05,-4.146061430722725e-05,-1.7215792643051832e-05,1.36333,LONDON_NY_OVERLAP,NOT_TRACKED,NOT_APPLICABLE,NOT_APPLICABLE,,,,,,
3df2191a39c913c2,2026-08-25T12:00:00+00:00,2026-08-25T12:00:07.474865+00:00,NZD/USD,H1,LONG,NZD,USD,0.0003857248272622,0.0003857248272622,-4.146061430722725e-05,0.00042718544156942725,0.59651,LONDON_NY_OVERLAP,RECORDED,PENDING,PENDING,,,,,,
279a4c5ff8d98af4,2026-08-25T12:00:00+00:00,2026-08-25T12:00:07.474880+00:00,USD/CAD,H1,NEUTRAL,USD,CAD,5.050650812434305e-05,-4.146061430722725e-05,-5.050650812434305e-05,9.0458938171158e-06,1.38603,LONDON_NY_OVERLAP,NOT_TRACKED,NOT_APPLICABLE,NOT_APPLICABLE,,,,,,
d16d3f0f77ed4823,2026-08-25T12:00:00+00:00,2026-08-25T12:00:07.474894+00:00,USD/CHF,H1,NEUTRAL,USD,CHF,-2.4913425845212886e-05,-4.146061430722725e-05,2.4913425845212886e-05,-6.637404015244014e-05,0.80276,LONDON_NY_OVERLAP,NOT_TRACKED,NOT_APPLICABLE,NOT_APPLICABLE,,,,,,
a4aeeb02918be7b8,2026-08-25T12:00:00+00:00,2026-08-25T12:00:07.474907+00:00,USD/JPY,H1,NEUTRAL,USD,JPY,-0.0001201651574031,-4.146061430722725e-05,0.0001201651574031,-0.00016162577171032724,159.26164,LONDON_NY_OVERLAP,NOT_TRACKED,NOT_APPLICABLE,NOT_APPLICABLE,,,,,,
c2849a70f98e74dd,2026-08-25T13:00:00+00:00,2026-08-25T13:00:07.765824+00:00,AUD/USD,H1,NEUTRAL,AUD,USD,5.591277606923257e-05,5.591277606923257e-05,-9.757233676078283e-05,0.0001534851128300154,0.71544,LONDON_NY_OVERLAP,NOT_TRACKED,NOT_APPLICABLE,NOT_APPLICABLE,,,,,,
3ec3b10b37aa6028,2026-08-25T13:00:00+00:00,2026-08-25T13:00:07.765851+00:00,EUR/USD,H1,LONG,EUR,USD,0.0005059947513763,0.0005059947513763,-9.757233676078283e-05,0.0006035670881370829,1.16661,LONDON_NY_OVERLAP,RECORDED,PENDING,PENDING,,,,,,
5d8ef9af85b25153,2026-08-25T13:00:00+00:00,2026-08-25T13:00:07.765868+00:00,GBP/USD,H1,NEUTRAL,GBP,USD,9.535545579905191e-05,9.535545579905191e-05,-9.757233676078283e-05,0.00019292779255983473,1.36345,LONDON_NY_OVERLAP,NOT_TRACKED,NOT_APPLICABLE,NOT_APPLICABLE,,,,,,
a829de8677dcd053,2026-08-25T13:00:00+00:00,2026-08-25T13:00:07.765881+00:00,NZD/USD,H1,NEUTRAL,NZD,USD,-5.028916268539853e-05,-5.028916268539853e-05,-9.757233676078283e-05,4.7283174075384296e-05,0.59652,LONDON_NY_OVERLAP,NOT_TRACKED,NOT_APPLICABLE,NOT_APPLICABLE,,,,,,
a693acef163bebbf,2026-08-25T13:00:00+00:00,2026-08-25T13:00:07.765895+00:00,USD/CAD,H1,SHORT,USD,CAD,-0.0003968311231042,-9.757233676078283e-05,0.0003968311231042,-0.0004944034598649828,1.38543,LONDON_NY_OVERLAP,RECORDED,PENDING,PENDING,,,,,,
e663d3e5807cccd6,2026-08-25T13:00:00+00:00,2026-08-25T13:00:07.765908+00:00,USD/CHF,H1,NEUTRAL,USD,CHF,8.720242173570624e-05,-9.757233676078283e-05,-8.720242173570624e-05,-1.0369915025076591e-05,0.8028,LONDON_NY_OVERLAP,NOT_TRACKED,NOT_APPLICABLE,NOT_APPLICABLE,,,,,,
045ab5ed81837675,2026-08-25T13:00:00+00:00,2026-08-25T13:00:07.765920+00:00,USD/JPY,H1,NEUTRAL,USD,JPY,0.0002335961646022,-9.757233676078283e-05,-0.0002335961646022,0.0001360238278414172,159.28639,LONDON_NY_OVERLAP,NOT_TRACKED,NOT_APPLICABLE,NOT_APPLICABLE,,,,,,
8f5e6edda9e057d6,2026-08-25T13:00:00+00:00,2026-08-25T13:05:04.872963+00:00,AUD/USD,H4,LONG,AUD,USD,0.0009653184851494,0.0009653184851494,-0.000536341567395645,0.0015016600525450449,0.71548,LONDON_NY_OVERLAP,RECORDED,PENDING,PENDING,,,,,,
3787afea7b43aea7,2026-08-25T13:00:00+00:00,2026-08-25T13:05:04.873031+00:00,EUR/USD,H4,LONG,EUR,USD,-1.714368983628546e-05,-1.714368983628546e-05,-0.000536341567395645,0.0005191978775593595,1.16659,LONDON_NY_OVERLAP,RECORDED,PENDING,PENDING,,,,,,
a9eba7fd83e7c21d,2026-08-25T13:00:00+00:00,2026-08-25T13:05:04.873281+00:00,GBP/USD,H4,NEUTRAL,GBP,USD,-0.0003885317166503,-0.0003885317166503,-0.000536341567395645,0.000147809850745345,1.36358,LONDON_NY_OVERLAP,NOT_TRACKED,NOT_APPLICABLE,NOT_APPLICABLE,,,,,,
deb3222e73ce204d,2026-08-25T13:00:00+00:00,2026-08-25T13:05:04.873329+00:00,NZD/USD,H4,LONG,NZD,USD,0.0018811515334744,0.0018811515334744,-0.000536341567395645,0.002417493100870045,0.5965,LONDON_NY_OVERLAP,RECORDED,PENDING,PENDING,,,,,,
7587bf27b32c5d6e,2026-08-25T13:00:00+00:00,2026-08-25T13:05:04.873374+00:00,USD/CAD,H4,SHORT,USD,CAD,-0.0005699280015004,-0.000536341567395645,0.0005699280015004,-0.0011062695688960449,1.38535,LONDON_NY_OVERLAP,RECORDED,PENDING,PENDING,,,,,,
6f85bf8a6e2a7bfb,2026-08-25T13:00:00+00:00,2026-08-25T13:05:04.873405+00:00,USD/CHF,H4,SHORT,USD,CHF,-0.0001868344024412,-0.000536341567395645,0.0001868344024412,-0.000723175969836845,0.8027,LONDON_NY_OVERLAP,RECORDED,PENDING,PENDING,,,,,,
0eaa73ab0359edd6,2026-08-25T13:00:00+00:00,2026-08-25T13:05:04.873419+00:00,USD/JPY,H4,SHORT,USD,JPY,-0.0005568339556907,-0.000536341567395645,0.0005568339556907,-0.0010931755230863451,159.29449,LONDON_NY_OVERLAP,RECORDED,PENDING,PENDING,,,,,,
c61e1e86e64cb853,2026-08-25T16:00:00+00:00,2026-08-25T16:00:08.286278+00:00,AUD/USD,H1,NEUTRAL,AUD,USD,0.000153684945861,0.000153684945861,-0.000160635450270977,0.00031432039613197703,0.71586,NEW_YORK,NOT_TRACKED,NOT_APPLICABLE,NOT_APPLICABLE,,,,,,
f232804c020b2674,2026-08-25T16:00:00+00:00,2026-08-25T16:00:08.286310+00:00,EUR/USD,H1,NEUTRAL,EUR,USD,0.0001799485861182,0.0001799485861182,-0.000160635450270977,0.000340584036389177,1.16721,NEW_YORK,NOT_TRACKED,NOT_APPLICABLE,NOT_APPLICABLE,,,,,,
59c8e6e1f3a984c1,2026-08-25T16:00:00+00:00,2026-08-25T16:00:08.286330+00:00,GBP/USD,H1,LONG,GBP,USD,0.0002787149772627,0.0002787149772627,-0.000160635450270977,0.000439350427533677,1.36378,NEW_YORK,RECORDED,PENDING,PENDING,,,,,,
d880a557ac513702,2026-08-25T16:00:00+00:00,2026-08-25T16:00:08.286347+00:00,NZD/USD,H1,NEUTRAL,NZD,USD,6.700391972937118e-05,6.700391972937118e-05,-0.000160635450270977,0.0002276393700003482,0.59702,NEW_YORK,NOT_TRACKED,NOT_APPLICABLE,NOT_APPLICABLE,,,,,,
07d55edbe084866a,2026-08-25T16:00:00+00:00,2026-08-25T16:00:08.286365+00:00,USD/CAD,H1,NEUTRAL,USD,CAD,-7.227731359567687e-06,-0.000160635450270977,7.227731359567687e-06,-0.0001678631816305447,1.38355,NEW_YORK,NOT_TRACKED,NOT_APPLICABLE,NOT_APPLICABLE,,,,,,
03a853824e3dee1c,2026-08-25T16:00:00+00:00,2026-08-25T16:00:08.286382+00:00,USD/CHF,H1,SHORT,USD,CHF,-0.0002989722827779,-0.000160635450270977,0.0002989722827779,-0.00045960773304887703,0.80251,NEW_YORK,RECORDED,PENDING,PENDING,,,,,,
5c90fe78d656fc5d,2026-08-25T16:00:00+00:00,2026-08-25T16:00:08.286398+00:00,USD/JPY,H1,NEUTRAL,USD,JPY,-0.0001388957087881,-0.000160635450270977,0.0001388957087881,-0.000299531159059077,159.23406,NEW_YORK,NOT_TRACKED,NOT_APPLICABLE,NOT_APPLICABLE,,,,,,
ef1eb0a193db95d1,2026-08-25T17:00:00+00:00,2026-08-25T17:00:07.034137+00:00,AUD/USD,H1,SHORT,AUD,USD,-0.0004749399340671,-0.0004749399340671,0.0002678986899864718,-0.0007428386240535718,0.71554,NEW_YORK,RECORDED,PENDING,PENDING,,,,,,
4eb871110b05ff38,2026-08-25T17:00:00+00:00,2026-08-25T17:00:07.034165+00:00,EUR/USD,H1,NEUTRAL,EUR,USD,-8.567291793390248e-05,-8.567291793390248e-05,0.0002678986899864718,-0.00035357160792037426,1.16713,NEW_YORK,NOT_TRACKED,NOT_APPLICABLE,NOT_APPLICABLE,,,,,,
8777214521325cb7,2026-08-25T17:00:00+00:00,2026-08-25T17:00:07.034184+00:00,GBP/USD,H1,SHORT,GBP,USD,-0.0003079494962826,-0.0003079494962826,0.0002678986899864718,-0.0005758481862690718,1.36344,NEW_YORK,RECORDED,PENDING,PENDING,,,,,,
7c4cff98d2fecc3d,2026-08-25T17:00:00+00:00,2026-08-25T17:00:07.034199+00:00,NZD/USD,H1,SHORT,NZD,USD,-0.000217740854884,-0.000217740854884,0.0002678986899864718,-0.0004856395448704718,0.59691,NEW_YORK,RECORDED,PENDING,PENDING,,,,,,
bf44b0a9f2acf5cb,2026-08-25T17:00:00+00:00,2026-08-25T17:00:07.034216+00:00,USD/CAD,H1,LONG,USD,CAD,0.0002891134336556,0.0002678986899864718,-0.0002891134336556,0.0005570121236420718,1.38394,NEW_YORK,RECORDED,PENDING,PENDING,,,,,,
bc6f3765f413df80,2026-08-25T17:00:00+00:00,2026-08-25T17:00:07.034229+00:00,USD/CHF,H1,LONG,USD,CHF,0.0001619957881094,0.0002678986899864718,-0.0001619957881094,0.0004298944780958718,0.80262,NEW_YORK,RECORDED,PENDING,PENDING,,,,,,
04dadecf95d3e8e4,2026-08-25T17:00:00+00:00,2026-08-25T17:00:07.034242+00:00,USD/JPY,H1,LONG,USD,JPY,0.0003378784049727,0.0002678986899864718,-0.0003378784049727,0.0006057770949591719,159.28268,NEW_YORK,RECORDED,PENDING,PENDING,,,,,,
53d307fd691061f0,2026-08-25T18:00:00+00:00,2026-08-25T18:00:10.667691+00:00,AUD/USD,H1,LONG,AUD,USD,0.0004612546125461,0.0004612546125461,-0.0005467925658941,0.0010080471784401999,0.71577,NEW_YORK,RECORDED,PENDING,PENDING,,,,,,
47da45469490a6c7,2026-08-25T18:00:00+00:00,2026-08-25T18:00:10.667736+00:00,EUR/USD,H1,LONG,EUR,USD,0.000359887920619,0.000359887920619,-0.0005467925658941,0.0009066804865131,1.16745,NEW_YORK,RECORDED,PENDING,PENDING,,,,,,
83ecee1b0f2a8817,2026-08-25T18:00:00+00:00,2026-08-25T18:00:10.667758+00:00,GBP/USD,H1,LONG,GBP,USD,0.000777508013467,0.000777508013467,-0.0005467925658941,0.0013243005793611,1.36439,NEW_YORK,RECORDED,PENDING,PENDING,,,,,,
220cab579159240f,2026-08-25T18:00:00+00:00,2026-08-25T18:00:10.667784+00:00,NZD/USD,H1,LONG,NZD,USD,0.0007036826056363,0.0007036826056363,-0.0005467925658941,0.0012504751715304,0.59728,NEW_YORK,RECORDED,PENDING,PENDING,,,,,,
5dc5b3096abd6cee,2026-08-25T18:00:00+00:00,2026-08-25T18:00:10.667801+00:00,USD/CAD,H1,SHORT,USD,CAD,-0.0003396027370535,-0.0005467925658941,0.0003396027370535,-0.0008863953029476,1.3835,NEW_YORK,RECORDED,PENDING,PENDING,,,,,,
204960619178234c,2026-08-25T18:00:00+00:00,2026-08-25T18:00:10.667817+00:00,USD/CHF,H1,SHORT,USD,CHF,-0.0008595988538681,-0.0005467925658941,0.0008595988538681,-0.0014063914197622,0.80201,NEW_YORK,RECORDED,PENDING,PENDING,,,,,,
a2fc14cd79121267,2026-08-25T18:00:00+00:00,2026-08-25T18:00:10.667833+00:00,USD/JPY,H1,SHORT,USD,JPY,-0.0003260132180687,-0.0005467925658941,0.0003260132180687,-0.0008728057839628,159.23609,NEW_YORK,RECORDED,PENDING,PENDING,,,,,,
0f9bf51c4bf65658,2026-08-25T20:00:00+00:00,2026-08-25T20:00:07.426954+00:00,AUD/USD,H1,LONG,AUD,USD,0.0007961338622268,0.0007961338622268,-0.0005946084984024154,0.0013907423606292154,0.71653,NEW_YORK,RECORDED,PENDING,PENDING,,,,,,
ab15910842ce21dd,2026-08-25T20:00:00+00:00,2026-08-25T20:00:07.426991+00:00,EUR/USD,H1,LONG,EUR,USD,0.0001970122661549,0.0001970122661549,-0.0005946084984024154,0.0007916207645573154,1.16767,NEW_YORK,RECORDED,PENDING,PENDING,,,,,,
a0e6ac36296fa62a,2026-08-25T20:00:00+00:00,2026-08-25T20:00:07.427012+00:00,GBP/USD,H1,LONG,GBP,USD,0.0005203142404877,0.0005203142404877,-0.0005946084984024154,0.0011149227388901153,1.36527,NEW_YORK,RECORDED,PENDING,PENDING,,,,,,
72e2cb166580990d,2026-08-25T20:00:00+00:00,2026-08-25T20:00:07.427034+00:00,NZD/USD,H1,LONG,NZD,USD,0.0010882121511443,0.0010882121511443,-0.0005946084984024154,0.0016828206495467155,0.59796,NEW_YORK,RECORDED,PENDING,PENDING,,,,,,
931e5c64264b0626,2026-08-25T20:00:00+00:00,2026-08-25T20:00:07.427050+00:00,USD/CAD,H1,SHORT,USD,CAD,3.61545970570921e-05,-0.0005946084984024154,-3.61545970570921e-05,-0.0005584539013453233,1.383,NEW_YORK,RECORDED,PENDING,PENDING,,,,,,
01bab89d65490002,2026-08-25T20:00:00+00:00,2026-08-25T20:00:07.427066+00:00,USD/CHF,H1,SHORT,USD,CHF,-0.0007980248884011,-0.0005946084984024154,0.0007980248884011,-0.0013926333868035153,0.80134,NEW_YORK,RECORDED,PENDING,PENDING,,,,,,
094a94096dbb8d4a,2026-08-25T20:00:00+00:00,2026-08-25T20:00:07.427081+00:00,USD/JPY,H1,SHORT,USD,JPY,-0.0007987166774592,-0.0005946084984024154,0.0007987166774592,-0.0013933251758616156,159.10325,NEW_YORK,RECORDED,PENDING,PENDING,,,,,,
c290692c43618150,2026-08-25T21:00:00+00:00,2026-08-25T21:00:04.356435+00:00,AUD/USD,H1,NEUTRAL,AUD,USD,2.7911130959054376e-05,2.7911130959054376e-05,0.0003062260465848792,-0.0002783149156258248,0.71658,LATE_NY,NOT_TRACKED,NOT_APPLICABLE,NOT_APPLICABLE,,,,,,
9d4a8b97ba6e700c,2026-08-25T21:00:00+00:00,2026-08-25T21:00:04.356459+00:00,EUR/USD,H1,SHORT,EUR,USD,-0.0001027661214352,-0.0001027661214352,0.0003062260465848792,-0.0004089921680200792,1.16758,LATE_NY,RECORDED,PENDING,PENDING,,,,,,
6304202cba431fbc,2026-08-25T21:00:00+00:00,2026-08-25T21:00:04.356473+00:00,GBP/USD,H1,SHORT,GBP,USD,-0.0002050801277356,-0.0002050801277356,0.0003062260465848792,-0.0005113061743204792,1.36504,LATE_NY,RECORDED,PENDING,PENDING,,,,,,
170fd5041c853486,2026-08-25T21:00:00+00:00,2026-08-25T21:00:04.356484+00:00,NZD/USD,H1,SHORT,NZD,USD,-0.0003177257525084,-0.0003177257525084,0.0003062260465848792,-0.0006239517990932792,0.59781,LATE_NY,RECORDED,PENDING,PENDING,,,,,,
e39cb6d8936205f9,2026-08-25T21:00:00+00:00,2026-08-25T21:00:04.356495+00:00,USD/CAD,H1,LONG,USD,CAD,0.0008243188523168,0.0003062260465848792,-0.0008243188523168,0.0011305448989016793,1.3841,LATE_NY,RECORDED,PENDING,PENDING,,,,,,
028663573e0b49e4,2026-08-25T21:00:00+00:00,2026-08-25T21:00:04.356506+00:00,USD/CHF,H1,NEUTRAL,USD,CHF,6.240093851010832e-05,0.0003062260465848792,-6.240093851010832e-05,0.0003686269850949875,0.80132,LATE_NY,NOT_TRACKED,NOT_APPLICABLE,NOT_APPLICABLE,,,,,,
e289cbad44bf4858,2026-08-25T21:00:00+00:00,2026-08-25T21:00:04.356517+00:00,USD/JPY,H1,LONG,USD,JPY,0.0006592016645471,0.0003062260465848792,-0.0006592016645471,0.0009654277111319791,159.20642,LATE_NY,RECORDED,PENDING,PENDING,,,,,,
0fd7a1f0d6f30aa9,2026-08-25T21:00:00+00:00,2026-08-25T21:05:04.924487+00:00,AUD/USD,H4,LONG,AUD,USD,0.0014117186626412,0.0014117186626412,-0.0008893933871460285,0.0023011120497872283,0.71645,LATE_NY,RECORDED,PENDING,PENDING,,,,,,
0f6294be212f607e,2026-08-25T21:00:00+00:00,2026-08-25T21:05:04.924515+00:00,EUR/USD,H4,LONG,EUR,USD,0.0003770254406484,0.0003770254406484,-0.0008893933871460285,0.0012664188277944285,1.16747,LATE_NY,RECORDED,PENDING,PENDING,,,,,,
dd37e2c6f4d539dc,2026-08-25T21:00:00+00:00,2026-08-25T21:05:04.924533+00:00,GBP/USD,H4,LONG,GBP,USD,0.0011515920576823,0.0011515920576823,-0.0008893933871460285,0.0020409854448283286,1.3649,LATE_NY,RECORDED,PENDING,PENDING,,,,,,
f38bad25b24d6957,2026-08-25T21:00:00+00:00,2026-08-25T21:05:04.924547+00:00,NZD/USD,H4,LONG,NZD,USD,0.0015749086888048,0.0015749086888048,-0.0008893933871460285,0.0024643020759508283,0.5978,LATE_NY,RECORDED,PENDING,PENDING,,,,,,
7dfd695a72599d35,2026-08-25T21:00:00+00:00,2026-08-25T21:05:04.924561+00:00,USD/CAD,H4,SHORT,USD,CAD,0.0003468283272036,-0.0008893933871460285,-0.0003468283272036,-0.0005425650599424285,1.38445,LATE_NY,RECORDED,PENDING,PENDING,,,,,,
d2776fb666a2747b,2026-08-25T21:00:00+00:00,2026-08-25T21:05:04.924574+00:00,USD/CHF,H4,SHORT,USD,CHF,-0.0015821602092936,-0.0008893933871460285,0.0015821602092936,-0.0024715535964396286,0.80143,LATE_NY,RECORDED,PENDING,PENDING,,,,,,
e0a05448297874ec,2026-08-25T21:00:00+00:00,2026-08-25T21:05:04.924589+00:00,USD/JPY,H4,SHORT,USD,JPY,-0.0004751769781555,-0.0008893933871460285,0.0004751769781555,-0.0013645703653015285,159.21233,LATE_NY,RECORDED,PENDING,PENDING,,,,,,
6d7046326f003ccf,2026-08-26T04:00:00+00:00,2026-08-26T04:00:10.353985+00:00,AUD/USD,H1,LONG,AUD,USD,0.000529380624669,0.000529380624669,0.00012069595381175714,0.00040868467085724284,0.7182,ASIA,RECORDED,PENDING,PENDING,,,,,,
0f2c15827d525c4e,2026-08-26T04:00:00+00:00,2026-08-26T04:00:10.354014+00:00,EUR/USD,H1,NEUTRAL,EUR,USD,-0.0002485579354264,-0.0002485579354264,0.00012069595381175714,-0.00036925388923815717,1.16644,ASIA,NOT_TRACKED,NOT_APPLICABLE,NOT_APPLICABLE,,,,,,
2f0628a7a9f6096e,2026-08-26T04:00:00+00:00,2026-08-26T04:00:10.354032+00:00,GBP/USD,H1,NEUTRAL,GBP,USD,-0.0002272710610626,-0.0002272710610626,0.00012069595381175714,-0.00034796701487435714,1.3637,ASIA,NOT_TRACKED,NOT_APPLICABLE,NOT_APPLICABLE,,,,,,
d7cf6b687d58862c,2026-08-26T04:00:00+00:00,2026-08-26T04:00:10.354046+00:00,NZD/USD,H1,SHORT,NZD,USD,-0.0007381311860426,-0.0007381311860426,0.00012069595381175714,-0.0008588271398543571,0.59566,ASIA,RECORDED,PENDING,PENDING,,,,,,
62e58991a60032c3,2026-08-26T04:00:00+00:00,2026-08-26T04:00:10.354060+00:00,USD/CAD,H1,NEUTRAL,USD,CAD,0.0002742573399925,0.00012069595381175714,-0.0002742573399925,0.00039495329380425715,1.38594,ASIA,NOT_TRACKED,NOT_APPLICABLE,NOT_APPLICABLE,,,,,,
1373b219544238be,2026-08-26T04:00:00+00:00,2026-08-26T04:00:10.354073+00:00,USD/CHF,H1,LONG,USD,CHF,0.0003611951824035,0.00012069595381175714,-0.0003611951824035,0.00048189113621525714,0.80318,ASIA,RECORDED,PENDING,PENDING,,,,,,
de8c2e4ad193624a,2026-08-26T04:00:00+00:00,2026-08-26T04:00:10.354086+00:00,USD/JPY,H1,NEUTRAL,USD,JPY,-0.0004751604035763,0.00012069595381175714,0.0004751604035763,-0.00035446444976454286,158.96546,ASIA,NOT_TRACKED,NOT_APPLICABLE,NOT_APPLICABLE,,,,,,
8424380ca2a6df45,2026-08-26T05:00:00+00:00,2026-08-26T05:00:06.633493+00:00,AUD/USD,H1,SHORT,AUD,USD,-0.000710138268098,-0.000710138268098,0.0004133236865466429,-0.001123461954644643,0.71766,ASIA,RECORDED,PENDING,PENDING,,,,,,
83163e8f61d244f7,2026-08-26T05:00:00+00:00,2026-08-26T05:00:06.633524+00:00,EUR/USD,H1,SHORT,EUR,USD,-0.000137171859193,-0.000137171859193,0.0004133236865466429,-0.000550495545739643,1.16626,ASIA,RECORDED,PENDING,PENDING,,,,,,
edfc35a511bdf960,2026-08-26T05:00:00+00:00,2026-08-26T05:00:06.633541+00:00,GBP/USD,H1,SHORT,GBP,USD,-0.0002639915522702,-0.0002639915522702,0.0004133236865466429,-0.0006773152388168429,1.36332,ASIA,RECORDED,PENDING,PENDING,,,,,,
c34197b463cefd04,2026-08-26T05:00:00+00:00,2026-08-26T05:00:06.633557+00:00,NZD/USD,H1,SHORT,NZD,USD,-0.0004365126001041,-0.0004365126001041,0.0004133236865466429,-0.0008498362866507429,0.59537,ASIA,RECORDED,PENDING,PENDING,,,,,,
6380af22ec9bdb5c,2026-08-26T05:00:00+00:00,2026-08-26T05:00:06.633570+00:00,USD/CAD,H1,LONG,USD,CAD,0.0003896385020564,0.0004133236865466429,-0.0003896385020564,0.0008029621886030429,1.38644,ASIA,RECORDED,PENDING,PENDING,,,,,,
41f2af01c074c685,2026-08-26T05:00:00+00:00,2026-08-26T05:00:06.633583+00:00,USD/CHF,H1,LONG,USD,CHF,0.0004731193505814,0.0004133236865466429,-0.0004731193505814,0.0008864430371280428,0.80356,ASIA,RECORDED,PENDING,PENDING,,,,,,
b185abd33b2e283d,2026-08-26T05:00:00+00:00,2026-08-26T05:00:06.633597+00:00,USD/JPY,H1,LONG,USD,JPY,0.0004826936735234,0.0004133236865466429,-0.0004826936735234,0.0008960173600700428,159.03883,ASIA,RECORDED,PENDING,PENDING,,,,,,
103418460d8f08af,2026-08-26T00:00:00+00:00,2026-08-26T05:00:06.634694+00:00,EUR/USD,D1,LONG,EUR,USD,0.0008916094407722,0.0008916094407722,-0.00120053263053094,0.00209214207130314,1.16747,ASIA,RECORDED,PENDING,PENDING,,,,,,
b3915ad021a26e20,2026-08-26T00:00:00+00:00,2026-08-26T05:00:06.634713+00:00,GBP/USD,D1,LONG,GBP,USD,0.001320519404299,0.001320519404299,-0.00120053263053094,0.00252105203482994,1.3649,ASIA,RECORDED,PENDING,PENDING,,,,,,
743f1eea9cd81afd,2026-08-26T00:00:00+00:00,2026-08-26T05:00:06.634727+00:00,NZD/USD,D1,LONG,NZD,USD,0.0031042872724222,0.0031042872724222,-0.00120053263053094,0.00430481990295314,0.5978,ASIA,RECORDED,PENDING,PENDING,,,,,,
27d9c203b99cde40,2026-08-26T00:00:00+00:00,2026-08-26T05:00:06.634741+00:00,USD/CHF,D1,SHORT,USD,CHF,-0.0013955516790231,-0.00120053263053094,0.0013955516790231,-0.0025960843095540398,0.80143,ASIA,RECORDED,PENDING,PENDING,,,,,,
8f8076b20815703e,2026-08-26T00:00:00+00:00,2026-08-26T05:00:06.634754+00:00,USD/JPY,D1,NEUTRAL,USD,JPY,0.0007093046438618,-0.00120053263053094,-0.0007093046438618,-0.00049122798666914,159.21233,ASIA,NOT_TRACKED,NOT_APPLICABLE,NOT_APPLICABLE,,,,,,
b37af7ee24025899,2026-08-26T05:00:00+00:00,2026-08-26T05:05:04.786100+00:00,AUD/USD,H4,LONG,AUD,USD,0.0019823819296114,0.0019823819296114,0.0009186098805249856,0.0010637720490864143,0.71773,ASIA,RECORDED,PENDING,PENDING,,,,,,
bc48caa16146ab82,2026-08-26T05:00:00+00:00,2026-08-26T05:05:04.786133+00:00,EUR/USD,H4,SHORT,EUR,USD,-0.0009080551343665,-0.0009080551343665,0.0009186098805249856,-0.0018266650148914855,1.16627,ASIA,RECORDED,PENDING,PENDING,,,,,,
80328d8fdc15d065,2026-08-26T05:00:00+00:00,2026-08-26T05:05:04.786152+00:00,GBP/USD,H4,SHORT,GBP,USD,-0.000908691191558,-0.000908691191558,0.0009186098805249856,-0.0018273010720829858,1.36336,ASIA,RECORDED,PENDING,PENDING,,,,,,
100c35e6afe46ad2,2026-08-26T05:00:00+00:00,2026-08-26T05:05:04.786171+00:00,NZD/USD,H4,SHORT,NZD,USD,-0.0035813502024967,-0.0035813502024967,0.0009186098805249856,-0.004499960083021686,0.5954,ASIA,RECORDED,PENDING,PENDING,,,,,,
c22729620f71fe04,2026-08-26T05:00:00+00:00,2026-08-26T05:05:04.786187+00:00,USD/CAD,H4,LONG,USD,CAD,0.001538694926641,0.0009186098805249856,-0.001538694926641,0.0024573048071659855,1.38642,ASIA,RECORDED,PENDING,PENDING,,,,,,
85836a57affbda81,2026-08-26T05:00:00+00:00,2026-08-26T05:05:04.786201+00:00,USD/CHF,H4,LONG,USD,CHF,0.002245004864177,0.0009186098805249856,-0.002245004864177,0.0031636147447019858,0.80358,ASIA,RECORDED,PENDING,PENDING,,,,,,
1dc2c82796a3b45f,2026-08-26T05:00:00+00:00,2026-08-26T05:05:04.786216+00:00,USD/JPY,H4,NEUTRAL,USD,JPY,-0.0007691452259529,0.0009186098805249856,0.0007691452259529,0.00014946465457208564,159.04128,ASIA,NOT_TRACKED,NOT_APPLICABLE,NOT_APPLICABLE,,,,,,
df1647803c4378dc,2026-08-26T08:00:00+00:00,2026-08-26T08:00:06.001486+00:00,AUD/USD,H1,NEUTRAL,AUD,USD,6.964176277229162e-05,6.964176277229162e-05,-0.00028350530531935593,0.00035314706809164755,0.71801,LONDON,NOT_TRACKED,NOT_APPLICABLE,NOT_APPLICABLE,,,,,,
15abf5a617b96019,2026-08-26T08:00:00+00:00,2026-08-26T08:00:06.001523+00:00,EUR/USD,H1,LONG,EUR,USD,0.0003085811268353,0.0003085811268353,-0.00028350530531935593,0.0005920864321546559,1.16699,LONDON,RECORDED,PENDING,PENDING,,,,,,
b5e9cd57093fc7ed,2026-08-26T08:00:00+00:00,2026-08-26T08:00:06.001545+00:00,GBP/USD,H1,NEUTRAL,GBP,USD,-7.335304085030037e-05,-7.335304085030037e-05,-0.00028350530531935593,0.00021015226446905556,1.36317,LONDON,NOT_TRACKED,NOT_APPLICABLE,NOT_APPLICABLE,,,,,,
02dd00c5b5ca62ae,2026-08-26T08:00:00+00:00,2026-08-26T08:00:06.001563+00:00,NZD/USD,H1,LONG,NZD,USD,0.0011096913040554,0.0011096913040554,-0.00028350530531935593,0.0013931966093747561,0.59542,LONDON,RECORDED,PENDING,PENDING,,,,,,
50bac67cacbc2329,2026-08-26T08:00:00+00:00,2026-08-26T08:00:06.001583+00:00,USD/CAD,H1,NEUTRAL,USD,CAD,0.0001803504570079,-0.00028350530531935593,-0.0001803504570079,-0.00010315484831145593,1.38644,LONDON,NOT_TRACKED,NOT_APPLICABLE,NOT_APPLICABLE,,,,,,
5d1bfb7f524f3915,2026-08-26T08:00:00+00:00,2026-08-26T08:00:06.001600+00:00,USD/CHF,H1,SHORT,USD,CHF,-0.0004728838447944,-0.00028350530531935593,0.0004728838447944,-0.000756389150113756,0.8032,LONDON,RECORDED,PENDING,PENDING,,,,,,
0a764402005789b0,2026-08-26T08:00:00+00:00,2026-08-26T08:00:06.001615+00:00,USD/JPY,H1,SHORT,USD,JPY,-0.0002774425966363,-0.00028350530531935593,0.0002774425966363,-0.000560947901955656,159.0158,LONDON,RECORDED,PENDING,PENDING,,,,,,
b785f077139ac836,2026-08-26T10:00:00+00:00,2026-08-26T10:00:08.100344+00:00,AUD/USD,H1,NEUTRAL,AUD,USD,0.0001392680073533,0.0001392680073533,5.5689048795733386e-05,8.35789585575666e-05,0.71814,LONDON,NOT_TRACKED,NOT_APPLICABLE,NOT_APPLICABLE,,,,,,
a1177ec7ba5f0447,2026-08-26T10:00:00+00:00,2026-08-26T10:00:08.100370+00:00,EUR/USD,H1,NEUTRAL,EUR,USD,-0.0003170386872884,-0.0003170386872884,5.5689048795733386e-05,-0.00037272773608413337,1.16668,LONDON,NOT_TRACKED,NOT_APPLICABLE,NOT_APPLICABLE,,,,,,
592d169a8b7ce6ba,2026-08-26T10:00:00+00:00,2026-08-26T10:00:08.100387+00:00,GBP/USD,H1,NEUTRAL,GBP,USD,2.20143093011899e-05,2.20143093011899e-05,5.5689048795733386e-05,-3.3674739494543484e-05,1.36278,LONDON,NOT_TRACKED,NOT_APPLICABLE,NOT_APPLICABLE,,,,,,
4f39a90435f9e920,2026-08-26T10:00:00+00:00,2026-08-26T10:00:08.100402+00:00,NZD/USD,H1,NEUTRAL,NZD,USD,-0.0002014707363755,-0.0002014707363755,5.5689048795733386e-05,-0.0002571597851712334,0.5955,LONDON,NOT_TRACKED,NOT_APPLICABLE,NOT_APPLICABLE,,,,,,
373743e240989ae7,2026-08-26T10:00:00+00:00,2026-08-26T10:00:08.100414+00:00,USD/CAD,H1,NEUTRAL,USD,CAD,-7.211469120376344e-06,5.5689048795733386e-05,7.211469120376344e-06,4.847757967535704e-05,1.38667,LONDON,NOT_TRACKED,NOT_APPLICABLE,NOT_APPLICABLE,,,,,,
222b11ef74282259,2026-08-26T10:00:00+00:00,2026-08-26T10:00:08.100426+00:00,USD/CHF,H1,NEUTRAL,USD,CHF,0.0001866414493331,5.5689048795733386e-05,-0.0001866414493331,0.0002423304981288334,0.80383,LONDON,NOT_TRACKED,NOT_APPLICABLE,NOT_APPLICABLE,,,,,,
c4b6484f5430e234,2026-08-26T10:00:00+00:00,2026-08-26T10:00:08.100437+00:00,USD/JPY,H1,NEUTRAL,USD,JPY,-0.000146833745652,5.5689048795733386e-05,0.000146833745652,-9.11446968562666e-05,159.00004,LONDON,NOT_TRACKED,NOT_APPLICABLE,NOT_APPLICABLE,,,,,,
fefc391775c5a50f,2026-08-26T15:00:00+00:00,2026-08-26T15:00:08.770248+00:00,AUD/USD,H1,SHORT,AUD,USD,-0.0014630475978151,-0.0014630475978151,0.0011597265229721287,-0.0026227741207872288,0.71663,LONDON_NY_OVERLAP,RECORDED,PENDING,PENDING,,,,,,
c9fc2d6b4f700a7a,2026-08-26T15:00:00+00:00,2026-08-26T15:00:08.770275+00:00,EUR/USD,H1,SHORT,EUR,USD,-0.0006692980950746,-0.0006692980950746,0.0011597265229721287,-0.0018290246180467287,1.16462,LONDON_NY_OVERLAP,RECORDED,PENDING,PENDING,,,,,,
6a37fcecf6ce805c,2026-08-26T15:00:00+00:00,2026-08-26T15:00:08.770290+00:00,GBP/USD,H1,SHORT,GBP,USD,-0.0011761592519627,-0.0011761592519627,0.0011597265229721287,-0.0023358857749348288,1.35876,LONDON_NY_OVERLAP,RECORDED,PENDING,PENDING,,,,,,
0f216e85d80202ed,2026-08-26T15:00:00+00:00,2026-08-26T15:00:08.770301+00:00,NZD/USD,H1,SHORT,NZD,USD,-0.0020515925066424,-0.0020515925066424,0.0011597265229721287,-0.0032113190296145285,0.59344,LONDON_NY_OVERLAP,RECORDED,PENDING,PENDING,,,,,,
4608c53a01e4f101,2026-08-26T15:00:00+00:00,2026-08-26T15:00:08.770312+00:00,USD/CAD,H1,LONG,USD,CAD,0.0016728557522443,0.0011597265229721287,-0.0016728557522443,0.002832582275216429,1.38917,LONDON_NY_OVERLAP,RECORDED,PENDING,PENDING,,,,,,
d28ec4f385086cce,2026-08-26T15:00:00+00:00,2026-08-26T15:00:08.770323+00:00,USD/CHF,H1,LONG,USD,CHF,0.000794557282614,0.0011597265229721287,-0.000794557282614,0.001954283805586129,0.80612,LONDON_NY_OVERLAP,RECORDED,PENDING,PENDING,,,,,,
f216d6d33822f8e9,2026-08-26T15:00:00+00:00,2026-08-26T15:00:08.770334+00:00,USD/JPY,H1,LONG,USD,JPY,0.0002905751744518,0.0011597265229721287,-0.0002905751744518,0.0014503016974239287,159.41987,LONDON_NY_OVERLAP,RECORDED,PENDING,PENDING,,,,,,
e4da6fc5fbb04e03,2026-08-26T17:00:00+00:00,2026-08-26T17:18:48.132238+00:00,AUD/USD,H4,SHORT,AUD,USD,-0.0012816404998396,-0.0012816404998396,0.0011080820748148143,-0.0023897225746544143,0.71691,NEW_YORK,RECORDED,PENDING,PENDING,,,,,,
5ac6aeb9965845ae,2026-08-26T17:00:00+00:00,2026-08-26T17:18:48.132264+00:00,EUR/USD,H4,SHORT,EUR,USD,-0.0007461918484974,-0.0007461918484974,0.0011080820748148143,-0.0018542739233122145,1.16505,NEW_YORK,RECORDED,PENDING,PENDING,,,,,,
18b6e382062e4fda,2026-08-26T17:00:00+00:00,2026-08-26T17:18:48.132280+00:00,GBP/USD,H4,SHORT,GBP,USD,-0.0013886337753941,-0.0013886337753941,0.0011080820748148143,-0.0024967158502089146,1.35916,NEW_YORK,RECORDED,PENDING,PENDING,,,,,,
3dd4812b4b6509f2,2026-08-26T17:00:00+00:00,2026-08-26T17:18:48.132292+00:00,NZD/USD,H4,SHORT,NZD,USD,-0.001412286895995,-0.001412286895995,0.0011080820748148143,-0.0025203689708098143,0.59394,NEW_YORK,RECORDED,PENDING,PENDING,,,,,,
f65e347ed43baaa7,2026-08-26T17:00:00+00:00,2026-08-26T17:18:48.132304+00:00,USD/CAD,H4,LONG,USD,CAD,0.0005263119948665,0.0011080820748148143,-0.0005263119948665,0.0016343940696813143,1.38774,NEW_YORK,RECORDED,PENDING,PENDING,,,,,,
c69da7f9da94637f,2026-08-26T17:00:00+00:00,2026-08-26T17:18:48.132316+00:00,USD/CHF,H4,LONG,USD,CHF,0.0011432974188818,0.0011080820748148143,-0.0011432974188818,0.0022513794936966144,0.80561,NEW_YORK,RECORDED,PENDING,PENDING,,,,,,
dddd285801c7c75c,2026-08-26T17:00:00+00:00,2026-08-26T17:18:48.132328+00:00,USD/JPY,H4,LONG,USD,JPY,0.0012582120902293,0.0011080820748148143,-0.0012582120902293,0.0023662941650441143,159.41832,NEW_YORK,RECORDED,PENDING,PENDING,,,,,,
eb6df6be27bd76d0,2026-08-26T18:00:00+00:00,2026-08-26T18:00:07.047656+00:00,AUD/USD,H1,LONG,AUD,USD,0.0005579656572137,0.0005579656572137,-0.0002780740813103678,0.0008360397385240679,0.71729,NEW_YORK,RECORDED,PENDING,PENDING,,,,,,
7acce23d19da45f8,2026-08-26T18:00:00+00:00,2026-08-26T18:00:07.047681+00:00,EUR/USD,H1,LONG,EUR,USD,0.0001287443137926,0.0001287443137926,-0.0002780740813103678,0.0004068183951029678,1.16525,NEW_YORK,RECORDED,PENDING,PENDING,,,,,,
64f3d23d18ecb1f4,2026-08-26T18:00:00+00:00,2026-08-26T18:00:07.047696+00:00,GBP/USD,H1,LONG,GBP,USD,0.0001913016606455,0.0001913016606455,-0.0002780740813103678,0.0004693757419558678,1.35937,NEW_YORK,RECORDED,PENDING,PENDING,,,,,,
9e84c3cc84d91f77,2026-08-26T18:00:00+00:00,2026-08-26T18:00:07.047708+00:00,NZD/USD,H1,LONG,NZD,USD,0.000572458033775,0.000572458033775,-0.0002780740813103678,0.0008505321150853679,0.59427,NEW_YORK,RECORDED,PENDING,PENDING,,,,,,
8a5c48df58b826f2,2026-08-26T18:00:00+00:00,2026-08-26T18:00:07.047719+00:00,USD/CAD,H1,SHORT,USD,CAD,-0.0001369122680599,-0.0002780740813103678,0.0001369122680599,-0.0004149863493702678,1.38756,NEW_YORK,RECORDED,PENDING,PENDING,,,,,,
62ae001ee8628de8,2026-08-26T18:00:00+00:00,2026-08-26T18:00:07.047730+00:00,USD/CHF,H1,SHORT,USD,CHF,-0.0002854944018271,-0.0002780740813103678,0.0002854944018271,-0.0005635684831374677,0.80539,NEW_YORK,RECORDED,PENDING,PENDING,,,,,,
8b315eec8be4f787,2026-08-26T18:00:00+00:00,2026-08-26T18:00:07.047741+00:00,USD/JPY,H1,NEUTRAL,USD,JPY,-7.36422338587746e-05,-0.0002780740813103678,7.36422338587746e-05,-0.0003517163151691424,159.40765,NEW_YORK,NOT_TRACKED,NOT_APPLICABLE,NOT_APPLICABLE,,,,,,
3fd3518ed6342a21,2026-08-26T23:00:00+00:00,2026-08-26T23:00:06.452826+00:00,AUD/USD,H1,LONG,AUD,USD,0.000613154960981,0.000613154960981,-0.00015698559904165924,0.0007701405600226593,0.71804,LATE_NY,RECORDED,PENDING,PENDING,,,,,,
85ca6d604fc946df,2026-08-26T23:00:00+00:00,2026-08-26T23:00:06.452851+00:00,EUR/USD,H1,NEUTRAL,EUR,USD,3.432268472043315e-05,3.432268472043315e-05,-0.00015698559904165924,0.0001913082837620924,1.16545,LATE_NY,NOT_TRACKED,NOT_APPLICABLE,NOT_APPLICABLE,,,,,,
4a9c3869d09a6822,2026-08-26T23:00:00+00:00,2026-08-26T23:00:06.452865+00:00,GBP/USD,H1,NEUTRAL,GBP,USD,0.0001176972532403,0.0001176972532403,-0.00015698559904165924,0.00027468285228195925,1.35958,LATE_NY,NOT_TRACKED,NOT_APPLICABLE,NOT_APPLICABLE,,,,,,
c9682090a86d44ba,2026-08-26T23:00:00+00:00,2026-08-26T23:00:06.452877+00:00,NZD/USD,H1,LONG,NZD,USD,0.0003196554450781,0.0003196554450781,-0.00015698559904165924,0.00047664104411975926,0.59458,LATE_NY,RECORDED,PENDING,PENDING,,,,,,
5f89f5c0fc52e720,2026-08-26T23:00:00+00:00,2026-08-26T23:00:06.452888+00:00,USD/CAD,H1,NEUTRAL,USD,CAD,7.927927927931855e-05,-0.00015698559904165924,-7.927927927931855e-05,-7.770631976234069e-05,1.38761,LATE_NY,NOT_TRACKED,NOT_APPLICABLE,NOT_APPLICABLE,,,,,,
512e09696d989441,2026-08-26T23:00:00+00:00,2026-08-26T23:00:06.452899+00:00,USD/CHF,H1,NEUTRAL,USD,CHF,0.0001117984646344,-0.00015698559904165924,-0.0001117984646344,-4.518713440725925e-05,0.80511,LATE_NY,NOT_TRACKED,NOT_APPLICABLE,NOT_APPLICABLE,,,,,,
512ba0c741b8661b,2026-08-26T23:00:00+00:00,2026-08-26T23:00:06.452909+00:00,USD/JPY,H1,NEUTRAL,USD,JPY,-0.0002051465931855,-0.00015698559904165924,0.0002051465931855,-0.00036213219222715925,159.26804,LATE_NY,NOT_TRACKED,NOT_APPLICABLE,NOT_APPLICABLE,,,,,,
a027cbf5f3a33866,2026-08-26T00:00:00+00:00,2026-08-26T23:00:06.454017+00:00,AUD/USD,D1,LONG,AUD,USD,0.0019999440575089,0.0019999440575089,-0.0011380700686992409,0.003138014126208141,0.71645,ASIA,RECORDED,PENDING,PENDING,,,,,,
14a7fbda9f112d7b,2026-08-26T00:00:00+00:00,2026-08-26T23:00:06.454043+00:00,USD/CAD,D1,SHORT,USD,CAD,3.611672926891323e-05,-0.0011380700686992409,-3.611672926891323e-05,-0.0011019533394303277,1.38445,ASIA,RECORDED,PENDING,PENDING,,,,,,
cfbf49ca85133fc1,2026-08-27T00:00:00+00:00,2026-08-27T00:00:06.441357+00:00,AUD/USD,H1,NEUTRAL,AUD,USD,0.0002507033622107,0.0002507033622107,-0.00011134809574423302,0.000362051457954933,0.71816,ASIA,NOT_TRACKED,NOT_APPLICABLE,NOT_APPLICABLE,,,,,,
7cbd74f3781db97d,2026-08-27T00:00:00+00:00,2026-08-27T00:00:06.441389+00:00,EUR/USD,H1,NEUTRAL,EUR,USD,4.2902987764158434e-05,4.2902987764158434e-05,-0.00011134809574423302,0.00015425108350839144,1.16547,ASIA,NOT_TRACKED,NOT_APPLICABLE,NOT_APPLICABLE,,,,,,
986031677af78648,2026-08-27T00:00:00+00:00,2026-08-27T00:00:06.441407+00:00,GBP/USD,H1,NEUTRAL,GBP,USD,8.091090973272364e-05,8.091090973272364e-05,-0.00011134809574423302,0.00019225900547695666,1.35963,ASIA,NOT_TRACKED,NOT_APPLICABLE,NOT_APPLICABLE,,,,,,
a45ad0d1aad421de,2026-08-27T00:00:00+00:00,2026-08-27T00:00:06.441420+00:00,NZD/USD,H1,LONG,NZD,USD,0.0003532023681378,0.0003532023681378,-0.00011134809574423302,0.00046455046388203304,0.59477,ASIA,RECORDED,PENDING,PENDING,,,,,,
046e000fd4065ccc,2026-08-27T00:00:00+00:00,2026-08-27T00:00:06.441431+00:00,USD/CAD,H1,NEUTRAL,USD,CAD,-4.324075008284134e-05,-0.00011134809574423302,4.324075008284134e-05,-0.00015458884582707436,1.38752,ASIA,NOT_TRACKED,NOT_APPLICABLE,NOT_APPLICABLE,,,,,,
f83ac48d88056787,2026-08-27T00:00:00+00:00,2026-08-27T00:00:06.441443+00:00,USD/CHF,H1,NEUTRAL,USD,CHF,0.0,-0.00011134809574423302,0.0,-0.00011134809574423302,0.80509,ASIA,NOT_TRACKED,NOT_APPLICABLE,NOT_APPLICABLE,,,,,,
b0f55a728e9e6221,2026-08-27T00:00:00+00:00,2026-08-27T00:00:06.441453+00:00,USD/JPY,H1,NEUTRAL,USD,JPY,-8.476292281407773e-06,-0.00011134809574423302,8.476292281407773e-06,-0.00011982438802564079,159.2664,ASIA,NOT_TRACKED,NOT_APPLICABLE,NOT_APPLICABLE,,,,,,
bca4900d7ef9009d,2026-08-27T01:00:00+00:00,2026-08-27T01:00:06.455413+00:00,AUD/USD,H1,NEUTRAL,AUD,USD,-5.570099704774826e-05,-5.570099704774826e-05,-2.3498576390976703e-05,-3.2202420656771556e-05,0.71808,ASIA,NOT_TRACKED,NOT_APPLICABLE,NOT_APPLICABLE,,,,,,
30aa836aeca6d424,2026-08-27T01:00:00+00:00,2026-08-27T01:00:06.455446+00:00,EUR/USD,H1,NEUTRAL,EUR,USD,0.0002059202059202,0.0002059202059202,-2.3498576390976703e-05,0.0002294187823111767,1.16574,ASIA,NOT_TRACKED,NOT_APPLICABLE,NOT_APPLICABLE,,,,,,
7e2676eb1ce041e5,2026-08-27T01:00:00+00:00,2026-08-27T01:00:06.455463+00:00,GBP/USD,H1,NEUTRAL,GBP,USD,-0.000272128856691,-0.000272128856691,-2.3498576390976703e-05,-0.0002486302803000233,1.35928,ASIA,NOT_TRACKED,NOT_APPLICABLE,NOT_APPLICABLE,,,,,,
76348637d376883c,2026-08-27T01:00:00+00:00,2026-08-27T01:00:06.455477+00:00,NZD/USD,H1,NEUTRAL,NZD,USD,-3.36275746112148e-05,-3.36275746112148e-05,-2.3498576390976703e-05,-1.0128998220238096e-05,0.59473,ASIA,NOT_TRACKED,NOT_APPLICABLE,NOT_APPLICABLE,,,,,,
3437e6da6d0b37aa,2026-08-27T01:00:00+00:00,2026-08-27T01:00:06.455490+00:00,USD/CAD,H1,NEUTRAL,USD,CAD,-0.0001081065498155,-2.3498576390976703e-05,0.0001081065498155,-0.0001316051262064767,1.38737,ASIA,NOT_TRACKED,NOT_APPLICABLE,NOT_APPLICABLE,,,,,,
c2066a240e917515,2026-08-27T01:00:00+00:00,2026-08-27T01:00:06.455503+00:00,USD/CHF,H1,NEUTRAL,USD,CHF,0.0001987306082399,-2.3498576390976703e-05,-0.0001987306082399,0.0001752320318489233,0.80527,ASIA,NOT_TRACKED,NOT_APPLICABLE,NOT_APPLICABLE,,,,,,
6433f9b90e527831,2026-08-27T01:00:00+00:00,2026-08-27T01:00:06.455519+00:00,USD/JPY,H1,SHORT,USD,JPY,-0.000410651315591,-2.3498576390976703e-05,0.000410651315591,-0.0004341498919819767,159.1938,ASIA,RECORDED,PENDING,PENDING,,,,,,
b691e91fafc13eed,2026-08-27T01:00:00+00:00,2026-08-27T01:05:06.500664+00:00,AUD/USD,H4,LONG,AUD,USD,0.0009618065235572,0.0009618065235572,-0.00035015852638856874,0.0013119650499457689,0.71809,ASIA,RECORDED,PENDING,PENDING,,,,,,
6d360befba7495cc,2026-08-27T01:00:00+00:00,2026-08-27T01:05:06.500690+00:00,EUR/USD,H4,LONG,EUR,USD,0.0002316820978384,0.0002316820978384,-0.00035015852638856874,0.0005818406242269688,1.16566,ASIA,RECORDED,PENDING,PENDING,,,,,,
1e6eebe7535eabdb,2026-08-27T01:00:00+00:00,2026-08-27T01:05:06.500707+00:00,GBP/USD,H4,NEUTRAL,GBP,USD,-0.0003603577101842,-0.0003603577101842,-0.00035015852638856874,-1.0199183795631236e-05,1.35927,ASIA,NOT_TRACKED,NOT_APPLICABLE,NOT_APPLICABLE,,,,,,
320acc1b2011971b,2026-08-27T01:00:00+00:00,2026-08-27T01:05:06.500719+00:00,NZD/USD,H4,LONG,NZD,USD,0.0006561238223418,0.0006561238223418,-0.00035015852638856874,0.0010062823487303686,0.59479,ASIA,RECORDED,PENDING,PENDING,,,,,,
1e29578016b1c501,2026-08-27T01:00:00+00:00,2026-08-27T01:05:06.500731+00:00,USD/CAD,H4,SHORT,USD,CAD,-0.0002017858043687,-0.00035015852638856874,0.0002017858043687,-0.0005519443307572688,1.38733,ASIA,RECORDED,PENDING,PENDING,,,,,,
7fe7959e6c7db66b,2026-08-27T01:00:00+00:00,2026-08-27T01:05:06.500743+00:00,USD/CHF,H4,NEUTRAL,USD,CHF,1.2417886724118656e-05,-0.00035015852638856874,-1.2417886724118656e-05,-0.0003377406396644501,0.8053,ASIA,NOT_TRACKED,NOT_APPLICABLE,NOT_APPLICABLE,,,,,,
6e96ec3ebcf306d4,2026-08-27T01:00:00+00:00,2026-08-27T01:05:06.500754+00:00,USD/JPY,H4,SHORT,USD,JPY,-0.0007724870335222,-0.00035015852638856874,0.0007724870335222,-0.0011226455599107686,159.19352,ASIA,RECORDED,PENDING,PENDING,,,,,,
7c0f69360be58011,2026-08-27T02:00:00+00:00,2026-08-27T02:00:05.648407+00:00,AUD/USD,H1,NEUTRAL,AUD,USD,0.0002785243778461,0.0002785243778461,-2.642202094304441e-05,0.0003049463987891444,0.71827,ASIA,NOT_TRACKED,NOT_APPLICABLE,NOT_APPLICABLE,,,,,,
99451f8fc06b5f8e,2026-08-27T02:00:00+00:00,2026-08-27T02:00:05.648432+00:00,EUR/USD,H1,NEUTRAL,EUR,USD,0.0001201015716148,0.0001201015716148,-2.642202094304441e-05,0.00014652359255784442,1.16582,ASIA,NOT_TRACKED,NOT_APPLICABLE,NOT_APPLICABLE,,,,,,
0a344f76d55f38d0,2026-08-27T02:00:00+00:00,2026-08-27T02:00:05.648447+00:00,GBP/USD,H1,NEUTRAL,GBP,USD,7.3569983445602115e-06,7.3569983445602115e-06,-2.642202094304441e-05,3.3779019287604625e-05,1.35926,ASIA,NOT_TRACKED,NOT_APPLICABLE,NOT_APPLICABLE,,,,,,
66c18bd7bed0e6e4,2026-08-27T02:00:00+00:00,2026-08-27T02:00:05.648460+00:00,NZD/USD,H1,LONG,NZD,USD,0.0004539951573849,0.0004539951573849,-2.642202094304441e-05,0.0004804171783279444,0.59499,ASIA,RECORDED,PENDING,PENDING,,,,,,
9b6d9b97b96f03e0,2026-08-27T02:00:00+00:00,2026-08-27T02:00:05.648474+00:00,USD/CAD,H1,NEUTRAL,USD,CAD,0.0003892284626917,-2.642202094304441e-05,-0.0003892284626917,0.0003628064417486556,1.3879,ASIA,NOT_TRACKED,NOT_APPLICABLE,NOT_APPLICABLE,,,,,,
9bee27112e0e206d,2026-08-27T02:00:00+00:00,2026-08-27T02:00:05.648485+00:00,USD/CHF,H1,NEUTRAL,USD,CHF,-2.4836081859750648e-05,-2.642202094304441e-05,2.4836081859750648e-05,-5.125810280279506e-05,0.80526,ASIA,NOT_TRACKED,NOT_APPLICABLE,NOT_APPLICABLE,,,,,,
e454c673b4b36629,2026-08-27T02:00:00+00:00,2026-08-27T02:00:05.648496+00:00,USD/JPY,H1,NEUTRAL,USD,JPY,0.0003106315777571,-2.642202094304441e-05,-0.0003106315777571,0.0002842095568140556,159.24125,ASIA,NOT_TRACKED,NOT_APPLICABLE,NOT_APPLICABLE,,,,,,
d57f8280f19e1d10,2026-08-27T03:00:00+00:00,2026-08-27T03:00:06.163202+00:00,AUD/USD,H1,NEUTRAL,AUD,USD,-0.0002088176743279,-0.0002088176743279,0.00015664263181226868,-0.0003654603061401687,0.71818,ASIA,NOT_TRACKED,NOT_APPLICABLE,NOT_APPLICABLE,,,,,,
7df10e19fd406bac,2026-08-27T03:00:00+00:00,2026-08-27T03:00:06.163239+00:00,EUR/USD,H1,SHORT,EUR,USD,-0.0002659118202093,-0.0002659118202093,0.00015664263181226868,-0.00042255445202156873,1.16549,ASIA,RECORDED,PENDING,PENDING,,,,,,
629055be4b701084,2026-08-27T03:00:00+00:00,2026-08-27T03:00:06.163259+00:00,GBP/USD,H1,NEUTRAL,GBP,USD,-7.356890095418055e-05,-7.356890095418055e-05,0.00015664263181226868,-0.00023021153276644923,1.35917,ASIA,NOT_TRACKED,NOT_APPLICABLE,NOT_APPLICABLE,,,,,,
84c3cb1215f3e44d,2026-08-27T03:00:00+00:00,2026-08-27T03:00:06.163277+00:00,NZD/USD,H1,NEUTRAL,NZD,USD,0.0005546404921174,0.0005546404921174,0.00015664263181226868,0.00039799786030513136,0.59531,ASIA,NOT_TRACKED,NOT_APPLICABLE,NOT_APPLICABLE,,,,,,
de1a40f2baadb1d4,2026-08-27T03:00:00+00:00,2026-08-27T03:00:06.163293+00:00,USD/CAD,H1,LONG,USD,CAD,0.0002882093552756,0.00015664263181226868,-0.0002882093552756,0.0004448519870878687,1.38828,ASIA,RECORDED,PENDING,PENDING,,,,,,
cab1550caf903840,2026-08-27T03:00:00+00:00,2026-08-27T03:00:06.163308+00:00,USD/CHF,H1,NEUTRAL,USD,CHF,0.0002359544980378,0.00015664263181226868,-0.0002359544980378,0.0003925971298500687,0.80543,ASIA,NOT_TRACKED,NOT_APPLICABLE,NOT_APPLICABLE,,,,,,
13b49b1b82fccb3a,2026-08-27T03:00:00+00:00,2026-08-27T03:00:06.163323+00:00,USD/JPY,H1,LONG,USD,JPY,0.0005786766659985,0.00015664263181226868,-0.0005786766659985,0.0007353192978107687,159.33479,ASIA,RECORDED,PENDING,PENDING,,,,,,
61e17be3497801c4,2026-08-27T04:00:00+00:00,2026-08-27T04:49:00.467398+00:00,AUD/USD,H1,NEUTRAL,AUD,USD,-1.3921953528455765e-05,-1.3921953528455765e-05,0.0001502418891056651,-0.00016416384263412087,0.71828,ASIA,NOT_TRACKED,NOT_APPLICABLE,NOT_APPLICABLE,,,,,,
d971f53581762b6c,2026-08-27T04:00:00+00:00,2026-08-27T04:49:00.467435+00:00,EUR/USD,H1,NEUTRAL,EUR,USD,-0.0001115324559446,-0.0001115324559446,0.0001502418891056651,-0.0002617743450502651,1.16545,ASIA,NOT_TRACKED,NOT_APPLICABLE,NOT_APPLICABLE,,,,,,
703e3c23e5cc1dc8,2026-08-27T04:00:00+00:00,2026-08-27T04:49:00.467457+00:00,GBP/USD,H1,SHORT,GBP,USD,-0.0002501563477173,-0.0002501563477173,0.0001502418891056651,-0.00040039823682296515,1.35881,ASIA,RECORDED,PENDING,PENDING,,,,,,
77bb00314e3726a4,2026-08-27T04:00:00+00:00,2026-08-27T04:49:00.467474+00:00,NZD/USD,H1,NEUTRAL,NZD,USD,-0.0001175897461741,-0.0001175897461741,0.0001502418891056651,-0.0002678316352797651,0.59522,ASIA,NOT_TRACKED,NOT_APPLICABLE,NOT_APPLICABLE,,,,,,
35c0b0a9907d8ce1,2026-08-27T04:00:00+00:00,2026-08-27T04:49:00.467490+00:00,USD/CAD,H1,NEUTRAL,USD,CAD,0.0001512706736587,0.0001502418891056651,-0.0001512706736587,0.00030151256276436515,1.38845,ASIA,NOT_TRACKED,NOT_APPLICABLE,NOT_APPLICABLE,,,,,,
706e6ccd5ac72f62,2026-08-27T04:00:00+00:00,2026-08-27T04:49:00.467506+00:00,USD/CHF,H1,NEUTRAL,USD,CHF,0.000198659051403,0.0001502418891056651,-0.000198659051403,0.0003489009405086651,0.80556,ASIA,NOT_TRACKED,NOT_APPLICABLE,NOT_APPLICABLE,,,,,,
63da9338ea3d4ed9,2026-08-27T04:00:00+00:00,2026-08-27T04:49:00.467520+00:00,USD/JPY,H1,NEUTRAL,USD,JPY,0.0002085629953135,0.0001502418891056651,-0.0002085629953135,0.0003588048844191651,159.36159,ASIA,NOT_TRACKED,NOT_APPLICABLE,NOT_APPLICABLE,,,,,,
d9e6c66ac79108ef,2026-08-27T05:00:00+00:00,2026-08-27T05:00:07.119368+00:00,AUD/USD,H1,LONG,AUD,USD,0.0004733727810649,0.0004733727810649,-0.00011474698141935766,0.0005881197624842576,0.71859,ASIA,RECORDED,PENDING,PENDING,,,,,,
8bc1489201298237,2026-08-27T05:00:00+00:00,2026-08-27T05:00:07.119417+00:00,EUR/USD,H1,NEUTRAL,EUR,USD,0.0001372895608451,0.0001372895608451,-0.00011474698141935766,0.0002520365422644577,1.16558,ASIA,NOT_TRACKED,NOT_APPLICABLE,NOT_APPLICABLE,,,,,,
ef6c40785c0d3e14,2026-08-27T05:00:00+00:00,2026-08-27T05:00:07.119443+00:00,GBP/USD,H1,NEUTRAL,GBP,USD,7.359543119447936e-06,7.359543119447936e-06,-0.00011474698141935766,0.0001221065245388056,1.35879,ASIA,NOT_TRACKED,NOT_APPLICABLE,NOT_APPLICABLE,,,,,,
7940c3e3dd39c3dd,2026-08-27T05:00:00+00:00,2026-08-27T05:00:07.119465+00:00,NZD/USD,H1,NEUTRAL,NZD,USD,-5.0402378992245576e-05,-5.0402378992245576e-05,-0.00011474698141935766,6.434460242711208e-05,0.59518,ASIA,NOT_TRACKED,NOT_APPLICABLE,NOT_APPLICABLE,,,,,,
2e044385a5e6a4dd,2026-08-27T05:00:00+00:00,2026-08-27T05:00:07.119485+00:00,USD/CAD,H1,NEUTRAL,USD,CAD,-0.000187263220063,-0.00011474698141935766,0.000187263220063,-0.00030201020148235767,1.38816,ASIA,NOT_TRACKED,NOT_APPLICABLE,NOT_APPLICABLE,,,,,,
b3297e56ce8c111c,2026-08-27T05:00:00+00:00,2026-08-27T05:00:07.119503+00:00,USD/CHF,H1,NEUTRAL,USD,CHF,-0.0001117249084476,-0.00011474698141935766,0.0001117249084476,-0.00022647188986695766,0.80546,ASIA,NOT_TRACKED,NOT_APPLICABLE,NOT_APPLICABLE,,,,,,
fc08ee34105d86e0,2026-08-27T05:00:00+00:00,2026-08-27T05:00:07.119522+00:00,USD/JPY,H1,NEUTRAL,USD,JPY,6.337876461229876e-05,-0.00011474698141935766,-6.337876461229876e-05,-5.1368216807058905e-05,159.36947,ASIA,NOT_TRACKED,NOT_APPLICABLE,NOT_APPLICABLE,,,,,,
9679897aa3450e15,2026-08-27T05:00:00+00:00,2026-08-27T05:05:07.052402+00:00,AUD/USD,H4,LONG,AUD,USD,0.0007102371635077,0.0007102371635077,0.00014851492789720594,0.000561722235610494,0.71858,ASIA,RECORDED,PENDING,PENDING,,,,,,
d75e0e1f418e0334,2026-08-27T05:00:00+00:00,2026-08-27T05:05:07.052440+00:00,EUR/USD,H4,NEUTRAL,EUR,USD,-8.578683686774156e-05,-8.578683686774156e-05,0.00014851492789720594,-0.00023430176476494751,1.16558,ASIA,NOT_TRACKED,NOT_APPLICABLE,NOT_APPLICABLE,,,,,,
3b84934855f419da,2026-08-27T05:00:00+00:00,2026-08-27T05:05:07.052462+00:00,GBP/USD,H4,NEUTRAL,GBP,USD,-0.0003384219238551,-0.0003384219238551,0.00014851492789720594,-0.00048693685175230593,1.35879,ASIA,NOT_TRACKED,NOT_APPLICABLE,NOT_APPLICABLE,,,,,,
44bda70a74f25f8f,2026-08-27T05:00:00+00:00,2026-08-27T05:05:07.052481+00:00,NZD/USD,H4,LONG,NZD,USD,0.0007734732311003,0.0007734732311003,0.00014851492789720594,0.000624958303203094,0.59518,ASIA,RECORDED,PENDING,PENDING,,,,,,
01315f319d58c117,2026-08-27T05:00:00+00:00,2026-08-27T05:05:07.052501+00:00,USD/CAD,H4,LONG,USD,CAD,0.0005766347595434,0.00014851492789720594,-0.0005766347595434,0.000725149687440606,1.38816,ASIA,RECORDED,PENDING,PENDING,,,,,,
8621b04cf522cc57,2026-08-27T05:00:00+00:00,2026-08-27T05:05:07.052518+00:00,USD/CHF,H4,NEUTRAL,USD,CHF,0.0003352871051062,0.00014851492789720594,-0.0003352871051062,0.0004838020330034059,0.80555,ASIA,NOT_TRACKED,NOT_APPLICABLE,NOT_APPLICABLE,,,,,,
abf7b922c6a5b342,2026-08-27T05:00:00+00:00,2026-08-27T05:05:07.052534+00:00,USD/JPY,H4,LONG,USD,JPY,0.001187184264516,0.00014851492789720594,-0.001187184264516,0.001335699192413206,159.38079,ASIA,RECORDED,PENDING,PENDING,,,,,,
178ed750d7e559e2,2026-08-27T00:00:00+00:00,2026-08-27T07:33:14.619596+00:00,AUD/USD,D1,SHORT,AUD,USD,0.001270045079622,0.001270045079622,0.0025572744488109142,-0.0012872293691889142,0.71742,ASIA,RECORDED,PENDING,PENDING,,,,,,
69eae1fad067cc5d,2026-08-27T00:00:00+00:00,2026-08-27T07:33:14.619640+00:00,EUR/USD,D1,SHORT,EUR,USD,-0.0018158147183773,-0.0018158147183773,0.0025572744488109142,-0.004373089167188214,1.1654,ASIA,RECORDED,PENDING,PENDING,,,,,,
66b20b0051eb8371,2026-08-27T00:00:00+00:00,2026-08-27T07:33:14.619663+00:00,GBP/USD,D1,SHORT,GBP,USD,-0.0037437543042184,-0.0037437543042184,0.0025572744488109142,-0.0063010287530293144,1.35983,ASIA,RECORDED,PENDING,PENDING,,,,,,
d236acc9467e9c30,2026-08-27T00:00:00+00:00,2026-08-27T07:33:14.619682+00:00,NZD/USD,D1,SHORT,NZD,USD,-0.0056541594874455,-0.0056541594874455,0.0025572744488109142,-0.008211433936256415,0.59441,ASIA,RECORDED,PENDING,PENDING,,,,,,
4e92723a67ae2e98,2026-08-27T00:00:00+00:00,2026-08-27T07:33:14.619700+00:00,USD/CAD,D1,LONG,USD,CAD,0.0024128415182118,0.0025572744488109142,-0.0024128415182118,0.004970115967022714,1.3876,ASIA,RECORDED,PENDING,PENDING,,,,,,
15a0b37dbabf6353,2026-08-27T00:00:00+00:00,2026-08-27T07:33:14.619718+00:00,USD/CHF,D1,LONG,USD,CHF,0.0048666658347579,0.0025572744488109142,-0.0048666658347579,0.007423940283568815,0.80527,ASIA,RECORDED,PENDING,PENDING,,,,,,
7e1346c951a14aa9,2026-08-27T00:00:00+00:00,2026-08-27T07:33:14.619735+00:00,USD/JPY,D1,LONG,USD,JPY,0.0006777303582875,0.0025572744488109142,-0.0006777303582875,0.0032350048070984142,159.31576,ASIA,RECORDED,PENDING,PENDING,,,,,,
45d870bf0e6aabb8,2026-08-27T08:00:00+00:00,2026-08-27T08:00:06.633944+00:00,AUD/USD,H1,NEUTRAL,AUD,USD,-0.0002366468532928,-0.0002366468532928,0.0001588206996722857,-0.0003954675529650857,0.7182,LONDON,NOT_TRACKED,NOT_APPLICABLE,NOT_APPLICABLE,,,,,,
169f7c33b3735bad,2026-08-27T08:00:00+00:00,2026-08-27T08:00:06.633969+00:00,EUR/USD,H1,NEUTRAL,EUR,USD,0.000128712276577,0.000128712276577,0.0001588206996722857,-3.0108423095285712e-05,1.16554,LONDON,NOT_TRACKED,NOT_APPLICABLE,NOT_APPLICABLE,,,,,,
70fb4a5dcf9c7518,2026-08-27T08:00:00+00:00,2026-08-27T08:00:06.633985+00:00,GBP/USD,H1,NEUTRAL,GBP,USD,-0.0001030260214294,-0.0001030260214294,0.0001588206996722857,-0.00026184672110168573,1.35874,LONDON,NOT_TRACKED,NOT_APPLICABLE,NOT_APPLICABLE,,,,,,
a88b2a530351986e,2026-08-27T08:00:00+00:00,2026-08-27T08:00:06.633998+00:00,NZD/USD,H1,SHORT,NZD,USD,-0.0010926757106595,-0.0010926757106595,0.0001588206996722857,-0.0012514964103317856,0.59422,LONDON,RECORDED,PENDING,PENDING,,,,,,
71ce3afe916b4a79,2026-08-27T08:00:00+00:00,2026-08-27T08:00:06.634012+00:00,USD/CAD,H1,NEUTRAL,USD,CAD,-0.0002664323981796,0.0001588206996722857,0.0002664323981796,-0.0001076116985073143,1.38835,LONDON,NOT_TRACKED,NOT_APPLICABLE,NOT_APPLICABLE,,,,,,
d7f0b2c813426e13,2026-08-27T08:00:00+00:00,2026-08-27T08:00:06.634024+00:00,USD/CHF,H1,NEUTRAL,USD,CHF,0.0002233915806194,0.0001588206996722857,-0.0002233915806194,0.00038221228029168574,0.80594,LONDON,NOT_TRACKED,NOT_APPLICABLE,NOT_APPLICABLE,,,,,,
77e9d6a098aeadc2,2026-08-27T08:00:00+00:00,2026-08-27T08:00:06.634035+00:00,USD/JPY,H1,NEUTRAL,USD,JPY,-0.0001488505935385,0.0001588206996722857,0.0001488505935385,9.970106133785721e-06,159.3307,LONDON,NOT_TRACKED,NOT_APPLICABLE,NOT_APPLICABLE,,,,,,
44a48380422eaac6,2026-08-27T09:00:00+00:00,2026-08-27T09:00:07.701833+00:00,AUD/USD,H1,LONG,AUD,USD,0.0003898961205335,0.0003898961205335,-0.0001313739685365857,0.0005212700890700857,0.71842,LONDON,RECORDED,PENDING,PENDING,,,,,,
036d107292d380fd,2026-08-27T09:00:00+00:00,2026-08-27T09:00:07.701859+00:00,EUR/USD,H1,NEUTRAL,EUR,USD,-0.0003861036988732,-0.0003861036988732,-0.0001313739685365857,-0.0002547297303366143,1.16504,LONDON,NOT_TRACKED,NOT_APPLICABLE,NOT_APPLICABLE,,,,,,
f14f9d509da79c15,2026-08-27T09:00:00+00:00,2026-08-27T09:00:07.701874+00:00,GBP/USD,H1,NEUTRAL,GBP,USD,-0.0003091099106525,-0.0003091099106525,-0.0001313739685365857,-0.00017773594211591427,1.35832,LONDON,NOT_TRACKED,NOT_APPLICABLE,NOT_APPLICABLE,,,,,,
4e1543d902ecb744,2026-08-27T09:00:00+00:00,2026-08-27T09:00:07.701890+00:00,NZD/USD,H1,LONG,NZD,USD,0.0003871402120856,0.0003871402120856,-0.0001313739685365857,0.0005185141806221857,0.59433,LONDON,RECORDED,PENDING,PENDING,,,,,,
17b989c55c5be95c,2026-08-27T09:00:00+00:00,2026-08-27T09:00:07.701902+00:00,USD/CAD,H1,NEUTRAL,USD,CAD,-0.0002088855595251,-0.0001313739685365857,0.0002088855595251,-0.0003402595280616857,1.38803,LONDON,NOT_TRACKED,NOT_APPLICABLE,NOT_APPLICABLE,,,,,,
6e8e92d76ba7d3cd,2026-08-27T09:00:00+00:00,2026-08-27T09:00:07.701914+00:00,USD/CHF,H1,SHORT,USD,CHF,-0.0003474462699161,-0.0001313739685365857,0.0003474462699161,-0.0004788202384526857,0.8056,LONDON,RECORDED,PENDING,PENDING,,,,,,
0e816c5ba3b09c8f,2026-08-27T09:00:00+00:00,2026-08-27T09:00:07.701926+00:00,USD/JPY,H1,SHORT,USD,JPY,-0.0002814632272215,-0.0001313739685365857,0.0002814632272215,-0.00041283719575808573,159.30101,LONDON,RECORDED,PENDING,PENDING,,,,,,
aea5abe9eacfa257,2026-08-27T09:00:00+00:00,2026-08-27T09:05:05.742969+00:00,AUD/USD,H4,NEUTRAL,AUD,USD,-0.0001809173903361,-0.0001809173903361,0.00030099788876694747,-0.0004819152791030475,0.71843,LONDON,NOT_TRACKED,NOT_APPLICABLE,NOT_APPLICABLE,,,,,,
c4611fbfb9b50c9f,2026-08-27T09:00:00+00:00,2026-08-27T09:05:05.742998+00:00,EUR/USD,H4,SHORT,EUR,USD,-0.0005233580712968,-0.0005233580712968,0.00030099788876694747,-0.0008243559600637474,1.16494,LONDON,RECORDED,PENDING,PENDING,,,,,,
5fa6c27d47ec71db,2026-08-27T09:00:00+00:00,2026-08-27T09:05:05.743015+00:00,GBP/USD,H4,SHORT,GBP,USD,-0.0003311843151108,-0.0003311843151108,0.00030099788876694747,-0.0006321822038777475,1.35831,LONDON,RECORDED,PENDING,PENDING,,,,,,
b561b8e6cd6b3179,2026-08-27T09:00:00+00:00,2026-08-27T09:05:05.743028+00:00,NZD/USD,H4,SHORT,NZD,USD,-0.0014449653040307,-0.0014449653040307,0.00030099788876694747,-0.0017459631927976475,0.59431,LONDON,RECORDED,PENDING,PENDING,,,,,,
82f0ce84b91e78be,2026-08-27T09:00:00+00:00,2026-08-27T09:05:05.743041+00:00,USD/CAD,H4,NEUTRAL,USD,CAD,-9.365117099996796e-05,0.00030099788876694747,9.365117099996796e-05,0.0002073467177669795,1.388,LONDON,NOT_TRACKED,NOT_APPLICABLE,NOT_APPLICABLE,,,,,,
97584bd790fd7da5,2026-08-27T09:00:00+00:00,2026-08-27T09:05:05.743054+00:00,USD/CHF,H4,NEUTRAL,USD,CHF,0.0001117332307041,0.00030099788876694747,-0.0001117332307041,0.0004127311194710475,0.80558,LONDON,NOT_TRACKED,NOT_APPLICABLE,NOT_APPLICABLE,,,,,,
0a9a52e345bfb4e2,2026-08-27T09:00:00+00:00,2026-08-27T09:05:05.743066+00:00,USD/JPY,H4,NEUTRAL,USD,JPY,-0.0003915219191099,0.00030099788876694747,0.0003915219191099,-9.052403034295252e-05,159.31565,LONDON,NOT_TRACKED,NOT_APPLICABLE,NOT_APPLICABLE,,,,,,
456d35befe382d8f,2026-08-27T10:00:00+00:00,2026-08-27T10:00:06.032140+00:00,AUD/USD,H1,SHORT,AUD,USD,-0.0010578622830338,-0.0010578622830338,0.0006147096327896714,-0.0016725719158234716,0.71767,LONDON,RECORDED,PENDING,PENDING,,,,,,
78c9fd49941da406,2026-08-27T10:00:00+00:00,2026-08-27T10:00:06.032165+00:00,EUR/USD,H1,SHORT,EUR,USD,-0.0006523661147304,-0.0006523661147304,0.0006147096327896714,-0.0012670757475200713,1.16423,LONDON,RECORDED,PENDING,PENDING,,,,,,
2be38eba8795dbe7,2026-08-27T10:00:00+00:00,2026-08-27T10:00:06.032181+00:00,GBP/USD,H1,SHORT,GBP,USD,-0.0003607450489583,-0.0003607450489583,0.0006147096327896714,-0.0009754546817479714,1.35781,LONDON,RECORDED,PENDING,PENDING,,,,,,
1258dcd09b910708,2026-08-27T10:00:00+00:00,2026-08-27T10:00:06.032194+00:00,NZD/USD,H1,SHORT,NZD,USD,-0.0006898640463048,-0.0006898640463048,0.0006147096327896714,-0.0013045736790944715,0.59391,LONDON,RECORDED,PENDING,PENDING,,,,,,
08266ce7459bde6d,2026-08-27T10:00:00+00:00,2026-08-27T10:00:06.032207+00:00,USD/CAD,H1,LONG,USD,CAD,0.000201727653259,0.0006147096327896714,-0.000201727653259,0.0008164372860486714,1.38829,LONDON,RECORDED,PENDING,PENDING,,,,,,
a03dca6c26f93849,2026-08-27T10:00:00+00:00,2026-08-27T10:00:06.032218+00:00,USD/CHF,H1,LONG,USD,CHF,0.0002855085776708,0.0006147096327896714,-0.0002855085776708,0.0009002182104604715,0.80581,LONDON,RECORDED,PENDING,PENDING,,,,,,
5a41632d33e05fbe,2026-08-27T10:00:00+00:00,2026-08-27T10:00:06.032230+00:00,USD/JPY,H1,LONG,USD,JPY,0.0010548937055706,0.0006147096327896714,-0.0010548937055706,0.0016696033383602716,159.4732,LONDON,RECORDED,PENDING,PENDING,,,,,,
0b30c2d858096419,2026-08-27T11:00:00+00:00,2026-08-27T11:00:06.053485+00:00,AUD/USD,H1,LONG,AUD,USD,0.0006131207847947,0.0006131207847947,-0.00011651684191202915,0.0007296376267067291,0.71808,LONDON,RECORDED,PENDING,PENDING,,,,,,
09812b2fc883fe77,2026-08-27T11:00:00+00:00,2026-08-27T11:00:06.053515+00:00,EUR/USD,H1,NEUTRAL,EUR,USD,-0.0001803798283815,-0.0001803798283815,-0.00011651684191202915,-6.386298646947084e-05,1.164,LONDON,NOT_TRACKED,NOT_APPLICABLE,NOT_APPLICABLE,,,,,,
4224e97c9dd7c062,2026-08-27T11:00:00+00:00,2026-08-27T11:00:06.053533+00:00,GBP/USD,H1,NEUTRAL,GBP,USD,2.209554111978324e-05,2.209554111978324e-05,-0.00011651684191202915,0.00013861238303181238,1.35777,LONDON,NOT_TRACKED,NOT_APPLICABLE,NOT_APPLICABLE,,,,,,
1df8dab1d4af8bff,2026-08-27T11:00:00+00:00,2026-08-27T11:00:06.053548+00:00,NZD/USD,H1,LONG,NZD,USD,0.0008082440897151,0.0008082440897151,-0.00011651684191202915,0.0009247609316271291,0.59436,LONDON,RECORDED,PENDING,PENDING,,,,,,
f1f07e3a0ebb8deb,2026-08-27T11:00:00+00:00,2026-08-27T11:00:06.053562+00:00,USD/CAD,H1,NEUTRAL,USD,CAD,0.000201685514658,-0.00011651684191202915,-0.000201685514658,8.516867274597085e-05,1.38858,LONDON,NOT_TRACKED,NOT_APPLICABLE,NOT_APPLICABLE,,,,,,
5bfb4a1e596efd2f,2026-08-27T11:00:00+00:00,2026-08-27T11:00:06.053575+00:00,USD/CHF,H1,NEUTRAL,USD,CHF,0.0001737274464547,-0.00011651684191202915,-0.0001737274464547,5.7210604542670836e-05,0.806,LONDON,NOT_TRACKED,NOT_APPLICABLE,NOT_APPLICABLE,,,,,,
1b16d47932ce087a,2026-08-27T11:00:00+00:00,2026-08-27T11:00:06.053589+00:00,USD/JPY,H1,NEUTRAL,USD,JPY,7.204973275117911e-05,-0.00011651684191202915,-7.204973275117911e-05,-4.446710916085004e-05,159.48467,LONDON,NOT_TRACKED,NOT_APPLICABLE,NOT_APPLICABLE,,,,,,
942793d64e914a57,2026-08-27T12:00:00+00:00,2026-08-27T12:00:14.750549+00:00,AUD/USD,H1,LONG,AUD,USD,0.0008356778740355,0.0008356778740355,-0.0006317983473537713,0.0014674762213892712,0.71858,LONDON_NY_OVERLAP,RECORDED,PENDING,PENDING,,,,,,
a418eb0ad79576d6,2026-08-27T12:00:00+00:00,2026-08-27T12:00:14.750582+00:00,EUR/USD,H1,LONG,EUR,USD,0.0002405436286006,0.0002405436286006,-0.0006317983473537713,0.0008723419759543714,1.16431,LONDON_NY_OVERLAP,RECORDED,PENDING,PENDING,,,,,,
9910f2585c268ea3,2026-08-27T12:00:00+00:00,2026-08-27T12:00:14.750601+00:00,GBP/USD,H1,LONG,GBP,USD,0.000243052742445,0.000243052742445,-0.0006317983473537713,0.0008748510897987713,1.35806,LONDON_NY_OVERLAP,RECORDED,PENDING,PENDING,,,,,,
11338926e3d6380b,2026-08-27T12:00:00+00:00,2026-08-27T12:00:14.750617+00:00,NZD/USD,H1,LONG,NZD,USD,0.0010600528343793,0.0010600528343793,-0.0006317983473537713,0.0016918511817330712,0.59494,LONDON_NY_OVERLAP,RECORDED,PENDING,PENDING,,,,,,
fbbe6a3e9d063f1a,2026-08-27T12:00:00+00:00,2026-08-27T12:00:14.750631+00:00,USD/CAD,H1,SHORT,USD,CAD,-0.0009650354686542,-0.0006317983473537713,0.0009650354686542,-0.0015968338160079715,1.38721,LONDON_NY_OVERLAP,RECORDED,PENDING,PENDING,,,,,,
c731861d3d0a8d35,2026-08-27T12:00:00+00:00,2026-08-27T12:00:14.750646+00:00,USD/CHF,H1,SHORT,USD,CHF,-0.0007569271240491,-0.0006317983473537713,0.0007569271240491,-0.0013887254714028713,0.80528,LONDON_NY_OVERLAP,RECORDED,PENDING,PENDING,,,,,,
d93d9049f7efb1c2,2026-08-27T12:00:00+00:00,2026-08-27T12:00:14.750659+00:00,USD/JPY,H1,SHORT,USD,JPY,-0.0003212987593127,-0.0006317983473537713,0.0003212987593127,-0.0009530971066664713,159.4265,LONDON_NY_OVERLAP,RECORDED,PENDING,PENDING,,,,,,
535ad7e7ed70ec2f,2026-08-27T15:00:00+00:00,2026-08-27T15:00:10.271789+00:00,AUD/USD,H1,SHORT,AUD,USD,-0.0002502467711214,-0.0002502467711214,0.0003631599945800288,-0.0006134067657014288,0.71911,LONDON_NY_OVERLAP,RECORDED,PENDING,PENDING,,,,,,
4fa844cad568f8df,2026-08-27T15:00:00+00:00,2026-08-27T15:00:10.271819+00:00,EUR/USD,H1,SHORT,EUR,USD,-0.0007293257597858,-0.0007293257597858,0.0003631599945800288,-0.0010924857543658287,1.16461,LONDON_NY_OVERLAP,RECORDED,PENDING,PENDING,,,,,,
4409a8922ea63cc7,2026-08-27T15:00:00+00:00,2026-08-27T15:00:10.271836+00:00,GBP/USD,H1,SHORT,GBP,USD,-0.0008091686160274,-0.0008091686160274,0.0003631599945800288,-0.0011723286106074288,1.35832,LONDON_NY_OVERLAP,RECORDED,PENDING,PENDING,,,,,,
037c47e06a77ea39,2026-08-27T15:00:00+00:00,2026-08-27T15:00:10.271851+00:00,NZD/USD,H1,SHORT,NZD,USD,-0.0010413517417448,-0.0010413517417448,0.0003631599945800288,-0.0014045117363248288,0.59476,LONDON_NY_OVERLAP,RECORDED,PENDING,PENDING,,,,,,
84bd0f3ddec1e724,2026-08-27T15:00:00+00:00,2026-08-27T15:00:10.271864+00:00,USD/CAD,H1,LONG,USD,CAD,8.657196655428997e-05,0.0003631599945800288,-8.657196655428997e-05,0.00044973196113431876,1.38625,LONDON_NY_OVERLAP,RECORDED,PENDING,PENDING,,,,,,
1255635106abb295,2026-08-27T15:00:00+00:00,2026-08-27T15:00:10.271878+00:00,USD/CHF,H1,NEUTRAL,USD,CHF,-8.707767328458787e-05,0.0003631599945800288,8.707767328458787e-05,0.0002760823212954409,0.80381,LONDON_NY_OVERLAP,NOT_TRACKED,NOT_APPLICABLE,NOT_APPLICABLE,,,,,,
0d84612da485c0a1,2026-08-27T15:00:00+00:00,2026-08-27T15:00:10.271890+00:00,USD/JPY,H1,NEUTRAL,USD,JPY,-0.0002874672198889,0.0003631599945800288,0.0002874672198889,7.569277469112877e-05,159.31149,LONDON_NY_OVERLAP,NOT_TRACKED,NOT_APPLICABLE,NOT_APPLICABLE,,,,,,
5e6c360b6fa5cb33,2026-08-27T16:00:00+00:00,2026-08-27T16:00:08.515818+00:00,AUD/USD,H1,LONG,AUD,USD,0.0009038950925448,0.0009038950925448,-0.0006776696949031286,0.0015815647874479286,0.71976,NEW_YORK,RECORDED,PENDING,PENDING,,,,,,
34fca628cd4331ce,2026-08-27T16:00:00+00:00,2026-08-27T16:00:08.515855+00:00,EUR/USD,H1,LONG,EUR,USD,0.000695499858324,0.000695499858324,-0.0006776696949031286,0.0013731695532271286,1.16544,NEW_YORK,RECORDED,PENDING,PENDING,,,,,,
7c8f574f6990117d,2026-08-27T16:00:00+00:00,2026-08-27T16:00:08.515879+00:00,GBP/USD,H1,LONG,GBP,USD,0.0011558650950828,0.0011558650950828,-0.0006776696949031286,0.0018335347899859286,1.35986,NEW_YORK,RECORDED,PENDING,PENDING,,,,,,
75b8fec075f24292,2026-08-27T16:00:00+00:00,2026-08-27T16:00:08.515901+00:00,NZD/USD,H1,LONG,NZD,USD,0.0008069939475454,0.0008069939475454,-0.0006776696949031286,0.0014846636424485286,0.59528,NEW_YORK,RECORDED,PENDING,PENDING,,,,,,
00393c5be01cc521,2026-08-27T16:00:00+00:00,2026-08-27T16:00:08.515924+00:00,USD/CAD,H1,SHORT,USD,CAD,-0.0003318759649655,-0.0006776696949031286,0.0003318759649655,-0.0010095456598686286,1.3856,NEW_YORK,RECORDED,PENDING,PENDING,,,,,,
e15ce214571bdc83,2026-08-27T16:00:00+00:00,2026-08-27T16:00:08.515944+00:00,USD/CHF,H1,SHORT,USD,CHF,-0.000410565211441,-0.0006776696949031286,0.000410565211441,-0.0010882349063441286,0.80344,NEW_YORK,RECORDED,PENDING,PENDING,,,,,,
9dda80302564668a,2026-08-27T16:00:00+00:00,2026-08-27T16:00:08.515961+00:00,USD/JPY,H1,SHORT,USD,JPY,-0.0004389926944184,-0.0006776696949031286,0.0004389926944184,-0.0011166623893215286,159.24934,NEW_YORK,RECORDED,PENDING,PENDING,,,,,,
f1c8dbd8af4370e5,2026-08-27T17:00:00+00:00,2026-08-27T17:00:08.840283+00:00,AUD/USD,H1,SHORT,AUD,USD,-0.0001667291901129,-0.0001667291901129,0.00027325482296357143,-0.0004399840130764714,0.71961,NEW_YORK,RECORDED,PENDING,PENDING,,,,,,
c7581c1faf5b53c1,2026-08-27T17:00:00+00:00,2026-08-27T17:00:08.840319+00:00,EUR/USD,H1,SHORT,EUR,USD,-0.0001458764169319,-0.0001458764169319,0.00027325482296357143,-0.00041913123989547143,1.1652,NEW_YORK,RECORDED,PENDING,PENDING,,,,,,
ec054615fcb38734,2026-08-27T17:00:00+00:00,2026-08-27T17:00:08.840341+00:00,GBP/USD,H1,SHORT,GBP,USD,-0.0004338618113361,-0.0004338618113361,0.00027325482296357143,-0.0007071166342996714,1.35929,NEW_YORK,RECORDED,PENDING,PENDING,,,,,,
329998eac933adea,2026-08-27T17:00:00+00:00,2026-08-27T17:00:08.840371+00:00,NZD/USD,H1,SHORT,NZD,USD,-0.0001847994086417,-0.0001847994086417,0.00027325482296357143,-0.0004580542316052714,0.59513,NEW_YORK,RECORDED,PENDING,PENDING,,,,,,
fb5e029e97503fab,2026-08-27T17:00:00+00:00,2026-08-27T17:00:08.840388+00:00,USD/CAD,H1,LONG,USD,CAD,0.0001371227320621,0.00027325482296357143,-0.0001371227320621,0.00041037755502567144,1.38581,NEW_YORK,RECORDED,PENDING,PENDING,,,,,,
3eabcf69ae38cea5,2026-08-27T17:00:00+00:00,2026-08-27T17:00:08.840405+00:00,USD/CHF,H1,LONG,USD,CHF,0.0005725024580268,0.00027325482296357143,-0.0005725024580268,0.0008457572809903714,0.80395,NEW_YORK,RECORDED,PENDING,PENDING,,,,,,
184aaa15b675f694,2026-08-27T17:00:00+00:00,2026-08-27T17:00:08.840423+00:00,USD/JPY,H1,LONG,USD,JPY,0.0002718917436335,0.00027325482296357143,-0.0002718917436335,0.0005451465665970714,159.29786,NEW_YORK,RECORDED,PENDING,PENDING,,,,,,
304c4ff9e464b74a,2026-08-27T17:00:00+00:00,2026-08-27T17:05:18.334574+00:00,AUD/USD,H4,LONG,AUD,USD,0.0012104684652095,0.0012104684652095,-0.000988379523845143,0.002198847989054643,0.7196,NEW_YORK,RECORDED,PENDING,PENDING,,,,,,
b4df577e3d1a677e,2026-08-27T17:00:00+00:00,2026-08-27T17:05:18.334617+00:00,EUR/USD,H4,LONG,EUR,USD,0.0009105825150974,0.0009105825150974,-0.000988379523845143,0.001898962038942543,1.16515,NEW_YORK,RECORDED,PENDING,PENDING,,,,,,
8eb8c323df46363e,2026-08-27T17:00:00+00:00,2026-08-27T17:05:18.334643+00:00,GBP/USD,H4,LONG,GBP,USD,0.0012891629280942,0.0012891629280942,-0.000988379523845143,0.002277542451939343,1.35922,NEW_YORK,RECORDED,PENDING,PENDING,,,,,,
d55e0d7b1ac9d276,2026-08-27T17:00:00+00:00,2026-08-27T17:05:18.334665+00:00,NZD/USD,H4,LONG,NZD,USD,0.0006052963430013,0.0006052963430013,-0.000988379523845143,0.0015936758668464428,0.59511,NEW_YORK,RECORDED,PENDING,PENDING,,,,,,
6accb84ca39b553f,2026-08-27T17:00:00+00:00,2026-08-27T17:05:18.334687+00:00,USD/CAD,H4,SHORT,USD,CAD,-0.0010452785847648,-0.000988379523845143,0.0010452785847648,-0.002033658108609943,1.38574,NEW_YORK,RECORDED,PENDING,PENDING,,,,,,
8728f797647aa27d,2026-08-27T17:00:00+00:00,2026-08-27T17:05:18.334707+00:00,USD/CHF,H4,SHORT,USD,CHF,-0.0011057686334438,-0.000988379523845143,0.0011057686334438,-0.002094148157288943,0.80398,NEW_YORK,RECORDED,PENDING,PENDING,,,,,,
c3760752a06b3a0c,2026-08-27T17:00:00+00:00,2026-08-27T17:05:18.334731+00:00,USD/JPY,H4,SHORT,USD,JPY,-0.000752099197305,-0.000988379523845143,0.000752099197305,-0.001740478721150143,159.30056,NEW_YORK,RECORDED,PENDING,PENDING,,,,,,
478abbc38e7cf8c6,2026-08-27T19:00:00+00:00,2026-08-27T19:00:08.084520+00:00,AUD/USD,H1,NEUTRAL,AUD,USD,-0.0001389506447309,-0.0001389506447309,6.493171858514964e-05,-0.00020388236331604965,0.71958,NEW_YORK,NOT_TRACKED,NOT_APPLICABLE,NOT_APPLICABLE,,,,,,
455106ecb93e47cb,2026-08-27T19:00:00+00:00,2026-08-27T19:00:08.084562+00:00,EUR/USD,H1,NEUTRAL,EUR,USD,-8.58428046566761e-06,-8.58428046566761e-06,6.493171858514964e-05,-7.351599905081726e-05,1.16491,NEW_YORK,NOT_TRACKED,NOT_APPLICABLE,NOT_APPLICABLE,,,,,,
e0ed9cb764c7007a,2026-08-27T19:00:00+00:00,2026-08-27T19:00:08.084589+00:00,GBP/USD,H1,NEUTRAL,GBP,USD,7.359001530671507e-05,7.359001530671507e-05,6.493171858514964e-05,8.658296721565433e-06,1.35898,NEW_YORK,NOT_TRACKED,NOT_APPLICABLE,NOT_APPLICABLE,,,,,,
037215bcd332dc3b,2026-08-27T19:00:00+00:00,2026-08-27T19:00:08.084615+00:00,NZD/USD,H1,NEUTRAL,NZD,USD,-0.0001680559290131,-0.0001680559290131,6.493171858514964e-05,-0.00023298764759824964,0.59494,NEW_YORK,NOT_TRACKED,NOT_APPLICABLE,NOT_APPLICABLE,,,,,,
e5b04912b884978c,2026-08-27T19:00:00+00:00,2026-08-27T19:00:08.084637+00:00,USD/CAD,H1,NEUTRAL,USD,CAD,0.0001010399901845,6.493171858514964e-05,-0.0001010399901845,0.00016597170876964963,1.38573,NEW_YORK,NOT_TRACKED,NOT_APPLICABLE,NOT_APPLICABLE,,,,,,
a9382470fd24505c,2026-08-27T19:00:00+00:00,2026-08-27T19:00:08.084657+00:00,USD/CHF,H1,NEUTRAL,USD,CHF,-7.4597175253705e-05,6.493171858514964e-05,7.4597175253705e-05,-9.665456668555357e-06,0.80426,NEW_YORK,NOT_TRACKED,NOT_APPLICABLE,NOT_APPLICABLE,,,,,,
d82b75acb6f315b3,2026-08-27T19:00:00+00:00,2026-08-27T19:00:08.084677+00:00,USD/JPY,H1,NEUTRAL,USD,JPY,0.0001860783762623,6.493171858514964e-05,-0.0001860783762623,0.00025101009484744963,159.42486,NEW_YORK,NOT_TRACKED,NOT_APPLICABLE,NOT_APPLICABLE,,,,,,
8a4fed3cce33d61b,2026-08-27T20:00:00+00:00,2026-08-27T20:00:08.474538+00:00,AUD/USD,H1,NEUTRAL,AUD,USD,0.0001111775087899,0.0001111775087899,-6.51566177487663e-05,0.00017633412653866631,0.71965,NEW_YORK,NOT_TRACKED,NOT_APPLICABLE,NOT_APPLICABLE,,,,,,
886bc58c8c235946,2026-08-27T20:00:00+00:00,2026-08-27T20:00:08.474573+00:00,EUR/USD,H1,NEUTRAL,EUR,USD,9.44287063267701e-05,9.44287063267701e-05,-6.51566177487663e-05,0.00015958532407553638,1.16501,NEW_YORK,NOT_TRACKED,NOT_APPLICABLE,NOT_APPLICABLE,,,,,,
c272c6606816999f,2026-08-27T20:00:00+00:00,2026-08-27T20:00:08.474595+00:00,GBP/USD,H1,NEUTRAL,GBP,USD,-3.679311232944959e-05,-3.679311232944959e-05,-6.51566177487663e-05,2.836350541931671e-05,1.3589,NEW_YORK,NOT_TRACKED,NOT_APPLICABLE,NOT_APPLICABLE,,,,,,
440a5b1ff97c1949,2026-08-27T20:00:00+00:00,2026-08-27T20:00:08.474617+00:00,NZD/USD,H1,NEUTRAL,NZD,USD,3.361683531115743e-05,3.361683531115743e-05,-6.51566177487663e-05,9.877345305992372e-05,0.59496,NEW_YORK,NOT_TRACKED,NOT_APPLICABLE,NOT_APPLICABLE,,,,,,
5057754589be5829,2026-08-27T20:00:00+00:00,2026-08-27T20:00:08.474634+00:00,USD/CAD,H1,NEUTRAL,USD,CAD,-0.0002164939526022,-6.51566177487663e-05,0.0002164939526022,-0.0002816505703509663,1.38542,NEW_YORK,NOT_TRACKED,NOT_APPLICABLE,NOT_APPLICABLE,,,,,,
8ca4013bba621160,2026-08-27T20:00:00+00:00,2026-08-27T20:00:08.474651+00:00,USD/CHF,H1,NEUTRAL,USD,CHF,7.46036680136139e-05,-6.51566177487663e-05,-7.46036680136139e-05,9.447050264847602e-06,0.80431,NEW_YORK,NOT_TRACKED,NOT_APPLICABLE,NOT_APPLICABLE,,,,,,
04013b1d4d42a624,2026-08-27T20:00:00+00:00,2026-08-27T20:00:08.474666+00:00,USD/JPY,H1,NEUTRAL,USD,JPY,-0.0001117761015544,-6.51566177487663e-05,0.0001117761015544,-0.0001769327193031663,159.40803,NEW_YORK,NOT_TRACKED,NOT_APPLICABLE,NOT_APPLICABLE,,,,,,
6946d719669cdc33,2026-08-27T21:00:00+00:00,2026-08-27T21:00:18.313856+00:00,AUD/USD,H1,NEUTRAL,AUD,USD,-0.0001806508990857,-0.0001806508990857,-4.971461334027495e-05,-0.00013093628574542505,0.71949,LATE_NY,NOT_TRACKED,NOT_APPLICABLE,NOT_APPLICABLE,,,,,,
d01766b4e9b45e93,2026-08-27T21:00:00+00:00,2026-08-27T21:00:18.313906+00:00,EUR/USD,H1,NEUTRAL,EUR,USD,0.0001716752933501,0.0001716752933501,-4.971461334027495e-05,0.00022138990669037497,1.16519,LATE_NY,NOT_TRACKED,NOT_APPLICABLE,NOT_APPLICABLE,,,,,,
91e8147e14596518,2026-08-27T21:00:00+00:00,2026-08-27T21:00:18.313931+00:00,GBP/USD,H1,NEUTRAL,GBP,USD,0.0003164347371753,0.0003164347371753,-4.971461334027495e-05,0.000366149350515575,1.35932,LATE_NY,NOT_TRACKED,NOT_APPLICABLE,NOT_APPLICABLE,,,,,,
f4d0619ce698af4c,2026-08-27T21:00:00+00:00,2026-08-27T21:00:18.313955+00:00,NZD/USD,H1,NEUTRAL,NZD,USD,0.0002185057567864,0.0002185057567864,-4.971461334027495e-05,0.00026822037012667497,0.59508,LATE_NY,NOT_TRACKED,NOT_APPLICABLE,NOT_APPLICABLE,,,,,,
54c8cef342cd6b60,2026-08-27T21:00:00+00:00,2026-08-27T21:00:18.313974+00:00,USD/CAD,H1,NEUTRAL,USD,CAD,0.0002382069513119,-4.971461334027495e-05,-0.0002382069513119,0.00018849233797162504,1.38568,LATE_NY,NOT_TRACKED,NOT_APPLICABLE,NOT_APPLICABLE,,,,,,
f0a5a4619e6ae8c0,2026-08-27T21:00:00+00:00,2026-08-27T21:00:18.313991+00:00,USD/CHF,H1,NEUTRAL,USD,CHF,-8.703111984187004e-05,-4.971461334027495e-05,8.703111984187004e-05,-0.000136745733182145,0.80424,LATE_NY,NOT_TRACKED,NOT_APPLICABLE,NOT_APPLICABLE,,,,,,
4006bf66e783b387,2026-08-27T21:00:00+00:00,2026-08-27T21:00:18.314008+00:00,USD/JPY,H1,NEUTRAL,USD,JPY,2.6786763374145493e-05,-4.971461334027495e-05,-2.6786763374145493e-05,-2.2927849966129457e-05,159.41136,LATE_NY,NOT_TRACKED,NOT_APPLICABLE,NOT_APPLICABLE,,,,,,
13974e66d5503603,2026-08-27T21:00:00+00:00,2026-08-27T21:05:09.109027+00:00,AUD/USD,H4,NEUTRAL,AUD,USD,-0.0001111713289142,-0.0001111713289142,0.0001522314913113083,-0.0002634028202255083,0.71953,LATE_NY,NOT_TRACKED,NOT_APPLICABLE,NOT_APPLICABLE,,,,,,
839c7963f1800071,2026-08-27T21:00:00+00:00,2026-08-27T21:05:09.109063+00:00,EUR/USD,H4,NEUTRAL,EUR,USD,5.149507363791152e-05,5.149507363791152e-05,0.0001522314913113083,-0.00010073641767339678,1.16522,LATE_NY,NOT_TRACKED,NOT_APPLICABLE,NOT_APPLICABLE,,,,,,
16f94057a0ee08d5,2026-08-27T21:00:00+00:00,2026-08-27T21:05:09.109084+00:00,GBP/USD,H4,NEUTRAL,GBP,USD,0.0,0.0,0.0001522314913113083,-0.0001522314913113083,1.35927,LATE_NY,NOT_TRACKED,NOT_APPLICABLE,NOT_APPLICABLE,,,,,,
cfdeba6c3ffad7a5,2026-08-27T21:00:00+00:00,2026-08-27T21:05:09.109105+00:00,NZD/USD,H4,NEUTRAL,NZD,USD,-6.72133351255696e-05,-6.72133351255696e-05,0.0001522314913113083,-0.0002194448264368779,0.59508,LATE_NY,NOT_TRACKED,NOT_APPLICABLE,NOT_APPLICABLE,,,,,,
76f92b177eecdc4a,2026-08-27T21:00:00+00:00,2026-08-27T21:05:09.109121+00:00,USD/CAD,H4,NEUTRAL,USD,CAD,-0.0001226772505863,0.0001522314913113083,0.0001226772505863,2.955424072500831e-05,1.38558,LATE_NY,NOT_TRACKED,NOT_APPLICABLE,NOT_APPLICABLE,,,,,,
cda82736f4fad581,2026-08-27T21:00:00+00:00,2026-08-27T21:05:09.109139+00:00,USD/CHF,H4,LONG,USD,CHF,0.0003482803656943,0.0001522314913113083,-0.0003482803656943,0.0005005118570056083,0.80423,LATE_NY,RECORDED,PENDING,PENDING,,,,,,
c4d1ab7278b1ebdb,2026-08-27T21:00:00+00:00,2026-08-27T21:05:09.109154+00:00,USD/JPY,H4,LONG,USD,JPY,0.0007131277336693,0.0001522314913113083,-0.0007131277336693,0.0008653592249806084,159.41185,LATE_NY,RECORDED,PENDING,PENDING,,,,,,
d32b51720c921b86,2026-08-27T22:00:00+00:00,2026-08-27T22:00:09.499146+00:00,AUD/USD,H1,NEUTRAL,AUD,USD,-5.559338994583672e-05,-5.559338994583672e-05,-9.478486944488774e-05,3.9191479499051025e-05,0.71947,LATE_NY,NOT_TRACKED,NOT_APPLICABLE,NOT_APPLICABLE,,,,,,
b4ec96330634b5db,2026-08-27T22:00:00+00:00,2026-08-27T22:00:09.499191+00:00,EUR/USD,H1,NEUTRAL,EUR,USD,0.0001544812434024,0.0001544812434024,-9.478486944488774e-05,0.00024926611284728777,1.16537,LATE_NY,NOT_TRACKED,NOT_APPLICABLE,NOT_APPLICABLE,,,,,,
644e2bbb7433f287,2026-08-27T22:00:00+00:00,2026-08-27T22:00:09.499213+00:00,GBP/USD,H1,NEUTRAL,GBP,USD,-9.563886763578031e-05,-9.563886763578031e-05,-9.478486944488774e-05,-8.53998190892573e-07,1.35915,LATE_NY,NOT_TRACKED,NOT_APPLICABLE,NOT_APPLICABLE,,,,,,
2993052d01c632ce,2026-08-27T22:00:00+00:00,2026-08-27T22:00:09.499235+00:00,NZD/USD,H1,NEUTRAL,NZD,USD,-3.361118580266873e-05,-3.361118580266873e-05,-9.478486944488774e-05,6.117368364221901e-05,0.59502,LATE_NY,NOT_TRACKED,NOT_APPLICABLE,NOT_APPLICABLE,,,,,,
d5f250528b614706,2026-08-27T22:00:00+00:00,2026-08-27T22:00:09.499251+00:00,USD/CAD,H1,NEUTRAL,USD,CAD,-0.0001659894777104,-9.478486944488774e-05,0.0001659894777104,-0.0002607743471552878,1.3854,LATE_NY,NOT_TRACKED,NOT_APPLICABLE,NOT_APPLICABLE,,,,,,
9fdfb683c5bc4f38,2026-08-27T22:00:00+00:00,2026-08-27T22:00:09.499267+00:00,USD/CHF,H1,SHORT,USD,CHF,-0.0003854666633508,-9.478486944488774e-05,0.0003854666633508,-0.0004802515327956878,0.80391,LATE_NY,RECORDED,PENDING,PENDING,,,,,,
8f17c2c610797ce8,2026-08-27T22:00:00+00:00,2026-08-27T22:00:09.499284+00:00,USD/JPY,H1,NEUTRAL,USD,JPY,-0.0001424001450349,-9.478486944488774e-05,0.0001424001450349,-0.00023718501447978773,159.38725,LATE_NY,NOT_TRACKED,NOT_APPLICABLE,NOT_APPLICABLE,,,,,,
0abda57b0370bf40,2026-08-28T05:00:00+00:00,2026-08-28T05:00:09.250920+00:00,AUD/USD,H1,SHORT,AUD,USD,-0.000333296300411,-0.000333296300411,0.000183751236888306,-0.000517047537299306,0.71984,ASIA,RECORDED,PENDING,PENDING,,,,,,
7bd2ab5f327fb1fc,2026-08-28T05:00:00+00:00,2026-08-28T05:00:09.250945+00:00,EUR/USD,H1,NEUTRAL,EUR,USD,-7.727975270491629e-05,-7.727975270491629e-05,0.000183751236888306,-0.0002610309895932223,1.16451,ASIA,NOT_TRACKED,NOT_APPLICABLE,NOT_APPLICABLE,,,,,,
10541b4bbe0db952,2026-08-28T05:00:00+00:00,2026-08-28T05:00:09.250963+00:00,GBP/USD,H1,NEUTRAL,GBP,USD,-3.679311232944959e-05,-3.679311232944959e-05,0.000183751236888306,-0.00022054434921775558,1.3589,ASIA,NOT_TRACKED,NOT_APPLICABLE,NOT_APPLICABLE,,,,,,
00dc7540518c58a8,2026-08-28T05:00:00+00:00,2026-08-28T05:00:09.250983+00:00,NZD/USD,H1,NEUTRAL,NZD,USD,-0.0001845204146677,-0.0001845204146677,0.000183751236888306,-0.00036827165155600596,0.59603,ASIA,NOT_TRACKED,NOT_APPLICABLE,NOT_APPLICABLE,,,,,,
b6cdea1aabede34f,2026-08-28T05:00:00+00:00,2026-08-28T05:00:09.250996+00:00,USD/CAD,H1,NEUTRAL,USD,CAD,9.385197377917603e-05,0.000183751236888306,-9.385197377917603e-05,0.000277603210667482,1.38529,ASIA,NOT_TRACKED,NOT_APPLICABLE,NOT_APPLICABLE,,,,,,
63cce44c94bd6d6d,2026-08-28T05:00:00+00:00,2026-08-28T05:00:09.251011+00:00,USD/CHF,H1,LONG,USD,CHF,0.0002485243864555,0.000183751236888306,-0.0002485243864555,0.000432275623343806,0.80495,ASIA,RECORDED,PENDING,PENDING,,,,,,
c837957f242ffb8b,2026-08-28T05:00:00+00:00,2026-08-28T05:00:09.251023+00:00,USD/JPY,H1,LONG,USD,JPY,0.0003119927178704,0.000183751236888306,-0.0003119927178704,0.000495743954758706,159.5086,ASIA,RECORDED,PENDING,PENDING,,,,,,
a0606d683fcf1c13,2026-08-28T05:00:00+00:00,2026-08-28T05:05:07.406364+00:00,AUD/USD,H4,NEUTRAL,AUD,USD,0.0001945309026234,0.0001945309026234,0.0004205686543610143,-0.00022603775173761427,0.71982,ASIA,NOT_TRACKED,NOT_APPLICABLE,NOT_APPLICABLE,,,,,,
601742afd121f0e5,2026-08-28T05:00:00+00:00,2026-08-28T05:05:07.406397+00:00,EUR/USD,H4,SHORT,EUR,USD,-0.0006693268116874,-0.0006693268116874,0.0004205686543610143,-0.0010898954660484143,1.16457,ASIA,RECORDED,PENDING,PENDING,,,,,,
f0db3375fab67de8,2026-08-28T05:00:00+00:00,2026-08-28T05:05:07.406419+00:00,GBP/USD,H4,SHORT,GBP,USD,-0.0005369107771966,-0.0005369107771966,0.0004205686543610143,-0.0009574794315576143,1.3589,ASIA,RECORDED,PENDING,PENDING,,,,,,
057830a71f3d64d7,2026-08-28T05:00:00+00:00,2026-08-28T05:05:07.406437+00:00,NZD/USD,H4,NEUTRAL,NZD,USD,0.0005373004012962,0.0005373004012962,0.0004205686543610143,0.00011673174693518576,0.59589,ASIA,NOT_TRACKED,NOT_APPLICABLE,NOT_APPLICABLE,,,,,,
7f62583fb659370b,2026-08-28T05:00:00+00:00,2026-08-28T05:05:07.406454+00:00,USD/CAD,H4,LONG,USD,CAD,0.000310487248361,0.0004205686543610143,-0.000310487248361,0.0007310559027220143,1.38535,ASIA,RECORDED,PENDING,PENDING,,,,,,
78f390d00d7bb91d,2026-08-28T05:00:00+00:00,2026-08-28T05:05:07.406470+00:00,USD/CHF,H4,LONG,USD,CHF,0.0012064226459212,0.0004205686543610143,-0.0012064226459212,0.0016269913002822142,0.805,ASIA,RECORDED,PENDING,PENDING,,,,,,
b31f6611c61ef032,2026-08-28T05:00:00+00:00,2026-08-28T05:05:07.406485+00:00,USD/JPY,H4,LONG,USD,JPY,0.0009526644012805,0.0004205686543610143,-0.0009526644012805,0.0013732330556415144,159.51539,ASIA,RECORDED,PENDING,PENDING,,,,,,
b9a76cadc970c119,2026-08-28T08:00:00+00:00,2026-08-28T08:00:32.729379+00:00,AUD/USD,H1,SHORT,AUD,USD,-0.0006526780630738,-0.0006526780630738,0.0002611693124080704,-0.0009138473754818704,0.71964,LONDON,RECORDED,PENDING,PENDING,,,,,,
50bb7df43c277d75,2026-08-28T08:00:00+00:00,2026-08-28T08:00:32.729409+00:00,EUR/USD,H1,NEUTRAL,EUR,USD,-9.44335702757928e-05,-9.44335702757928e-05,0.0002611693124080704,-0.0003556028826838632,1.16473,LONDON,NOT_TRACKED,NOT_APPLICABLE,NOT_APPLICABLE,,,,,,
0c68e5d172f39337,2026-08-28T08:00:00+00:00,2026-08-28T08:00:32.729429+00:00,GBP/USD,H1,SHORT,GBP,USD,-0.0004119464469618,-0.0004119464469618,0.0002611693124080704,-0.0006731157593698703,1.35884,LONDON,RECORDED,PENDING,PENDING,,,,,,
efedc7516fcd90db,2026-08-28T08:00:00+00:00,2026-08-28T08:00:32.729449+00:00,NZD/USD,H1,SHORT,NZD,USD,-0.0002851487805696,-0.0002851487805696,0.0002611693124080704,-0.0005463180929776703,0.59601,LONDON,RECORDED,PENDING,PENDING,,,,,,
8e7f189123ccdcc4,2026-08-28T08:00:00+00:00,2026-08-28T08:00:32.729464+00:00,USD/CAD,H1,LONG,USD,CAD,0.0002816026802799,0.0002611693124080704,-0.0002816026802799,0.0005427719926879704,1.38532,LONDON,RECORDED,PENDING,PENDING,,,,,,
997b8db5a9de6b6e,2026-08-28T08:00:00+00:00,2026-08-28T08:00:32.729479+00:00,USD/CHF,H1,NEUTRAL,USD,CHF,-0.0004223917310607,0.0002611693124080704,0.0004223917310607,-0.00016122241865262958,0.8046,LONDON,NOT_TRACKED,NOT_APPLICABLE,NOT_APPLICABLE,,,,,,
0712eb8f1d0382fa,2026-08-28T08:00:00+00:00,2026-08-28T08:00:32.729493+00:00,USD/JPY,H1,LONG,USD,JPY,0.0005247673767563,0.0002611693124080704,-0.0005247673767563,0.0007859366891643704,159.50668,LONDON,RECORDED,PENDING,PENDING,,,,,,
282e7d805ff549a7,2026-08-28T15:00:00+00:00,2026-08-28T15:00:24.969300+00:00,AUD/USD,H1,SHORT,AUD,USD,-0.0017086181030171,-0.0017086181030171,0.0020299898599256713,-0.0037386079629427712,0.71865,LONDON_NY_OVERLAP,RECORDED,PENDING,PENDING,,,,,,
a7c0763c475d649f,2026-08-28T15:00:00+00:00,2026-08-28T15:00:24.969345+00:00,EUR/USD,H1,SHORT,EUR,USD,-0.0019921858228499,-0.0019921858228499,0.0020299898599256713,-0.0040221756827755716,1.16223,LONDON_NY_OVERLAP,RECORDED,PENDING,PENDING,,,,,,
cc05684f7f4ffe13,2026-08-28T15:00:00+00:00,2026-08-28T15:00:24.969366+00:00,GBP/USD,H1,SHORT,GBP,USD,-0.0006036158059005,-0.0006036158059005,0.0020299898599256713,-0.0026336056658261713,1.35766,LONDON_NY_OVERLAP,RECORDED,PENDING,PENDING,,,,,,
0f4d69907dc49b82,2026-08-28T15:00:00+00:00,2026-08-28T15:00:24.969387+00:00,NZD/USD,H1,SHORT,NZD,USD,-0.0027389434063718,-0.0027389434063718,0.0020299898599256713,-0.004768933266297471,0.59349,LONDON_NY_OVERLAP,RECORDED,PENDING,PENDING,,,,,,
b2adcf3b3882db17,2026-08-28T15:00:00+00:00,2026-08-28T15:00:24.969402+00:00,USD/CAD,H1,LONG,USD,CAD,0.0018910823198237,0.0020299898599256713,-0.0018910823198237,0.003921072179749371,1.38807,LONDON_NY_OVERLAP,RECORDED,PENDING,PENDING,,,,,,
15c4ee704d5e40a6,2026-08-28T15:00:00+00:00,2026-08-28T15:00:24.969416+00:00,USD/CHF,H1,LONG,USD,CHF,0.0035070264892425,0.0020299898599256713,-0.0035070264892425,0.0055370163491681714,0.80692,LONDON_NY_OVERLAP,RECORDED,PENDING,PENDING,,,,,,
bbd6423f0ccda7d1,2026-08-28T15:00:00+00:00,2026-08-28T15:00:24.969429+00:00,USD/JPY,H1,LONG,USD,JPY,0.0017684570722742,0.0020299898599256713,-0.0017684570722742,0.0037984469321998716,159.86766,LONDON_NY_OVERLAP,RECORDED,PENDING,PENDING,,,,,,
3cf7e4a598897ba8,2026-08-29T01:00:00+00:00,2026-08-29T01:00:07.171657+00:00,AUD/USD,H1,SHORT,AUD,USD,-0.0004885129665298,-0.0004885129665298,2.610079899220546e-05,-0.0005146137655220054,0.71611,ASIA,RECORDED,PENDING,PENDING,,,,,,
0c5baa252fe0c231,2026-08-29T01:00:00+00:00,2026-08-29T01:00:07.171693+00:00,EUR/USD,H1,NEUTRAL,EUR,USD,-0.000362500215774,-0.000362500215774,2.610079899220546e-05,-0.00038860101476620543,1.1582,ASIA,NOT_TRACKED,NOT_APPLICABLE,NOT_APPLICABLE,,,,,,
8c0f41a9e29384bd,2026-08-29T01:00:00+00:00,2026-08-29T01:00:07.171713+00:00,GBP/USD,H1,NEUTRAL,GBP,USD,-0.0001699260452298,-0.0001699260452298,2.610079899220546e-05,-0.00019602684422200548,1.3533,ASIA,NOT_TRACKED,NOT_APPLICABLE,NOT_APPLICABLE,,,,,,
51e0a43bacfd4b1c,2026-08-29T01:00:00+00:00,2026-08-29T01:00:07.171729+00:00,NZD/USD,H1,NEUTRAL,NZD,USD,0.0001353065539111,0.0001353065539111,2.610079899220546e-05,0.00010920575491889455,0.59133,ASIA,NOT_TRACKED,NOT_APPLICABLE,NOT_APPLICABLE,,,,,,
12ad314e1130b2d6,2026-08-29T01:00:00+00:00,2026-08-29T01:00:07.171745+00:00,USD/CAD,H1,NEUTRAL,USD,CAD,9.351172493163824e-05,2.610079899220546e-05,-9.351172493163824e-05,0.0001196125239238437,1.39033,ASIA,NOT_TRACKED,NOT_APPLICABLE,NOT_APPLICABLE,,,,,,
4e226846166cb738,2026-08-29T01:00:00+00:00,2026-08-29T01:00:07.171761+00:00,USD/CHF,H1,SHORT,USD,CHF,-0.0010631459229589,2.610079899220546e-05,0.0010631459229589,-0.0010370451239666944,0.80806,ASIA,RECORDED,PENDING,PENDING,,,,,,
56c45504e06bef90,2026-08-29T01:00:00+00:00,2026-08-29T01:00:07.171776+00:00,USD/JPY,H1,NEUTRAL,USD,JPY,0.0002667071173502,2.610079899220546e-05,-0.0002667071173502,0.00029280791634240546,160.10591,ASIA,NOT_TRACKED,NOT_APPLICABLE,NOT_APPLICABLE,,,,,,
94ef84362a69f38e,2026-08-29T01:00:00+00:00,2026-08-29T01:05:05.830672+00:00,AUD/USD,H4,NEUTRAL,AUD,USD,-1.3963555121070292e-05,-1.3963555121070292e-05,-0.00023502613924831635,0.00022106258412724606,0.71614,ASIA,NOT_TRACKED,NOT_APPLICABLE,NOT_APPLICABLE,,,,,,
a915799255fe51cd,2026-08-29T01:00:00+00:00,2026-08-29T01:05:05.830706+00:00,EUR/USD,H4,NEUTRAL,EUR,USD,-5.1800499011429765e-05,-5.1800499011429765e-05,-0.00023502613924831635,0.00018322564023688659,1.15823,ASIA,NOT_TRACKED,NOT_APPLICABLE,NOT_APPLICABLE,,,,,,
1b2388614e3f0321,2026-08-29T01:00:00+00:00,2026-08-29T01:05:05.830725+00:00,GBP/USD,H4,NEUTRAL,GBP,USD,-0.0001625391571606,-0.0001625391571606,-0.00023502613924831635,7.248698208771635e-05,1.3533,ASIA,NOT_TRACKED,NOT_APPLICABLE,NOT_APPLICABLE,,,,,,
3d7f12643115b29e,2026-08-29T01:00:00+00:00,2026-08-29T01:05:05.830741+00:00,NZD/USD,H4,NEUTRAL,NZD,USD,5.0735667173980194e-05,5.0735667173980194e-05,-0.00023502613924831635,0.00028576180642229655,0.59133,ASIA,NOT_TRACKED,NOT_APPLICABLE,NOT_APPLICABLE,,,,,,
0b40d50d8a9075ba,2026-08-29T01:00:00+00:00,2026-08-29T01:05:05.830755+00:00,USD/CAD,H4,NEUTRAL,USD,CAD,-0.000115062385387,-0.00023502613924831635,0.000115062385387,-0.00035008852463531634,1.39039,ASIA,NOT_TRACKED,NOT_APPLICABLE,NOT_APPLICABLE,,,,,,
027ffbf7164c7f43,2026-08-29T01:00:00+00:00,2026-08-29T01:05:05.830770+00:00,USD/CHF,H4,SHORT,USD,CHF,-0.0016678403320854,-0.00023502613924831635,0.0016678403320854,-0.0019028664713337164,0.80808,ASIA,RECORDED,PENDING,PENDING,,,,,,
ad480a85d57fcd34,2026-08-29T01:00:00+00:00,2026-08-29T01:05:05.830783+00:00,USD/JPY,H4,NEUTRAL,USD,JPY,-3.98478013849343e-05,-0.00023502613924831635,3.98478013849343e-05,-0.0002748739406332507,160.10283,ASIA,NOT_TRACKED,NOT_APPLICABLE,NOT_APPLICABLE,,,,,,
46f28d1dc6a1c8fc,2026-08-29T02:00:00+00:00,2026-08-29T02:00:07.123817+00:00,AUD/USD,H1,NEUTRAL,AUD,USD,-1.3964140088189816e-05,-1.3964140088189816e-05,-7.913386134674518e-06,-6.050753953515298e-06,0.71611,ASIA,NOT_TRACKED,NOT_APPLICABLE,NOT_APPLICABLE,,,,,,
d7d90507199106e7,2026-08-29T02:00:00+00:00,2026-08-29T02:00:07.123847+00:00,EUR/USD,H1,NEUTRAL,EUR,USD,-8.634087376829104e-06,-8.634087376829104e-06,-7.913386134674518e-06,-7.207012421545858e-07,1.15819,ASIA,NOT_TRACKED,NOT_APPLICABLE,NOT_APPLICABLE,,,,,,
7248c16b7a5ae3f6,2026-08-29T02:00:00+00:00,2026-08-29T02:00:07.123864+00:00,GBP/USD,H1,NEUTRAL,GBP,USD,4.4337050256008765e-05,4.4337050256008765e-05,-7.913386134674518e-06,5.225043639068328e-05,1.35333,ASIA,NOT_TRACKED,NOT_APPLICABLE,NOT_APPLICABLE,,,,,,
50c5ee5900731b7d,2026-08-29T02:00:00+00:00,2026-08-29T02:00:07.123878+00:00,NZD/USD,H1,NEUTRAL,NZD,USD,3.3823206101740205e-05,3.3823206101740205e-05,-7.913386134674518e-06,4.173659223641472e-05,0.59133,ASIA,NOT_TRACKED,NOT_APPLICABLE,NOT_APPLICABLE,,,,,,
9d830be865ad8cfc,2026-08-29T02:00:00+00:00,2026-08-29T02:00:07.123891+00:00,USD/CAD,H1,NEUTRAL,USD,CAD,-1.4384763658427332e-05,-7.913386134674518e-06,1.4384763658427332e-05,-2.2298149793101848e-05,1.39034,ASIA,NOT_TRACKED,NOT_APPLICABLE,NOT_APPLICABLE,,,,,,
8dda262537d03dd4,2026-08-29T02:00:00+00:00,2026-08-29T02:00:07.123904+00:00,USD/CHF,H1,NEUTRAL,USD,CHF,0.0,-7.913386134674518e-06,0.0,-7.913386134674518e-06,0.80806,ASIA,NOT_TRACKED,NOT_APPLICABLE,NOT_APPLICABLE,,,,,,
7cbc8284e74e4552,2026-08-29T02:00:00+00:00,2026-08-29T02:00:07.123916+00:00,USD/JPY,H1,NEUTRAL,USD,JPY,1.4553089608435753e-05,-7.913386134674518e-06,-1.4553089608435753e-05,6.639703473761235e-06,160.10579,ASIA,NOT_TRACKED,NOT_APPLICABLE,NOT_APPLICABLE,,,,,,
52cddd639361250c,2026-08-29T03:00:00+00:00,2026-08-29T03:00:05.941472+00:00,AUD/USD,H1,NEUTRAL,AUD,USD,2.7928280176534663e-05,2.7928280176534663e-05,2.940379728416152e-07,2.763424220369305e-05,0.71614,ASIA,NOT_TRACKED,NOT_APPLICABLE,NOT_APPLICABLE,,,,,,
d8aa1a997ef3f9a7,2026-08-29T03:00:00+00:00,2026-08-29T03:00:05.941497+00:00,EUR/USD,H1,NEUTRAL,EUR,USD,8.63408737702082e-06,8.63408737702082e-06,2.940379728416152e-07,8.340049404179205e-06,1.15821,ASIA,NOT_TRACKED,NOT_APPLICABLE,NOT_APPLICABLE,,,,,,
64a489e5e9f560f2,2026-08-29T03:00:00+00:00,2026-08-29T03:00:05.941511+00:00,GBP/USD,H1,NEUTRAL,GBP,USD,3.694726885779992e-05,3.694726885779992e-05,2.940379728416152e-07,3.6653230884958304e-05,1.35333,ASIA,NOT_TRACKED,NOT_APPLICABLE,NOT_APPLICABLE,,,,,,
0ad081f616b12023,2026-08-29T03:00:00+00:00,2026-08-29T03:00:05.941523+00:00,NZD/USD,H1,NEUTRAL,NZD,USD,3.3823206101740205e-05,3.3823206101740205e-05,2.940379728416152e-07,3.352916812889859e-05,0.59133,ASIA,NOT_TRACKED,NOT_APPLICABLE,NOT_APPLICABLE,,,,,,
4adb1cf60f25eba8,2026-08-29T03:00:00+00:00,2026-08-29T03:00:05.941534+00:00,USD/CAD,H1,NEUTRAL,USD,CAD,2.157714548748129e-05,2.940379728416152e-07,-2.157714548748129e-05,2.1871183460322903e-05,1.39039,ASIA,NOT_TRACKED,NOT_APPLICABLE,NOT_APPLICABLE,,,,,,
44effe70e6951077,2026-08-29T03:00:00+00:00,2026-08-29T03:00:05.941545+00:00,USD/CHF,H1,NEUTRAL,USD,CHF,8.662723065120721e-05,2.940379728416152e-07,-8.662723065120721e-05,8.692126862404883e-05,0.80813,ASIA,NOT_TRACKED,NOT_APPLICABLE,NOT_APPLICABLE,,,,,,
4fe632738438154e,2026-08-29T03:00:00+00:00,2026-08-29T03:00:05.941556+00:00,USD/JPY,H1,NEUTRAL,USD,JPY,1.1867321842984163e-06,2.940379728416152e-07,-1.1867321842984163e-06,1.4807701571400316e-06,160.10371,ASIA,NOT_TRACKED,NOT_APPLICABLE,NOT_APPLICABLE,,,,,,
06b6dd0d3837d5bc,2026-08-29T04:00:00+00:00,2026-08-29T04:00:06.643503+00:00,AUD/USD,H1,NEUTRAL,AUD,USD,-1.3963945093859372e-05,-1.3963945093859372e-05,-6.50161620445589e-06,-7.462328889403482e-06,0.71612,ASIA,NOT_TRACKED,NOT_APPLICABLE,NOT_APPLICABLE,,,,,,
aaa43cb0cdf28025,2026-08-29T04:00:00+00:00,2026-08-29T04:00:06.643538+00:00,EUR/USD,H1,NEUTRAL,EUR,USD,-2.59018148538054e-05,-2.59018148538054e-05,-6.50161620445589e-06,-1.940019864934951e-05,1.15819,ASIA,NOT_TRACKED,NOT_APPLICABLE,NOT_APPLICABLE,,,,,,
d26eebfb81f25632,2026-08-29T04:00:00+00:00,2026-08-29T04:00:06.643557+00:00,GBP/USD,H1,NEUTRAL,GBP,USD,7.389508376056155e-06,7.389508376056155e-06,-6.50161620445589e-06,1.3891124580512044e-05,1.35328,ASIA,NOT_TRACKED,NOT_APPLICABLE,NOT_APPLICABLE,,,,,,
22c1f0c0d36ef694,2026-08-29T04:00:00+00:00,2026-08-29T04:00:06.643574+00:00,NZD/USD,H1,NEUTRAL,NZD,USD,3.3823206101740205e-05,3.3823206101740205e-05,-6.50161620445589e-06,4.032482230619609e-05,0.59133,ASIA,NOT_TRACKED,NOT_APPLICABLE,NOT_APPLICABLE,,,,,,
23d8529e41a40888,2026-08-29T04:00:00+00:00,2026-08-29T04:00:06.643589+00:00,USD/CAD,H1,NEUTRAL,USD,CAD,-2.876890656581247e-05,-6.50161620445589e-06,2.876890656581247e-05,-3.527052277026836e-05,1.39035,ASIA,NOT_TRACKED,NOT_APPLICABLE,NOT_APPLICABLE,,,,,,
ff1de7aac3f33dfb,2026-08-29T04:00:00+00:00,2026-08-29T04:00:06.643604+00:00,USD/CHF,H1,NEUTRAL,USD,CHF,-4.9498824402969935e-05,-6.50161620445589e-06,4.9498824402969935e-05,-5.600044060742582e-05,0.80806,ASIA,NOT_TRACKED,NOT_APPLICABLE,NOT_APPLICABLE,,,,,,
5f86d3dca2cc6977,2026-08-29T04:00:00+00:00,2026-08-29T04:00:06.643618+00:00,USD/JPY,H1,NEUTRAL,USD,JPY,3.4103372067722764e-05,-6.50161620445589e-06,-3.4103372067722764e-05,2.7601755863266873e-05,160.10693,ASIA,NOT_TRACKED,NOT_APPLICABLE,NOT_APPLICABLE,,,,,,
a0b0f3f45fe1b77a,2026-08-29T05:00:00+00:00,2026-08-29T05:00:06.197710+00:00,AUD/USD,H1,NEUTRAL,AUD,USD,0.0,0.0,-4.89356523336154e-06,4.89356523336154e-06,0.71612,ASIA,NOT_TRACKED,NOT_APPLICABLE,NOT_APPLICABLE,,,,,,
9bc5053ff6f1d915,2026-08-29T05:00:00+00:00,2026-08-29T05:00:06.197740+00:00,EUR/USD,H1,NEUTRAL,EUR,USD,0.0,0.0,-4.89356523336154e-06,4.89356523336154e-06,1.1582,ASIA,NOT_TRACKED,NOT_APPLICABLE,NOT_APPLICABLE,,,,,,
681dd9708a001631,2026-08-29T05:00:00+00:00,2026-08-29T05:00:06.197759+00:00,GBP/USD,H1,NEUTRAL,GBP,USD,0.0,0.0,-4.89356523336154e-06,4.89356523336154e-06,1.35326,ASIA,NOT_TRACKED,NOT_APPLICABLE,NOT_APPLICABLE,,,,,,
5d8368151c3f5d39,2026-08-29T05:00:00+00:00,2026-08-29T05:00:06.197774+00:00,NZD/USD,H1,NEUTRAL,NZD,USD,5.073480915251643e-05,5.073480915251643e-05,-4.89356523336154e-06,5.5628374385877975e-05,0.59134,ASIA,NOT_TRACKED,NOT_APPLICABLE,NOT_APPLICABLE,,,,,,
8c97867b2f09548c,2026-08-29T05:00:00+00:00,2026-08-29T05:00:06.197791+00:00,USD/CAD,H1,NEUTRAL,USD,CAD,-7.19233009922935e-06,-4.89356523336154e-06,7.19233009922935e-06,-1.208589533259089e-05,1.39036,ASIA,NOT_TRACKED,NOT_APPLICABLE,NOT_APPLICABLE,,,,,,
bb6b31cdaa31bb33,2026-08-29T05:00:00+00:00,2026-08-29T05:00:06.197806+00:00,USD/CHF,H1,NEUTRAL,USD,CHF,0.0,-4.89356523336154e-06,0.0,-4.89356523336154e-06,0.80806,ASIA,NOT_TRACKED,NOT_APPLICABLE,NOT_APPLICABLE,,,,,,
620714160978b10c,2026-08-29T05:00:00+00:00,2026-08-29T05:00:06.197820+00:00,USD/JPY,H1,NEUTRAL,USD,JPY,2.3672182618215e-05,-4.89356523336154e-06,-2.3672182618215e-05,1.877861738485346e-05,160.10732,ASIA,NOT_TRACKED,NOT_APPLICABLE,NOT_APPLICABLE,,,,,,
642fff3ea9f2cdb2,2026-08-29T05:00:00+00:00,2026-08-29T05:05:05.970918+00:00,AUD/USD,H4,NEUTRAL,AUD,USD,1.3964140088344849e-05,1.3964140088344849e-05,-5.898980487394535e-06,1.9863120575739385e-05,0.71613,ASIA,NOT_TRACKED,NOT_APPLICABLE,NOT_APPLICABLE,,,,,,
0684c388cb22a6f3,2026-08-29T05:00:00+00:00,2026-08-29T05:05:05.970944+00:00,EUR/USD,H4,NEUTRAL,EUR,USD,2.590226213106246e-05,2.590226213106246e-05,-5.898980487394535e-06,3.180124261845699e-05,1.15823,ASIA,NOT_TRACKED,NOT_APPLICABLE,NOT_APPLICABLE,,,,,,
432be182f8f191b4,2026-08-29T05:00:00+00:00,2026-08-29T05:05:05.970958+00:00,GBP/USD,H4,NEUTRAL,GBP,USD,-7.389508376056155e-06,-7.389508376056155e-06,-5.898980487394535e-06,-1.4905278886616199e-06,1.35326,ASIA,NOT_TRACKED,NOT_APPLICABLE,NOT_APPLICABLE,,,,,,
c88bea6ef1d01cd5,2026-08-29T05:00:00+00:00,2026-08-29T05:05:05.970970+00:00,NZD/USD,H4,NEUTRAL,NZD,USD,6.764641220348041e-05,6.764641220348041e-05,-5.898980487394535e-06,7.354539269087495e-05,0.59135,ASIA,NOT_TRACKED,NOT_APPLICABLE,NOT_APPLICABLE,,,,,,
c8fb8c096d8c3014,2026-08-29T05:00:00+00:00,2026-08-29T05:05:05.970981+00:00,USD/CAD,H4,NEUTRAL,USD,CAD,3.596190914574892e-05,-5.898980487394535e-06,-3.596190914574892e-05,3.0062928658354386e-05,1.39041,ASIA,NOT_TRACKED,NOT_APPLICABLE,NOT_APPLICABLE,,,,,,
7186e1868f7cc677,2026-08-29T05:00:00+00:00,2026-08-29T05:05:05.970992+00:00,USD/CHF,H4,NEUTRAL,USD,CHF,1.2375318664399289e-05,-5.898980487394535e-06,-1.2375318664399289e-05,6.476338177004754e-06,0.80807,ASIA,NOT_TRACKED,NOT_APPLICABLE,NOT_APPLICABLE,,,,,,
095b65066a779eb7,2026-08-29T05:00:00+00:00,2026-08-29T05:05:05.971004+00:00,USD/JPY,H4,NEUTRAL,USD,JPY,1.04932148249216e-05,-5.898980487394535e-06,-1.04932148249216e-05,4.594234337527066e-06,160.10514,ASIA,NOT_TRACKED,NOT_APPLICABLE,NOT_APPLICABLE,,,,,,
6bbe9cca17b4a7e3,2026-08-29T06:00:00+00:00,2026-08-29T06:00:09.231405+00:00,AUD/USD,H1,NEUTRAL,AUD,USD,1.3964140088344849e-05,1.3964140088344849e-05,-7.567871439699331e-06,2.153201152804418e-05,0.71613,ASIA,NOT_TRACKED,NOT_APPLICABLE,NOT_APPLICABLE,,,,,,
ef9f80b25b9b406a,2026-08-29T06:00:00+00:00,2026-08-29T06:00:09.231437+00:00,EUR/USD,H1,NEUTRAL,EUR,USD,0.0,0.0,-7.567871439699331e-06,7.567871439699331e-06,1.15821,ASIA,NOT_TRACKED,NOT_APPLICABLE,NOT_APPLICABLE,,,,,,
d9abcc04c3421a2a,2026-08-29T06:00:00+00:00,2026-08-29T06:00:09.231454+00:00,GBP/USD,H1,NEUTRAL,GBP,USD,3.694863400907866e-05,3.694863400907866e-05,-7.567871439699331e-06,4.451650544877799e-05,1.35328,ASIA,NOT_TRACKED,NOT_APPLICABLE,NOT_APPLICABLE,,,,,,
afaae87dd17198bf,2026-08-29T06:00:00+00:00,2026-08-29T06:00:09.231469+00:00,NZD/USD,H1,NEUTRAL,NZD,USD,0.0,0.0,-7.567871439699331e-06,7.567871439699331e-06,0.59134,ASIA,NOT_TRACKED,NOT_APPLICABLE,NOT_APPLICABLE,,,,,,
28687386a00ec867,2026-08-29T06:00:00+00:00,2026-08-29T06:00:09.231482+00:00,USD/CAD,H1,NEUTRAL,USD,CAD,-7.19233009922935e-06,-7.567871439699331e-06,7.19233009922935e-06,-1.4760201538928681e-05,1.39036,ASIA,NOT_TRACKED,NOT_APPLICABLE,NOT_APPLICABLE,,,,,,
9280a1b00e822568,2026-08-29T06:00:00+00:00,2026-08-29T06:00:09.231495+00:00,USD/CHF,H1,NEUTRAL,USD,CHF,1.2375318664399289e-05,-7.567871439699331e-06,-1.2375318664399289e-05,4.807447224699958e-06,0.80807,ASIA,NOT_TRACKED,NOT_APPLICABLE,NOT_APPLICABLE,,,,,,
ab7076c5bd742833,2026-08-29T06:00:00+00:00,2026-08-29T06:00:09.231510+00:00,USD/JPY,H1,NEUTRAL,USD,JPY,-7.245314545641751e-06,-7.567871439699331e-06,7.245314545641751e-06,-1.4813185985341083e-05,160.10231,ASIA,NOT_TRACKED,NOT_APPLICABLE,NOT_APPLICABLE,,,,,,
a7ba9ddfe480932d,2026-08-29T07:00:00+00:00,2026-08-29T07:00:05.021428+00:00,AUD/USD,H1,NEUTRAL,AUD,USD,1.3964140088344849e-05,1.3964140088344849e-05,-1.5858316078752923e-05,2.982245616709777e-05,0.71613,LONDON,NOT_TRACKED,NOT_APPLICABLE,NOT_APPLICABLE,,,,,,
76e5809ae3b2a3a4,2026-08-29T07:00:00+00:00,2026-08-29T07:00:05.021488+00:00,EUR/USD,H1,NEUTRAL,EUR,USD,1.726817475404164e-05,1.726817475404164e-05,-1.5858316078752923e-05,3.312649083279456e-05,1.15822,LONDON,NOT_TRACKED,NOT_APPLICABLE,NOT_APPLICABLE,,,,,,
94bf3e60bc96e4bb,2026-08-29T07:00:00+00:00,2026-08-29T07:00:05.021503+00:00,GBP/USD,H1,NEUTRAL,GBP,USD,5.172694086872774e-05,5.172694086872774e-05,-1.5858316078752923e-05,6.758525694748066e-05,1.35333,LONDON,NOT_TRACKED,NOT_APPLICABLE,NOT_APPLICABLE,,,,,,
57979dfec26cec1d,2026-08-29T07:00:00+00:00,2026-08-29T07:00:05.021515+00:00,NZD/USD,H1,NEUTRAL,NZD,USD,1.6911031065487105e-05,1.6911031065487105e-05,-1.5858316078752923e-05,3.276934714424003e-05,0.59134,LONDON,NOT_TRACKED,NOT_APPLICABLE,NOT_APPLICABLE,,,,,,
15f7077c5d0bdb14,2026-08-29T07:00:00+00:00,2026-08-29T07:00:05.021525+00:00,USD/CAD,H1,NEUTRAL,USD,CAD,-2.157699029768805e-05,-1.5858316078752923e-05,2.157699029768805e-05,-3.743530637644097e-05,1.39034,LONDON,NOT_TRACKED,NOT_APPLICABLE,NOT_APPLICABLE,,,,,,
235b3d2ae0377d2f,2026-08-29T07:00:00+00:00,2026-08-29T07:00:05.021537+00:00,USD/CHF,H1,NEUTRAL,USD,CHF,1.2375318664399289e-05,-1.5858316078752923e-05,-1.2375318664399289e-05,-3.4829974143536342e-06,0.80807,LONDON,NOT_TRACKED,NOT_APPLICABLE,NOT_APPLICABLE,,,,,,
359d409139a36957,2026-08-29T07:00:00+00:00,2026-08-29T07:00:05.021548+00:00,USD/JPY,H1,NEUTRAL,USD,JPY,-1.936254141380352e-06,-1.5858316078752923e-05,1.936254141380352e-06,-1.7794570220133274e-05,160.10264,LONDON,NOT_TRACKED,NOT_APPLICABLE,NOT_APPLICABLE,,,,,,
1b1fc047915d1c16,2026-08-29T09:00:00+00:00,2026-08-29T09:00:03.284321+00:00,AUD/USD,H1,NEUTRAL,AUD,USD,-2.792750020948418e-05,-2.792750020948418e-05,-1.0330320799448086e-05,-1.7597179410036094e-05,0.71612,LONDON,NOT_TRACKED,NOT_APPLICABLE,NOT_APPLICABLE,,,,,,
8ae45f044e4710ad,2026-08-29T09:00:00+00:00,2026-08-29T09:00:03.284352+00:00,EUR/USD,H1,NEUTRAL,EUR,USD,-1.7267727480838023e-05,-1.7267727480838023e-05,-1.0330320799448086e-05,-6.937406681389937e-06,1.15821,LONDON,NOT_TRACKED,NOT_APPLICABLE,NOT_APPLICABLE,,,,,,
75bedbafae3195ea,2026-08-29T09:00:00+00:00,2026-08-29T09:00:03.284370+00:00,GBP/USD,H1,NEUTRAL,GBP,USD,-7.389344565021406e-06,-7.389344565021406e-06,-1.0330320799448086e-05,2.9409762344266804e-06,1.35329,LONDON,NOT_TRACKED,NOT_APPLICABLE,NOT_APPLICABLE,,,,,,
03e4bddd7e9326bd,2026-08-29T09:00:00+00:00,2026-08-29T09:00:03.284386+00:00,NZD/USD,H1,NEUTRAL,NZD,USD,3.382149017489093e-05,3.382149017489093e-05,-1.0330320799448086e-05,4.415181097433902e-05,0.59136,LONDON,NOT_TRACKED,NOT_APPLICABLE,NOT_APPLICABLE,,,,,,
5ee9c37cf8c23f17,2026-08-29T09:00:00+00:00,2026-08-29T09:00:03.284402+00:00,USD/CAD,H1,NEUTRAL,USD,CAD,-2.1576835109807744e-05,-1.0330320799448086e-05,2.1576835109807744e-05,-3.1907155909255834e-05,1.39035,LONDON,NOT_TRACKED,NOT_APPLICABLE,NOT_APPLICABLE,,,,,,
c5d7d5b9e83292da,2026-08-29T09:00:00+00:00,2026-08-29T09:00:03.284416+00:00,USD/CHF,H1,NEUTRAL,USD,CHF,-7.42454803064606e-05,-1.0330320799448086e-05,7.42454803064606e-05,-8.457580110590868e-05,0.80807,LONDON,NOT_TRACKED,NOT_APPLICABLE,NOT_APPLICABLE,,,,,,
2afd9edbea1dc7f1,2026-08-29T09:00:00+00:00,2026-08-29T09:00:03.284430+00:00,USD/JPY,H1,NEUTRAL,USD,JPY,4.746987739679069e-06,-1.0330320799448086e-05,-4.746987739679069e-06,-5.583333059769017e-06,160.10229,LONDON,NOT_TRACKED,NOT_APPLICABLE,NOT_APPLICABLE,,,,,,
d691f6295a26d382,2026-08-29T09:00:00+00:00,2026-08-29T09:05:03.037258+00:00,AUD/USD,H4,NEUTRAL,AUD,USD,1.3964140088344849e-05,1.3964140088344849e-05,-8.818077093278661e-06,2.2782217181623508e-05,0.71613,LONDON,NOT_TRACKED,NOT_APPLICABLE,NOT_APPLICABLE,,,,,,
2e303d6d40a65d46,2026-08-29T09:00:00+00:00,2026-08-29T09:05:03.037287+00:00,EUR/USD,H4,NEUTRAL,EUR,USD,8.63401283019963e-06,8.63401283019963e-06,-8.818077093278661e-06,1.7452089923478293e-05,1.15822,LONDON,NOT_TRACKED,NOT_APPLICABLE,NOT_APPLICABLE,,,,,,
79d3225bbc098c64,2026-08-29T09:00:00+00:00,2026-08-29T09:05:03.037303+00:00,GBP/USD,H4,NEUTRAL,GBP,USD,3.694863400907866e-05,3.694863400907866e-05,-8.818077093278661e-06,4.5766711102357325e-05,1.35328,LONDON,NOT_TRACKED,NOT_APPLICABLE,NOT_APPLICABLE,,,,,,
f2f6b05147d95b33,2026-08-29T09:00:00+00:00,2026-08-29T09:05:03.037317+00:00,NZD/USD,H4,NEUTRAL,NZD,USD,1.6910745087539338e-05,1.6910745087539338e-05,-8.818077093278661e-06,2.5728822180817997e-05,0.59135,LONDON,NOT_TRACKED,NOT_APPLICABLE,NOT_APPLICABLE,,,,,,
2c19b5148ef2b587,2026-08-29T09:00:00+00:00,2026-08-29T09:05:03.037330+00:00,USD/CAD,H4,NEUTRAL,USD,CAD,-7.19233009922935e-06,-8.818077093278661e-06,7.19233009922935e-06,-1.601040719250801e-05,1.39036,LONDON,NOT_TRACKED,NOT_APPLICABLE,NOT_APPLICABLE,,,,,,
03387746940d082d,2026-08-29T09:00:00+00:00,2026-08-29T09:05:03.037342+00:00,USD/CHF,H4,NEUTRAL,USD,CHF,0.0,-8.818077093278661e-06,0.0,-8.818077093278661e-06,0.80806,LONDON,NOT_TRACKED,NOT_APPLICABLE,NOT_APPLICABLE,,,,,,
08be3d1f27ad075e,2026-08-29T09:00:00+00:00,2026-08-29T09:05:03.037355+00:00,USD/JPY,H4,NEUTRAL,USD,JPY,2.192332246144119e-05,-8.818077093278661e-06,-2.192332246144119e-05,1.3105245368162528e-05,160.10698,LONDON,NOT_TRACKED,NOT_APPLICABLE,NOT_APPLICABLE,,,,,,
12c95a504c2eacb9,2026-08-29T10:00:00+00:00,2026-08-29T10:00:07.167479+00:00,AUD/USD,H1,NEUTRAL,AUD,USD,1.3964335088121224e-05,1.3964335088121224e-05,-1.2842638014402132e-05,2.6806973102523356e-05,0.71612,LONDON,NOT_TRACKED,NOT_APPLICABLE,NOT_APPLICABLE,,,,,,
87777f366337f26d,2026-08-29T10:00:00+00:00,2026-08-29T10:00:07.167508+00:00,EUR/USD,H1,NEUTRAL,EUR,USD,1.726817475404164e-05,1.726817475404164e-05,-1.2842638014402132e-05,3.011081276844377e-05,1.15822,LONDON,NOT_TRACKED,NOT_APPLICABLE,NOT_APPLICABLE,,,,,,
9d7040de67b52c10,2026-08-29T10:00:00+00:00,2026-08-29T10:00:07.167525+00:00,GBP/USD,H1,NEUTRAL,GBP,USD,7.389562981244476e-05,7.389562981244476e-05,-1.2842638014402132e-05,8.673826782684689e-05,1.35336,LONDON,NOT_TRACKED,NOT_APPLICABLE,NOT_APPLICABLE,,,,,,
0c0c0dadae769532,2026-08-29T10:00:00+00:00,2026-08-29T10:00:07.167539+00:00,NZD/USD,H1,NEUTRAL,NZD,USD,1.691045911888812e-05,1.691045911888812e-05,-1.2842638014402132e-05,2.9753097133290253e-05,0.59136,LONDON,NOT_TRACKED,NOT_APPLICABLE,NOT_APPLICABLE,,,,,,
a70b7b81585d6580,2026-08-29T10:00:00+00:00,2026-08-29T10:00:07.167552+00:00,USD/CAD,H1,NEUTRAL,USD,CAD,1.4384970582829398e-05,-1.2842638014402132e-05,-1.4384970582829398e-05,1.5423325684272663e-06,1.39036,LONDON,NOT_TRACKED,NOT_APPLICABLE,NOT_APPLICABLE,,,,,,
2a42d01f780f4034,2026-08-29T10:00:00+00:00,2026-08-29T10:00:07.167564+00:00,USD/CHF,H1,NEUTRAL,USD,CHF,2.4750637328935973e-05,-1.2842638014402132e-05,-2.4750637328935973e-05,1.190799931453384e-05,0.80808,LONDON,NOT_TRACKED,NOT_APPLICABLE,NOT_APPLICABLE,,,,,,
1faf15557c96dc35,2026-08-29T10:00:00+00:00,2026-08-29T10:00:07.167576+00:00,USD/JPY,H1,NEUTRAL,USD,JPY,-6.995475239084552e-06,-1.2842638014402132e-05,6.995475239084552e-06,-1.9838113253486683e-05,160.10237,LONDON,NOT_TRACKED,NOT_APPLICABLE,NOT_APPLICABLE,,,,,,
ac361fed09b15bda,2026-08-29T17:00:00+00:00,2026-08-29T17:00:06.995532+00:00,AUD/USD,H1,NEUTRAL,AUD,USD,-0.0001396141066093,-0.0001396141066093,-4.827816203147251e-05,-9.13359445778275e-05,0.71616,NEW_YORK,NOT_TRACKED,NOT_APPLICABLE,NOT_APPLICABLE,,,,,,
4d7ec1cc52349316,2026-08-29T17:00:00+00:00,2026-08-29T17:00:06.995557+00:00,EUR/USD,H1,LONG,EUR,USD,0.0008121090645194,0.0008121090645194,-4.827816203147251e-05,0.0008603872265508725,1.15842,NEW_YORK,RECORDED,PENDING,PENDING,,,,,,
8695477da3ff7b1d,2026-08-29T17:00:00+00:00,2026-08-29T17:00:06.995572+00:00,GBP/USD,H1,NEUTRAL,GBP,USD,0.0002364520371821,0.0002364520371821,-4.827816203147251e-05,0.00028473019921357247,1.35366,NEW_YORK,NOT_TRACKED,NOT_APPLICABLE,NOT_APPLICABLE,,,,,,
637065cb37e1ad08,2026-08-29T17:00:00+00:00,2026-08-29T17:00:06.995585+00:00,NZD/USD,H1,NEUTRAL,NZD,USD,1.6910745087539338e-05,1.6910745087539338e-05,-4.827816203147251e-05,6.518890711901185e-05,0.59135,NEW_YORK,NOT_TRACKED,NOT_APPLICABLE,NOT_APPLICABLE,,,,,,
cb52ac02cc8c0896,2026-08-29T17:00:00+00:00,2026-08-29T17:00:06.995597+00:00,USD/CAD,H1,NEUTRAL,USD,CAD,-0.0001438114344471,-4.827816203147251e-05,0.0001438114344471,-0.0001920895964785725,1.39051,NEW_YORK,NOT_TRACKED,NOT_APPLICABLE,NOT_APPLICABLE,,,,,,
dc02c5774915fab6,2026-08-29T17:00:00+00:00,2026-08-29T17:00:06.995608+00:00,USD/CHF,H1,LONG,USD,CHF,0.0007051139315667,-4.827816203147251e-05,-0.0007051139315667,0.0006568357695352276,0.80895,NEW_YORK,RECORDED,PENDING,PENDING,,,,,,
f47ccafd3fe7e260,2026-08-29T17:00:00+00:00,2026-08-29T17:00:06.995619+00:00,USD/JPY,H1,NEUTRAL,USD,JPY,2.660810883983174e-05,-4.827816203147251e-05,-2.660810883983174e-05,-2.167005319164077e-05,160.10583,NEW_YORK,NOT_TRACKED,NOT_APPLICABLE,NOT_APPLICABLE,,,,,,
d25f237a35891448,2026-08-29T18:00:00+00:00,2026-08-29T18:00:04.934385+00:00,AUD/USD,H1,NEUTRAL,AUD,USD,1.396355512122532e-05,1.396355512122532e-05,-0.00013622201898709886,0.0001501855741083242,0.71616,NEW_YORK,NOT_TRACKED,NOT_APPLICABLE,NOT_APPLICABLE,,,,,,
fb3d1ebbc40fd734,2026-08-29T18:00:00+00:00,2026-08-29T18:00:04.934410+00:00,EUR/USD,H1,NEUTRAL,EUR,USD,0.0001899171270717,0.0001899171270717,-0.00013622201898709886,0.0003261391460587989,1.15862,NEW_YORK,NOT_TRACKED,NOT_APPLICABLE,NOT_APPLICABLE,,,,,,
a134a3a359db6d14,2026-08-29T18:00:00+00:00,2026-08-29T18:00:04.934423+00:00,GBP/USD,H1,NEUTRAL,GBP,USD,0.0001625247480867,0.0001625247480867,-0.00013622201898709886,0.00029874676707379886,1.35386,NEW_YORK,NOT_TRACKED,NOT_APPLICABLE,NOT_APPLICABLE,,,,,,
dee3f7b887ae2e25,2026-08-29T18:00:00+00:00,2026-08-29T18:00:04.934439+00:00,NZD/USD,H1,NEUTRAL,NZD,USD,1.6911031065487105e-05,1.6911031065487105e-05,-0.00013622201898709886,0.00015313305005258598,0.59134,NEW_YORK,NOT_TRACKED,NOT_APPLICABLE,NOT_APPLICABLE,,,,,,
f0844a07e78c00d4,2026-08-29T18:00:00+00:00,2026-08-29T18:00:04.934450+00:00,USD/CAD,H1,NEUTRAL,USD,CAD,-5.753408894759937e-05,-0.00013622201898709886,5.753408894759937e-05,-0.00019375610793469824,1.3904,NEW_YORK,NOT_TRACKED,NOT_APPLICABLE,NOT_APPLICABLE,,,,,,
4d9bf1f37b1199ab,2026-08-29T18:00:00+00:00,2026-08-29T18:00:04.934462+00:00,USD/CHF,H1,SHORT,USD,CHF,-0.0005315663901697,-0.00013622201898709886,0.0005315663901697,-0.0006677884091567988,0.8085,NEW_YORK,RECORDED,PENDING,PENDING,,,,,,
217623b74912c3b1,2026-08-29T18:00:00+00:00,2026-08-29T18:00:04.934472+00:00,USD/JPY,H1,NEUTRAL,USD,JPY,1.886280755271968e-05,-0.00013622201898709886,-1.886280755271968e-05,-0.00011735921143437919,160.10644,NEW_YORK,NOT_TRACKED,NOT_APPLICABLE,NOT_APPLICABLE,,,,,,
2a1790d30385acd3,2026-08-29T20:00:00+00:00,2026-08-29T20:00:07.018178+00:00,AUD/USD,H1,NEUTRAL,AUD,USD,0.0001535819499322,0.0001535819499322,-6.591507538699974e-05,0.00021949702531919973,0.71634,NEW_YORK,NOT_TRACKED,NOT_APPLICABLE,NOT_APPLICABLE,,,,,,
9d028b75d82efba1,2026-08-29T20:00:00+00:00,2026-08-29T20:00:07.018209+00:00,EUR/USD,H1,NEUTRAL,EUR,USD,8.633416501968862e-06,8.633416501968862e-06,-6.591507538699974e-05,7.45484918889686e-05,1.1583,NEW_YORK,NOT_TRACKED,NOT_APPLICABLE,NOT_APPLICABLE,,,,,,
8f4edebc1ffa113a,2026-08-29T20:00:00+00:00,2026-08-29T20:00:07.018227+00:00,GBP/USD,H1,NEUTRAL,GBP,USD,0.0001699436230502,0.0001699436230502,-6.591507538699974e-05,0.00023585869843719976,1.35362,NEW_YORK,NOT_TRACKED,NOT_APPLICABLE,NOT_APPLICABLE,,,,,,
9607a4eb5be27450,2026-08-29T20:00:00+00:00,2026-08-29T20:00:07.018241+00:00,NZD/USD,H1,NEUTRAL,NZD,USD,-1.691074508735159e-05,-1.691074508735159e-05,-6.591507538699974e-05,4.900433029964815e-05,0.59133,NEW_YORK,NOT_TRACKED,NOT_APPLICABLE,NOT_APPLICABLE,,,,,,
fb8dce11f133647c,2026-08-29T20:00:00+00:00,2026-08-29T20:00:07.018254+00:00,USD/CAD,H1,NEUTRAL,USD,CAD,-7.191709397405877e-05,-6.591507538699974e-05,7.191709397405877e-05,-0.0001378321693610585,1.39039,NEW_YORK,NOT_TRACKED,NOT_APPLICABLE,NOT_APPLICABLE,,,,,,
7ecf6e461b38879b,2026-08-29T20:00:00+00:00,2026-08-29T20:00:07.018267+00:00,USD/CHF,H1,NEUTRAL,USD,CHF,-9.897437800785484e-05,-6.591507538699974e-05,9.897437800785484e-05,-0.00016488945339485458,0.80821,NEW_YORK,NOT_TRACKED,NOT_APPLICABLE,NOT_APPLICABLE,,,,,,
1612706506d57d76,2026-08-29T20:00:00+00:00,2026-08-29T20:00:07.018280+00:00,USD/JPY,H1,NEUTRAL,USD,JPY,2.4734188669932763e-05,-6.591507538699974e-05,-2.4734188669932763e-05,-4.1180886717066976e-05,160.10624,NEW_YORK,NOT_TRACKED,NOT_APPLICABLE,NOT_APPLICABLE,,,,,,
d918418952abf416,2026-08-30T05:00:00+00:00,2026-08-30T05:00:05.271715+00:00,AUD/USD,H1,NEUTRAL,AUD,USD,0.0001815287513614,0.0001815287513614,-1.7102998551659778e-06,0.00018323905121656598,0.71627,ASIA,NOT_TRACKED,NOT_APPLICABLE,NOT_APPLICABLE,,,,,,
c9ce39d89b541617,2026-08-30T05:00:00+00:00,2026-08-30T05:00:05.271738+00:00,EUR/USD,H1,NEUTRAL,EUR,USD,5.1792003314644174e-05,5.1792003314644174e-05,-1.7102998551659778e-06,5.350230316981015e-05,1.15854,ASIA,NOT_TRACKED,NOT_APPLICABLE,NOT_APPLICABLE,,,,,,
b6a27ffe2bf33654,2026-08-30T05:00:00+00:00,2026-08-30T05:00:05.271752+00:00,GBP/USD,H1,NEUTRAL,GBP,USD,0.0,0.0,-1.7102998551659778e-06,1.7102998551659778e-06,1.35362,ASIA,NOT_TRACKED,NOT_APPLICABLE,NOT_APPLICABLE,,,,,,
6c91241c336a0720,2026-08-30T05:00:00+00:00,2026-08-30T05:00:05.271769+00:00,NZD/USD,H1,NEUTRAL,NZD,USD,0.0,0.0,-1.7102998551659778e-06,1.7102998551659778e-06,0.59134,ASIA,NOT_TRACKED,NOT_APPLICABLE,NOT_APPLICABLE,,,,,,
9527221355476110,2026-08-30T05:00:00+00:00,2026-08-30T05:00:05.271781+00:00,USD/CAD,H1,NEUTRAL,USD,CAD,-5.03343639893683e-05,-1.7102998551659778e-06,5.03343639893683e-05,-5.204466384453427e-05,1.39063,ASIA,NOT_TRACKED,NOT_APPLICABLE,NOT_APPLICABLE,,,,,,
17837f627f7183e2,2026-08-30T05:00:00+00:00,2026-08-30T05:00:05.271791+00:00,USD/CHF,H1,NEUTRAL,USD,CHF,0.0002966075511339,-1.7102998551659778e-06,-0.0002966075511339,0.00029489725127873406,0.80939,ASIA,NOT_TRACKED,NOT_APPLICABLE,NOT_APPLICABLE,,,,,,
a7077efd796c30c6,2026-08-30T05:00:00+00:00,2026-08-30T05:00:05.271802+00:00,USD/JPY,H1,NEUTRAL,USD,JPY,-2.49245314546494e-05,-1.7102998551659778e-06,2.49245314546494e-05,-2.6634831309815378e-05,160.07926,ASIA,NOT_TRACKED,NOT_APPLICABLE,NOT_APPLICABLE,,,,,,
7ce19638997a54e7,2026-08-30T05:00:00+00:00,2026-08-30T05:05:04.162291+00:00,AUD/USD,H4,NEUTRAL,AUD,USD,1.3961215742758337e-05,1.3961215742758337e-05,6.720087153456879e-05,-5.323965579181045e-05,0.71628,ASIA,NOT_TRACKED,NOT_APPLICABLE,NOT_APPLICABLE,,,,,,
64834b5e0f602bfd,2026-08-30T05:00:00+00:00,2026-08-30T05:05:04.162315+00:00,EUR/USD,H4,NEUTRAL,EUR,USD,0.000164023584865,0.000164023584865,6.720087153456879e-05,9.682271333043121e-05,1.15856,ASIA,NOT_TRACKED,NOT_APPLICABLE,NOT_APPLICABLE,,,,,,
3c1676504f1b7548,2026-08-30T05:00:00+00:00,2026-08-30T05:05:04.162330+00:00,GBP/USD,H4,NEUTRAL,GBP,USD,8.8657067076548e-05,8.8657067076548e-05,6.720087153456879e-05,2.1456195541979208e-05,1.35365,ASIA,NOT_TRACKED,NOT_APPLICABLE,NOT_APPLICABLE,,,,,,
aeb16934b32deffd,2026-08-30T05:00:00+00:00,2026-08-30T05:05:04.162342+00:00,NZD/USD,H4,NEUTRAL,NZD,USD,1.6911031065487105e-05,1.6911031065487105e-05,6.720087153456879e-05,-5.0289840469081686e-05,0.59134,ASIA,NOT_TRACKED,NOT_APPLICABLE,NOT_APPLICABLE,,,,,,
40cf8eead24a1312,2026-08-30T05:00:00+00:00,2026-08-30T05:05:04.162355+00:00,USD/CAD,H4,NEUTRAL,USD,CAD,7.191295655737502e-05,6.720087153456879e-05,-7.191295655737502e-05,0.00013911382809194382,1.39067,ASIA,NOT_TRACKED,NOT_APPLICABLE,NOT_APPLICABLE,,,,,,
8ff8b5685ab163ea,2026-08-30T05:00:00+00:00,2026-08-30T05:05:04.162367+00:00,USD/CHF,H4,LONG,USD,CHF,0.0008037193659272,6.720087153456879e-05,-0.0008037193659272,0.0008709202374617689,0.80939,ASIA,RECORDED,PENDING,PENDING,,,,,,
64b0e9897bec2e7c,2026-08-30T05:00:00+00:00,2026-08-30T05:05:04.162378+00:00,USD/JPY,H4,NEUTRAL,USD,JPY,-0.0001216733229928,6.720087153456879e-05,0.0001216733229928,-5.447245145823121e-05,160.08135,ASIA,NOT_TRACKED,NOT_APPLICABLE,NOT_APPLICABLE,,,,,,
cc45e3994375c264,2026-08-30T08:00:00+00:00,2026-08-30T08:00:05.058851+00:00,AUD/USD,H1,NEUTRAL,AUD,USD,9.773806199387673e-05,9.773806199387673e-05,9.991322187889806e-08,9.763814877199783e-05,0.71627,LONDON,NOT_TRACKED,NOT_APPLICABLE,NOT_APPLICABLE,,,,,,
a9911da6092a390f,2026-08-30T08:00:00+00:00,2026-08-30T08:00:05.058884+00:00,EUR/USD,H1,NEUTRAL,EUR,USD,-3.4528002209826674e-05,-3.4528002209826674e-05,9.991322187889806e-08,-3.462791543170557e-05,1.15844,LONDON,NOT_TRACKED,NOT_APPLICABLE,NOT_APPLICABLE,,,,,,
79ce6b3f92ec2ae9,2026-08-30T08:00:00+00:00,2026-08-30T08:00:05.058902+00:00,GBP/USD,H1,NEUTRAL,GBP,USD,-5.171318390686788e-05,-5.171318390686788e-05,9.991322187889806e-08,-5.181309712874678e-05,1.35355,LONDON,NOT_TRACKED,NOT_APPLICABLE,NOT_APPLICABLE,,,,,,
5b1fa24011989bd8,2026-08-30T08:00:00+00:00,2026-08-30T08:00:05.058917+00:00,NZD/USD,H1,NEUTRAL,NZD,USD,0.0,0.0,9.991322187889806e-08,-9.991322187889806e-08,0.59134,LONDON,NOT_TRACKED,NOT_APPLICABLE,NOT_APPLICABLE,,,,,,
85e47507aa0f8b5c,2026-08-30T08:00:00+00:00,2026-08-30T08:00:05.058932+00:00,USD/CAD,H1,NEUTRAL,USD,CAD,-7.909913278591064e-05,9.991322187889806e-08,7.909913278591064e-05,-7.899921956403174e-05,1.39055,LONDON,NOT_TRACKED,NOT_APPLICABLE,NOT_APPLICABLE,,,,,,
2a3cd8950e3e703b,2026-08-30T08:00:00+00:00,2026-08-30T08:00:05.058947+00:00,USD/CHF,H1,NEUTRAL,USD,CHF,8.648595221035174e-05,9.991322187889806e-08,-8.648595221035174e-05,8.658586543223064e-05,0.80945,LONDON,NOT_TRACKED,NOT_APPLICABLE,NOT_APPLICABLE,,,,,,
251d64c78d17d51d,2026-08-30T08:00:00+00:00,2026-08-30T08:00:05.058960+00:00,USD/JPY,H1,NEUTRAL,USD,JPY,4.8094490058933545e-06,9.991322187889806e-08,-4.8094490058933545e-06,4.909362227772253e-06,160.10227,LONDON,NOT_TRACKED,NOT_APPLICABLE,NOT_APPLICABLE,,,,,,
6a5570fa5dd58230,2026-08-30T09:00:00+00:00,2026-08-30T09:00:05.678568+00:00,AUD/USD,H1,NEUTRAL,AUD,USD,0.000181498338592,0.000181498338592,-3.225773948991251e-05,0.0002137560780819125,0.71639,LONDON,NOT_TRACKED,NOT_APPLICABLE,NOT_APPLICABLE,,,,,,
3ef2be97b16f5d4e,2026-08-30T09:00:00+00:00,2026-08-30T09:00:05.678592+00:00,EUR/USD,H1,NEUTRAL,EUR,USD,6.905898500544527e-05,6.905898500544527e-05,-3.225773948991251e-05,0.00010131672449535778,1.15851,LONDON,NOT_TRACKED,NOT_APPLICABLE,NOT_APPLICABLE,,,,,,
4b484e29b05e4142,2026-08-30T09:00:00+00:00,2026-08-30T09:00:05.678606+00:00,GBP/USD,H1,NEUTRAL,GBP,USD,8.126837773545999e-05,8.126837773545999e-05,-3.225773948991251e-05,0.0001135261172253725,1.35365,LONDON,NOT_TRACKED,NOT_APPLICABLE,NOT_APPLICABLE,,,,,,
8a3161b9211d282b,2026-08-30T09:00:00+00:00,2026-08-30T09:00:05.678618+00:00,NZD/USD,H1,NEUTRAL,NZD,USD,3.382206213116196e-05,3.382206213116196e-05,-3.225773948991251e-05,6.607980162107447e-05,0.59135,LONDON,NOT_TRACKED,NOT_APPLICABLE,NOT_APPLICABLE,,,,,,
3f9974c3535a4060,2026-08-30T09:00:00+00:00,2026-08-30T09:00:05.678630+00:00,USD/CAD,H1,NEUTRAL,USD,CAD,0.0001222555428505,-3.225773948991251e-05,-0.0001222555428505,8.99978033605875e-05,1.3907,LONDON,NOT_TRACKED,NOT_APPLICABLE,NOT_APPLICABLE,,,,,,
e26f57d772e88f06,2026-08-30T09:00:00+00:00,2026-08-30T09:00:05.678640+00:00,USD/CHF,H1,NEUTRAL,USD,CHF,2.4708440403129297e-05,-3.225773948991251e-05,-2.4708440403129297e-05,-7.549299086783211e-06,0.80946,LONDON,NOT_TRACKED,NOT_APPLICABLE,NOT_APPLICABLE,,,,,,
512f4248235e0006,2026-08-30T09:00:00+00:00,2026-08-30T09:00:05.678650+00:00,USD/JPY,H1,NEUTRAL,USD,JPY,-7.120396218949629e-06,-3.225773948991251e-05,7.120396218949629e-06,-3.937813570886214e-05,160.10231,LONDON,NOT_TRACKED,NOT_APPLICABLE,NOT_APPLICABLE,,,,,,
c1c631afcfd83c67,2026-08-30T09:00:00+00:00,2026-08-30T09:05:04.445048+00:00,AUD/USD,H4,NEUTRAL,AUD,USD,0.0001535733731694,0.0001535733731694,2.5769041307713025e-05,0.00012780433186168697,0.71638,LONDON,NOT_TRACKED,NOT_APPLICABLE,NOT_APPLICABLE,,,,,,
509f107bd01113d9,2026-08-30T09:00:00+00:00,2026-08-30T09:05:04.445077+00:00,EUR/USD,H4,NEUTRAL,EUR,USD,-3.452621402784363e-05,-3.452621402784363e-05,2.5769041307713025e-05,-6.029525533555666e-05,1.1585,LONDON,NOT_TRACKED,NOT_APPLICABLE,NOT_APPLICABLE,,,,,,
7e5f1123eea609b6,2026-08-30T09:00:00+00:00,2026-08-30T09:05:04.445093+00:00,GBP/USD,H4,NEUTRAL,GBP,USD,2.2162793102919943e-05,2.2162793102919943e-05,2.5769041307713025e-05,-3.6062482047930823e-06,1.35365,LONDON,NOT_TRACKED,NOT_APPLICABLE,NOT_APPLICABLE,,,,,,
07c29d995d52c67a,2026-08-30T09:00:00+00:00,2026-08-30T09:05:04.445105+00:00,NZD/USD,H4,NEUTRAL,NZD,USD,0.0,0.0,2.5769041307713025e-05,-2.5769041307713025e-05,0.59133,LONDON,NOT_TRACKED,NOT_APPLICABLE,NOT_APPLICABLE,,,,,,
0643bb151d6fc4ce,2026-08-30T09:00:00+00:00,2026-08-30T09:05:04.445117+00:00,USD/CAD,H4,NEUTRAL,USD,CAD,5.033653569564549e-05,2.5769041307713025e-05,-5.033653569564549e-05,7.610557700335851e-05,1.39071,LONDON,NOT_TRACKED,NOT_APPLICABLE,NOT_APPLICABLE,,,,,,
a7d67d7b1421a704,2026-08-30T09:00:00+00:00,2026-08-30T09:05:04.445128+00:00,USD/CHF,H4,NEUTRAL,USD,CHF,9.884230945052198e-05,2.5769041307713025e-05,-9.884230945052198e-05,0.00012461135075823501,0.80945,LONDON,NOT_TRACKED,NOT_APPLICABLE,NOT_APPLICABLE,,,,,,
2dab60484bce90db,2026-08-30T09:00:00+00:00,2026-08-30T09:05:04.445139+00:00,USD/JPY,H4,NEUTRAL,USD,JPY,0.0001724143962523,2.5769041307713025e-05,-0.0001724143962523,0.00019818343756001304,160.10704,LONDON,NOT_TRACKED,NOT_APPLICABLE,NOT_APPLICABLE,,,,,,
7a6a28d58cf89ed8,2026-08-30T10:00:00+00:00,2026-08-30T10:00:04.852730+00:00,AUD/USD,H1,NEUTRAL,AUD,USD,0.0001116725760071,0.0001116725760071,-1.3647756763586329e-05,0.00012532033277068633,0.71646,LONDON,NOT_TRACKED,NOT_APPLICABLE,NOT_APPLICABLE,,,,,,
28074dba108a6e77,2026-08-30T10:00:00+00:00,2026-08-30T10:00:04.852758+00:00,EUR/USD,H1,NEUTRAL,EUR,USD,6.042296072508804e-05,6.042296072508804e-05,-1.3647756763586329e-05,7.407071748867436e-05,1.15857,LONDON,NOT_TRACKED,NOT_APPLICABLE,NOT_APPLICABLE,,,,,,
746016b6439b008e,2026-08-30T10:00:00+00:00,2026-08-30T10:00:04.852774+00:00,GBP/USD,H1,NEUTRAL,GBP,USD,2.2162629374330127e-05,2.2162629374330127e-05,-1.3647756763586329e-05,3.581038613791645e-05,1.35366,LONDON,NOT_TRACKED,NOT_APPLICABLE,NOT_APPLICABLE,,,,,,
fb4c9cf70f39ca04,2026-08-30T10:00:00+00:00,2026-08-30T10:00:04.852787+00:00,NZD/USD,H1,NEUTRAL,NZD,USD,1.6910745087539338e-05,1.6910745087539338e-05,-1.3647756763586329e-05,3.0558501851125666e-05,0.59135,LONDON,NOT_TRACKED,NOT_APPLICABLE,NOT_APPLICABLE,,,,,,
ad28690e97c51def,2026-08-30T10:00:00+00:00,2026-08-30T10:00:04.852798+00:00,USD/CAD,H1,NEUTRAL,USD,CAD,0.0001006701757413,-1.3647756763586329e-05,-0.0001006701757413,8.702241897771367e-05,1.39082,LONDON,NOT_TRACKED,NOT_APPLICABLE,NOT_APPLICABLE,,,,,,
e28c4fb6e4072f2e,2026-08-30T10:00:00+00:00,2026-08-30T10:00:04.852809+00:00,USD/CHF,H1,NEUTRAL,USD,CHF,2.4708135153524e-05,-1.3647756763586329e-05,-2.4708135153524e-05,1.1060378389937672e-05,0.80947,LONDON,NOT_TRACKED,NOT_APPLICABLE,NOT_APPLICABLE,,,,,,
f8f865f5bd54c98d,2026-08-30T10:00:00+00:00,2026-08-30T10:00:04.852820+00:00,USD/JPY,H1,NEUTRAL,USD,JPY,-9.743697045870793e-06,-1.3647756763586329e-05,9.743697045870793e-06,-2.3391453809457122e-05,160.10194,LONDON,NOT_TRACKED,NOT_APPLICABLE,NOT_APPLICABLE,,,,,,
27dfb9a1befc7e4f,2026-08-30T11:00:00+00:00,2026-08-30T11:00:03.520417+00:00,AUD/USD,H1,NEUTRAL,AUD,USD,-4.187370889394017e-05,-4.187370889394017e-05,-4.5886214828386946e-05,4.0125059344467775e-06,0.71641,LONDON,NOT_TRACKED,NOT_APPLICABLE,NOT_APPLICABLE,,,,,,
72c894becbf3e1ed,2026-08-30T11:00:00+00:00,2026-08-30T11:00:03.520442+00:00,EUR/USD,H1,NEUTRAL,EUR,USD,2.5894437011759957e-05,2.5894437011759957e-05,-4.5886214828386946e-05,7.17806518401469e-05,1.15858,LONDON,NOT_TRACKED,NOT_APPLICABLE,NOT_APPLICABLE,,,,,,
036198152cb3445b,2026-08-30T11:00:00+00:00,2026-08-30T11:00:03.520457+00:00,GBP/USD,H1,NEUTRAL,GBP,USD,-3.69371698741222e-05,-3.69371698741222e-05,-4.5886214828386946e-05,8.949044954264749e-06,1.3536,LONDON,NOT_TRACKED,NOT_APPLICABLE,NOT_APPLICABLE,,,,,,
c92a3f64e69ce485,2026-08-30T11:00:00+00:00,2026-08-30T11:00:03.520469+00:00,NZD/USD,H1,NEUTRAL,NZD,USD,3.382206213116196e-05,3.382206213116196e-05,-4.5886214828386946e-05,7.970827695954891e-05,0.59135,LONDON,NOT_TRACKED,NOT_APPLICABLE,NOT_APPLICABLE,,,,,,
a3b233a5d36b4015,2026-08-30T11:00:00+00:00,2026-08-30T11:00:03.520480+00:00,USD/CAD,H1,NEUTRAL,USD,CAD,-2.8760425654328447e-05,-4.5886214828386946e-05,2.8760425654328447e-05,-7.46466404827154e-05,1.39076,LONDON,NOT_TRACKED,NOT_APPLICABLE,NOT_APPLICABLE,,,,,,
f86c0be4e0fb9677,2026-08-30T11:00:00+00:00,2026-08-30T11:00:03.520491+00:00,USD/CHF,H1,NEUTRAL,USD,CHF,-0.0003088516894187,-4.5886214828386946e-05,0.0003088516894187,-0.0003547379042470869,0.8092,LONDON,NOT_TRACKED,NOT_APPLICABLE,NOT_APPLICABLE,,,,,,
1888727c4e457443,2026-08-30T11:00:00+00:00,2026-08-30T11:00:03.520502+00:00,USD/JPY,H1,NEUTRAL,USD,JPY,-2.685768350820679e-06,-4.5886214828386946e-05,2.685768350820679e-06,-4.857198317920762e-05,160.10273,LONDON,NOT_TRACKED,NOT_APPLICABLE,NOT_APPLICABLE,,,,,,
c060110a31559729,2026-08-30T12:00:00+00:00,2026-08-30T12:00:04.235321+00:00,AUD/USD,H1,NEUTRAL,AUD,USD,0.0001256298943313,0.0001256298943313,-0.00011693967092876009,0.0002425695652600601,0.71648,LONDON_NY_OVERLAP,NOT_TRACKED,NOT_APPLICABLE,NOT_APPLICABLE,,,,,,
9b62a9e1b8b8090e,2026-08-30T12:00:00+00:00,2026-08-30T12:00:04.235344+00:00,EUR/USD,H1,NEUTRAL,EUR,USD,-0.0001294721850587,-0.0001294721850587,-0.00011693967092876009,-1.253251412993991e-05,1.1584,LONDON_NY_OVERLAP,NOT_TRACKED,NOT_APPLICABLE,NOT_APPLICABLE,,,,,,
e2df56a277bf12c4,2026-08-30T12:00:00+00:00,2026-08-30T12:00:04.235358+00:00,GBP/USD,H1,NEUTRAL,GBP,USD,0.0001920832163595,0.0001920832163595,-0.00011693967092876009,0.00030902288728826006,1.35384,LONDON_NY_OVERLAP,NOT_TRACKED,NOT_APPLICABLE,NOT_APPLICABLE,,,,,,
9f55cb7dadee8a03,2026-08-30T12:00:00+00:00,2026-08-30T12:00:04.235369+00:00,NZD/USD,H1,NEUTRAL,NZD,USD,3.382206213116196e-05,3.382206213116196e-05,-0.00011693967092876009,0.00015076173305992205,0.59135,LONDON_NY_OVERLAP,NOT_TRACKED,NOT_APPLICABLE,NOT_APPLICABLE,,,,,,
8eab4cf42700a3aa,2026-08-30T12:00:00+00:00,2026-08-30T12:00:04.235381+00:00,USD/CAD,H1,SHORT,USD,CAD,-0.0003954757573361,-0.00011693967092876009,0.0003954757573361,-0.0005124154282648601,1.39018,LONDON_NY_OVERLAP,RECORDED,PENDING,PENDING,,,,,,
9b7dccf44e224a0c,2026-08-30T12:00:00+00:00,2026-08-30T12:00:04.235391+00:00,USD/CHF,H1,NEUTRAL,USD,CHF,-0.0001977285927902,-0.00011693967092876009,0.0001977285927902,-0.00031466826371896007,0.80903,LONDON_NY_OVERLAP,NOT_TRACKED,NOT_APPLICABLE,NOT_APPLICABLE,,,,,,
bcc24c146769972b,2026-08-30T12:00:00+00:00,2026-08-30T12:00:04.235401+00:00,USD/JPY,H1,NEUTRAL,USD,JPY,-3.310358611758637e-06,-0.00011693967092876009,3.310358611758637e-06,-0.00012025002954051872,160.10297,LONDON_NY_OVERLAP,NOT_TRACKED,NOT_APPLICABLE,NOT_APPLICABLE,,,,,,
16dc7079b135a700,2026-08-30T15:00:00+00:00,2026-08-30T15:52:59.766796+00:00,AUD/USD,H1,SHORT,AUD,USD,-0.0009625578929748,-0.0009625578929748,0.0004763158191642714,-0.0014388737121390715,0.71615,LONDON_NY_OVERLAP,RECORDED,PENDING,PENDING,,,,,,
79e7de26488fcbf8,2026-08-30T15:00:00+00:00,2026-08-30T15:52:59.766819+00:00,EUR/USD,H1,SHORT,EUR,USD,-0.0002512475741612,-0.0002512475741612,0.0004763158191642714,-0.0007275633933254714,1.15395,LONDON_NY_OVERLAP,RECORDED,PENDING,PENDING,,,,,,
ccc8e5aed1300dd4,2026-08-30T15:00:00+00:00,2026-08-30T15:52:59.766833+00:00,GBP/USD,H1,SHORT,GBP,USD,0.0,0.0,0.0004763158191642714,-0.0004763158191642714,1.35398,LONDON_NY_OVERLAP,RECORDED,PENDING,PENDING,,,,,,
d30b00cd40ecc2d0,2026-08-30T15:00:00+00:00,2026-08-30T15:52:59.766844+00:00,NZD/USD,H1,SHORT,NZD,USD,-0.0010980100679075,-0.0010980100679075,0.0004763158191642714,-0.0015743258870717712,0.59133,LONDON_NY_OVERLAP,RECORDED,PENDING,PENDING,,,,,,
3ef30739021f3e42,2026-08-30T15:00:00+00:00,2026-08-30T15:52:59.766855+00:00,USD/CAD,H1,LONG,USD,CAD,0.0004245184593578,0.0004763158191642714,-0.0004245184593578,0.0009008342785220714,1.3904,LONDON_NY_OVERLAP,RECORDED,PENDING,PENDING,,,,,,
433279b07e8af01a,2026-08-30T15:00:00+00:00,2026-08-30T15:52:59.766866+00:00,USD/CHF,H1,LONG,USD,CHF,0.0003957261574989,0.0004763158191642714,-0.0003957261574989,0.0008720419766631714,0.80896,LONDON_NY_OVERLAP,RECORDED,PENDING,PENDING,,,,,,
9dfafd23ab5d0e79,2026-08-30T15:00:00+00:00,2026-08-30T15:52:59.766876+00:00,USD/JPY,H1,LONG,USD,JPY,0.0002021505822497,0.0004763158191642714,-0.0002021505822497,0.0006784664014139715,160.06157,LONDON_NY_OVERLAP,RECORDED,PENDING,PENDING,,,,,,
b1b2ad4d07b50059,2026-08-30T16:00:00+00:00,2026-08-30T16:00:04.532760+00:00,AUD/USD,H1,NEUTRAL,AUD,USD,0.0001675626614536,0.0001675626614536,0.00025994850294548926,-9.238584149188928e-05,0.71627,NEW_YORK,NOT_TRACKED,NOT_APPLICABLE,NOT_APPLICABLE,,,,,,
508a15e5368d4258,2026-08-30T16:00:00+00:00,2026-08-30T16:00:04.532787+00:00,EUR/USD,H1,SHORT,EUR,USD,-0.0020364657353808,-0.0020364657353808,0.00025994850294548926,-0.0022964142383262894,1.15161,NEW_YORK,RECORDED,PENDING,PENDING,,,,,,
f21d2dc5e24e70a8,2026-08-30T16:00:00+00:00,2026-08-30T16:00:04.532803+00:00,GBP/USD,H1,NEUTRAL,GBP,USD,6.64702102673753e-05,6.64702102673753e-05,0.00025994850294548926,-0.00019347829267811397,1.35408,NEW_YORK,NOT_TRACKED,NOT_APPLICABLE,NOT_APPLICABLE,,,,,,
db1dc2d33ce58ed3,2026-08-30T16:00:00+00:00,2026-08-30T16:00:04.532815+00:00,NZD/USD,H1,NEUTRAL,NZD,USD,0.0,0.0,0.00025994850294548926,-0.00025994850294548926,0.59134,NEW_YORK,NOT_TRACKED,NOT_APPLICABLE,NOT_APPLICABLE,,,,,,
88f4286a798b4924,2026-08-30T16:00:00+00:00,2026-08-30T16:00:04.532826+00:00,USD/CAD,H1,NEUTRAL,USD,CAD,-0.0001438424637337,0.00025994850294548926,0.0001438424637337,0.00011610603921178927,1.39021,NEW_YORK,NOT_TRACKED,NOT_APPLICABLE,NOT_APPLICABLE,,,,,,
53ea8add9f917d56,2026-08-30T16:00:00+00:00,2026-08-30T16:00:04.532837+00:00,USD/CHF,H1,NEUTRAL,USD,CHF,-0.0001483367739224,0.00025994850294548926,0.0001483367739224,0.00011161172902308925,0.80885,NEW_YORK,NOT_TRACKED,NOT_APPLICABLE,NOT_APPLICABLE,,,,,,
4c72955cb4b21ed2,2026-08-30T16:00:00+00:00,2026-08-30T16:00:04.532849+00:00,USD/JPY,H1,LONG,USD,JPY,0.0003093858946147,0.00025994850294548926,-0.0003093858946147,0.0005693343975601893,160.10853,NEW_YORK,RECORDED,PENDING,PENDING,,,,,,
9cd7532d869c0520,2026-08-30T17:00:00+00:00,2026-08-30T17:05:04.131397+00:00,AUD/USD,H4,NEUTRAL,AUD,USD,-0.0001814958046546,-0.0001814958046546,0.00024170741663018225,-0.00042320322128478225,0.71614,NEW_YORK,NOT_TRACKED,NOT_APPLICABLE,NOT_APPLICABLE,,,,,,
a3218a85e40d8e34,2026-08-30T17:00:00+00:00,2026-08-30T17:05:04.131423+00:00,EUR/USD,H4,SHORT,EUR,USD,-0.0023523103665972,-0.0023523103665972,0.00024170741663018225,-0.002594017783227382,1.15359,NEW_YORK,RECORDED,PENDING,PENDING,,,,,,
384da6c9780d1f52,2026-08-30T17:00:00+00:00,2026-08-30T17:05:04.131438+00:00,GBP/USD,H4,NEUTRAL,GBP,USD,0.0002215657311668,0.0002215657311668,0.00024170741663018225,-2.014168546338226e-05,1.3543,NEW_YORK,NOT_TRACKED,NOT_APPLICABLE,NOT_APPLICABLE,,,,,,
a2dffa77e61204ec,2026-08-30T17:00:00+00:00,2026-08-30T17:05:04.131449+00:00,NZD/USD,H4,NEUTRAL,NZD,USD,0.0,0.0,0.00024170741663018225,-0.00024170741663018225,0.59134,NEW_YORK,NOT_TRACKED,NOT_APPLICABLE,NOT_APPLICABLE,,,,,,
a6da86422c93563e,2026-08-30T17:00:00+00:00,2026-08-30T17:05:04.131462+00:00,USD/CAD,H4,NEUTRAL,USD,CAD,-0.0002589611342497,0.00024170741663018225,0.0002589611342497,-1.7253717619517743e-05,1.38981,NEW_YORK,NOT_TRACKED,NOT_APPLICABLE,NOT_APPLICABLE,,,,,,
6e84737833d0b743,2026-08-30T17:00:00+00:00,2026-08-30T17:05:04.131473+00:00,USD/CHF,H4,NEUTRAL,USD,CHF,-0.0003832507077775,0.00024170741663018225,0.0003832507077775,-0.00014154329114731773,0.80856,NEW_YORK,NOT_TRACKED,NOT_APPLICABLE,NOT_APPLICABLE,,,,,,
1ae3a0857d16270b,2026-08-30T17:00:00+00:00,2026-08-30T17:05:04.131483+00:00,USD/JPY,H4,NEUTRAL,USD,JPY,2.1923318353475566e-05,0.00024170741663018225,-2.1923318353475566e-05,0.0002636307349836578,160.10701,NEW_YORK,NOT_TRACKED,NOT_APPLICABLE,NOT_APPLICABLE,,,,,,
9b2690bec8fef8dd,2026-08-30T18:00:00+00:00,2026-08-30T18:00:05.607555+00:00,AUD/USD,H1,LONG,AUD,USD,0.0004328762532466,0.0004328762532466,-0.0002860481711150505,0.0007189244243616505,0.71645,NEW_YORK,RECORDED,PENDING,PENDING,,,,,,
0097725f9c1f8bf5,2026-08-30T18:00:00+00:00,2026-08-30T18:00:05.607588+00:00,EUR/USD,H1,LONG,EUR,USD,0.0021064676358152,0.0021064676358152,-0.0002860481711150505,0.0023925158069302505,1.15602,NEW_YORK,RECORDED,PENDING,PENDING,,,,,,
b220b2bfac3761fe,2026-08-30T18:00:00+00:00,2026-08-30T18:00:05.607607+00:00,GBP/USD,H1,NEUTRAL,GBP,USD,-0.000479949199223,-0.000479949199223,-0.0002860481711150505,-0.00019390102810794947,1.35366,NEW_YORK,NOT_TRACKED,NOT_APPLICABLE,NOT_APPLICABLE,,,,,,
f3e972bc1cc40525,2026-08-30T18:00:00+00:00,2026-08-30T18:00:05.607622+00:00,NZD/USD,H1,NEUTRAL,NZD,USD,-1.691074508735159e-05,-1.691074508735159e-05,-0.0002860481711150505,0.0002691374260276989,0.59133,NEW_YORK,NOT_TRACKED,NOT_APPLICABLE,NOT_APPLICABLE,,,,,,
f2fe9b7099fe8620,2026-08-30T18:00:00+00:00,2026-08-30T18:00:05.607637+00:00,USD/CAD,H1,NEUTRAL,USD,CAD,0.0003669539940424,-0.0002860481711150505,-0.0003669539940424,8.090582292734946e-05,1.39033,NEW_YORK,NOT_TRACKED,NOT_APPLICABLE,NOT_APPLICABLE,,,,,,
5ace58398bea04d1,2026-08-30T18:00:00+00:00,2026-08-30T18:00:05.607653+00:00,USD/CHF,H1,SHORT,USD,CHF,-0.0003462946472741,-0.0002860481711150505,0.0003462946472741,-0.0006323428183891505,0.80828,NEW_YORK,RECORDED,PENDING,PENDING,,,,,,
9a158794b41ce261,2026-08-30T18:00:00+00:00,2026-08-30T18:00:05.607667+00:00,USD/JPY,H1,NEUTRAL,USD,JPY,1.948740017779486e-05,-0.0002860481711150505,-1.948740017779486e-05,-0.00026656077093725565,160.10657,NEW_YORK,NOT_TRACKED,NOT_APPLICABLE,NOT_APPLICABLE,,,,,,
b1bdd33d1da586c2,2026-08-30T20:00:00+00:00,2026-08-30T20:00:06.262618+00:00,AUD/USD,H1,SHORT,AUD,USD,-0.0010472666340849,-0.0010472666340849,-0.00022327980136154285,-0.0008239868327233573,0.7154,NEW_YORK,RECORDED,PENDING,PENDING,,,,,,
68fd03e96b2f7a1e,2026-08-30T20:00:00+00:00,2026-08-30T20:00:06.262649+00:00,EUR/USD,H1,LONG,EUR,USD,0.0013400306045698,0.0013400306045698,-0.00022327980136154285,0.0015633104059313428,1.15824,NEW_YORK,RECORDED,PENDING,PENDING,,,,,,
2af56270388126a7,2026-08-30T20:00:00+00:00,2026-08-30T20:00:06.262667+00:00,GBP/USD,H1,NEUTRAL,GBP,USD,-0.0004359520009456,-0.0004359520009456,-0.00022327980136154285,-0.00021267219958405717,1.35277,NEW_YORK,NOT_TRACKED,NOT_APPLICABLE,NOT_APPLICABLE,,,,,,
fce6db61ebd9d07b,2026-08-30T20:00:00+00:00,2026-08-30T20:00:06.262682+00:00,NZD/USD,H1,LONG,NZD,USD,0.0018094803240153,0.0018094803240153,-0.00022327980136154285,0.002032760125376843,0.5924,NEW_YORK,RECORDED,PENDING,PENDING,,,,,,
a11aa0dd1ed835b1,2026-08-30T20:00:00+00:00,2026-08-30T20:00:06.262696+00:00,USD/CAD,H1,NEUTRAL,USD,CAD,0.0003308519437552,-0.00022327980136154285,-0.0003308519437552,0.00010757214239365712,1.39081,NEW_YORK,NOT_TRACKED,NOT_APPLICABLE,NOT_APPLICABLE,,,,,,
cc58f89d4e0c118d,2026-08-30T20:00:00+00:00,2026-08-30T20:00:06.262709+00:00,USD/CHF,H1,SHORT,USD,CHF,-0.0003953301624559,-0.00022327980136154285,0.0003953301624559,-0.0006186099638174428,0.80913,NEW_YORK,RECORDED,PENDING,PENDING,,,,,,
5d4c779936c2a4eb,2026-08-30T20:00:00+00:00,2026-08-30T20:00:06.262721+00:00,USD/JPY,H1,NEUTRAL,USD,JPY,0.0001678119027245,-0.00022327980136154285,-0.0001678119027245,-5.546789863704286e-05,160.08702,NEW_YORK,NOT_TRACKED,NOT_APPLICABLE,NOT_APPLICABLE,,,,,,
806be88b361e8b33,2026-08-30T21:00:00+00:00,2026-08-30T21:00:04.497208+00:00,AUD/USD,H1,NEUTRAL,AUD,USD,-0.0001675954246449,-0.0001675954246449,-1.69675465920001e-06,-0.0001658986699857,0.71589,LATE_NY,NOT_TRACKED,NOT_APPLICABLE,NOT_APPLICABLE,,,,,,
646bf0c19692a48e,2026-08-30T21:00:00+00:00,2026-08-30T21:00:04.497240+00:00,EUR/USD,H1,SHORT,EUR,USD,-0.0004231396965482,-0.0004231396965482,-1.69675465920001e-06,-0.00042144294188899996,1.15752,LATE_NY,RECORDED,PENDING,PENDING,,,,,,
068a4266d2f7fcb4,2026-08-30T21:00:00+00:00,2026-08-30T21:00:04.497260+00:00,GBP/USD,H1,NEUTRAL,GBP,USD,0.0001108409875192,0.0001108409875192,-1.69675465920001e-06,0.0001125377421784,1.35344,LATE_NY,NOT_TRACKED,NOT_APPLICABLE,NOT_APPLICABLE,,,,,,
c56224a6c4196c3b,2026-08-30T21:00:00+00:00,2026-08-30T21:00:04.497278+00:00,NZD/USD,H1,LONG,NZD,USD,0.0010814829835411,0.0010814829835411,-1.69675465920001e-06,0.0010831797382003,0.59242,LATE_NY,RECORDED,PENDING,PENDING,,,,,,
35af2d6e7b9cbaa6,2026-08-30T21:00:00+00:00,2026-08-30T21:00:04.497293+00:00,USD/CAD,H1,NEUTRAL,USD,CAD,0.0001653902851184,-1.69675465920001e-06,-0.0001653902851184,0.00016369353045919997,1.39088,LATE_NY,NOT_TRACKED,NOT_APPLICABLE,NOT_APPLICABLE,,,,,,
014be18a348dd205,2026-08-30T21:00:00+00:00,2026-08-30T21:00:04.497308+00:00,USD/CHF,H1,NEUTRAL,USD,CHF,0.0002349101159714,-1.69675465920001e-06,-0.0002349101159714,0.00023321336131219999,0.80901,LATE_NY,NOT_TRACKED,NOT_APPLICABLE,NOT_APPLICABLE,,,,,,
9b401a3865c28af9,2026-08-30T21:00:00+00:00,2026-08-30T21:00:04.497321+00:00,USD/JPY,H1,NEUTRAL,USD,JPY,0.000189411166163,-1.69675465920001e-06,-0.000189411166163,0.0001877144115038,160.10536,LATE_NY,NOT_TRACKED,NOT_APPLICABLE,NOT_APPLICABLE,,,,,,
8ed947ef76ad4003,2026-08-30T21:00:00+00:00,2026-08-30T21:05:02.996800+00:00,AUD/USD,H4,NEUTRAL,AUD,USD,-0.0005445862540843,-0.0005445862540843,-0.00031794485945555714,-0.0002266413946287429,0.71575,LATE_NY,NOT_TRACKED,NOT_APPLICABLE,NOT_APPLICABLE,,,,,,
0228b10d459d4870,2026-08-30T21:00:00+00:00,2026-08-30T21:05:02.996833+00:00,EUR/USD,H4,LONG,EUR,USD,0.0040569006319403,0.0040569006319403,-0.00031794485945555714,0.004374845491395857,1.15827,LATE_NY,RECORDED,PENDING,PENDING,,,,,,
90c32be95886482f,2026-08-30T21:00:00+00:00,2026-08-30T21:05:02.996852+00:00,GBP/USD,H4,NEUTRAL,GBP,USD,-0.0006866965465808,-0.0006866965465808,-0.00031794485945555714,-0.0003687516871252429,1.35338,LATE_NY,NOT_TRACKED,NOT_APPLICABLE,NOT_APPLICABLE,,,,,,
ccf37ef179dc1b0a,2026-08-30T21:00:00+00:00,2026-08-30T21:05:02.996868+00:00,NZD/USD,H4,LONG,NZD,USD,0.0006933405485846,0.0006933405485846,-0.00031794485945555714,0.0010112854080401572,0.59175,LATE_NY,RECORDED,PENDING,PENDING,,,,,,
39b60d4f3399ac29,2026-08-30T21:00:00+00:00,2026-08-30T21:05:02.996883+00:00,USD/CAD,H4,NEUTRAL,USD,CAD,0.000661956224547,-0.00031794485945555714,-0.000661956224547,0.0003440113650914429,1.39074,LATE_NY,NOT_TRACKED,NOT_APPLICABLE,NOT_APPLICABLE,,,,,,
8aa8cab4ebcee826,2026-08-30T21:00:00+00:00,2026-08-30T21:05:02.996897+00:00,USD/CHF,H4,LONG,USD,CHF,0.0008657366181854,-0.00031794485945555714,-0.0008657366181854,0.0005477917587298428,0.80926,LATE_NY,RECORDED,PENDING,PENDING,,,,,,
033c97a39121c44d,2026-08-30T21:00:00+00:00,2026-08-30T21:05:02.996918+00:00,USD/JPY,H4,SHORT,USD,JPY,-0.0002343484790615,-0.00031794485945555714,0.0002343484790615,-0.0005522933385170572,160.06593,LATE_NY,RECORDED,PENDING,PENDING,,,,,,
76fbfe35f6a6cbdd,2026-08-30T00:00:00+00:00,2026-08-30T21:10:12.958795+00:00,AUD/USD,D1,NEUTRAL,AUD,USD,0.0002653075473015,0.0002653075473015,-0.00020988275019898924,0.00047519029750048926,0.71634,ASIA,NOT_TRACKED,NOT_APPLICABLE,NOT_APPLICABLE,,,,,,
f215e758c0e43f61,2026-08-30T00:00:00+00:00,2026-08-30T21:10:12.958823+00:00,EUR/USD,D1,NEUTRAL,EUR,USD,6.043391551339862e-05,6.043391551339862e-05,-0.00020988275019898924,0.0002703166657123879,1.15836,ASIA,NOT_TRACKED,NOT_APPLICABLE,NOT_APPLICABLE,,,,,,
93b51fbc1b55bd00,2026-08-30T00:00:00+00:00,2026-08-30T21:10:12.958839+00:00,GBP/USD,D1,NEUTRAL,GBP,USD,-2.9552574029227496e-05,-2.9552574029227496e-05,-0.00020988275019898924,0.00018033017616976175,1.35348,ASIA,NOT_TRACKED,NOT_APPLICABLE,NOT_APPLICABLE,,,,,,
6dc2c583991a3c9b,2026-08-30T00:00:00+00:00,2026-08-30T21:10:12.958853+00:00,NZD/USD,D1,NEUTRAL,NZD,USD,6.7647556231911e-05,6.7647556231911e-05,-0.00020988275019898924,0.00027753030643090025,0.59134,ASIA,NOT_TRACKED,NOT_APPLICABLE,NOT_APPLICABLE,,,,,,
1f0ab2d73b8138cc,2026-08-30T00:00:00+00:00,2026-08-30T21:10:12.958865+00:00,USD/CAD,D1,NEUTRAL,USD,CAD,-7.191399086579747e-06,-0.00020988275019898924,7.191399086579747e-06,-0.00021707414928556898,1.39054,ASIA,NOT_TRACKED,NOT_APPLICABLE,NOT_APPLICABLE,,,,,,
d769c9a50bb37823,2026-08-30T00:00:00+00:00,2026-08-30T21:10:12.958878+00:00,USD/CHF,D1,SHORT,USD,CHF,-0.0010501216905723,-0.00020988275019898924,0.0010501216905723,-0.0012600044407712894,0.80858,ASIA,RECORDED,PENDING,PENDING,,,,,,
332148cad69da0fd,2026-08-30T00:00:00+00:00,2026-08-30T21:10:12.958891+00:00,USD/JPY,D1,NEUTRAL,USD,JPY,-4.8029716716462746e-05,-0.00020988275019898924,4.8029716716462746e-05,-0.000257912466915452,160.10152,ASIA,NOT_TRACKED,NOT_APPLICABLE,NOT_APPLICABLE,,,,,,
0cfbb0fec030d277,2026-08-31T03:00:00+00:00,2026-08-31T03:00:06.056977+00:00,AUD/USD,H1,NEUTRAL,AUD,USD,-8.37240455459645e-05,-8.37240455459645e-05,-0.0001266124751584308,4.288842961246629e-05,0.71658,ASIA,NOT_TRACKED,NOT_APPLICABLE,NOT_APPLICABLE,,,,,,
d5b4909857f4f99d,2026-08-31T03:00:00+00:00,2026-08-31T03:00:06.057010+00:00,EUR/USD,H1,NEUTRAL,EUR,USD,8.627011172035985e-06,8.627011172035985e-06,-0.0001266124751584308,0.00013523948633046678,1.15916,ASIA,NOT_TRACKED,NOT_APPLICABLE,NOT_APPLICABLE,,,,,,
154fcee6d150a48e,2026-08-31T03:00:00+00:00,2026-08-31T03:00:06.057028+00:00,GBP/USD,H1,NEUTRAL,GBP,USD,7.3835067225672945e-06,7.3835067225672945e-06,-0.0001266124751584308,0.0001339959818809981,1.35438,ASIA,NOT_TRACKED,NOT_APPLICABLE,NOT_APPLICABLE,,,,,,
8ce22edcee78da8d,2026-08-31T03:00:00+00:00,2026-08-31T03:00:06.057043+00:00,NZD/USD,H1,LONG,NZD,USD,0.0007949394492929,0.0007949394492929,-0.0001266124751584308,0.0009215519244513309,0.59171,ASIA,RECORDED,PENDING,PENDING,,,,,,
9fce81de505351d1,2026-08-31T03:00:00+00:00,2026-08-31T03:00:06.057055+00:00,USD/CAD,H1,NEUTRAL,USD,CAD,-3.599375148465836e-05,-0.0001266124751584308,3.599375148465836e-05,-0.00016260622664308915,1.38908,ASIA,NOT_TRACKED,NOT_APPLICABLE,NOT_APPLICABLE,,,,,,
f566e6d36c043e77,2026-08-31T03:00:00+00:00,2026-08-31T03:00:06.057069+00:00,USD/CHF,H1,NEUTRAL,USD,CHF,7.42050781007816e-05,-0.0001266124751584308,-7.42050781007816e-05,-5.2407397057649185e-05,0.80863,ASIA,NOT_TRACKED,NOT_APPLICABLE,NOT_APPLICABLE,,,,,,
977ce70cc99874a6,2026-08-31T03:00:00+00:00,2026-08-31T03:00:06.057081+00:00,USD/JPY,H1,NEUTRAL,USD,JPY,-0.0001972727310836,-0.0001266124751584308,0.0001972727310836,-0.0003238852062420308,159.79796,ASIA,NOT_TRACKED,NOT_APPLICABLE,NOT_APPLICABLE,,,,,,
5a712884347395bd,2026-08-31T04:00:00+00:00,2026-08-31T04:00:05.898243+00:00,AUD/USD,H1,NEUTRAL,AUD,USD,0.0001674597747666,0.0001674597747666,9.1186063012424e-05,7.6273711754176e-05,0.71671,ASIA,NOT_TRACKED,NOT_APPLICABLE,NOT_APPLICABLE,,,,,,
f3a5317a0a73c417,2026-08-31T04:00:00+00:00,2026-08-31T04:00:05.898270+00:00,EUR/USD,H1,NEUTRAL,EUR,USD,-0.0001984058521099,-0.0001984058521099,9.1186063012424e-05,-0.000289591915122324,1.15901,ASIA,NOT_TRACKED,NOT_APPLICABLE,NOT_APPLICABLE,,,,,,
251c8e73e6529c67,2026-08-31T04:00:00+00:00,2026-08-31T04:00:05.898285+00:00,GBP/USD,H1,NEUTRAL,GBP,USD,-9.598133532184276e-05,-9.598133532184276e-05,9.1186063012424e-05,-0.00018716739833426677,1.3543,ASIA,NOT_TRACKED,NOT_APPLICABLE,NOT_APPLICABLE,,,,,,
5f6e6efe12a07539,2026-08-31T04:00:00+00:00,2026-08-31T04:00:05.898299+00:00,NZD/USD,H1,NEUTRAL,NZD,USD,0.0003717534936379,0.0003717534936379,9.1186063012424e-05,0.000280567430625476,0.59201,ASIA,NOT_TRACKED,NOT_APPLICABLE,NOT_APPLICABLE,,,,,,
bb114e7ee0771450,2026-08-31T04:00:00+00:00,2026-08-31T04:00:05.898311+00:00,USD/CAD,H1,NEUTRAL,USD,CAD,3.599556534642529e-05,9.1186063012424e-05,-3.599556534642529e-05,0.0001271816283588493,1.38911,ASIA,NOT_TRACKED,NOT_APPLICABLE,NOT_APPLICABLE,,,,,,
ecd0735090bcde19,2026-08-31T04:00:00+00:00,2026-08-31T04:00:05.898324+00:00,USD/CHF,H1,LONG,USD,CHF,0.0006431186306521,9.1186063012424e-05,-0.0006431186306521,0.000734304693664524,0.80908,ASIA,RECORDED,PENDING,PENDING,,,,,,
5049fec95f20785f,2026-08-31T04:00:00+00:00,2026-08-31T04:00:05.898335+00:00,USD/JPY,H1,NEUTRAL,USD,JPY,0.0002040143260612,9.1186063012424e-05,-0.0002040143260612,0.000295200389073624,159.8253,ASIA,NOT_TRACKED,NOT_APPLICABLE,NOT_APPLICABLE,,,,,,
b5183ee404f52e32,2026-08-31T08:00:00+00:00,2026-08-31T08:00:06.013136+00:00,AUD/USD,H1,LONG,AUD,USD,0.0,0.0,-0.0008280460467877,0.0008280460467877,0.71603,LONDON,RECORDED,PENDING,PENDING,,,,,,
4435d22266dc7812,2026-08-31T08:00:00+00:00,2026-08-31T08:00:06.013164+00:00,EUR/USD,H1,LONG,EUR,USD,0.0013289839313761,0.0013289839313761,-0.0008280460467877,0.0021570299781638004,1.16032,LONDON,RECORDED,PENDING,PENDING,,,,,,
a4df3f69b9547f60,2026-08-31T08:00:00+00:00,2026-08-31T08:00:06.013181+00:00,GBP/USD,H1,LONG,GBP,USD,0.0003839735353625,0.0003839735353625,-0.0008280460467877,0.0012120195821502,1.35478,LONDON,RECORDED,PENDING,PENDING,,,,,,
a84b26ccc12d97e4,2026-08-31T08:00:00+00:00,2026-08-31T08:00:06.013195+00:00,NZD/USD,H1,LONG,NZD,USD,0.0005241001538488,0.0005241001538488,-0.0008280460467877,0.0013521462006365,0.5918,LONDON,RECORDED,PENDING,PENDING,,,,,,
fe283026ff96c3b3,2026-08-31T08:00:00+00:00,2026-08-31T08:00:06.013207+00:00,USD/CAD,H1,SHORT,USD,CAD,-0.0002878215506385,-0.0008280460467877,0.0002878215506385,-0.0011158675974262,1.38935,LONDON,RECORDED,PENDING,PENDING,,,,,,
b42ba9afad564c1c,2026-08-31T08:00:00+00:00,2026-08-31T08:00:06.013218+00:00,USD/CHF,H1,SHORT,USD,CHF,-0.0014586629746834,-0.0008280460467877,0.0014586629746834,-0.0022867090214711,0.80778,LONDON,RECORDED,PENDING,PENDING,,,,,,
a53e98982d34d9b4,2026-08-31T08:00:00+00:00,2026-08-31T08:00:06.013230+00:00,USD/JPY,H1,SHORT,USD,JPY,-0.0018127801816046,-0.0008280460467877,0.0018127801816046,-0.0026408262283923,159.56413,LONDON,RECORDED,PENDING,PENDING,,,,,,
cd72a59c13d0910a,2026-08-31T09:00:00+00:00,2026-08-31T09:55:55.153070+00:00,AUD/USD,H4,SHORT,AUD,USD,-0.0010326253802574,-0.0010326253802574,0.0002588399772489571,-0.001291465357506357,0.71588,LONDON,RECORDED,PENDING,PENDING,,,,,,
2310efb59b6358d3,2026-08-31T09:00:00+00:00,2026-08-31T09:55:55.153097+00:00,EUR/USD,H4,NEUTRAL,EUR,USD,0.0002329393494952,0.0002329393494952,0.0002588399772489571,-2.590062775375713e-05,1.15937,LONDON,NOT_TRACKED,NOT_APPLICABLE,NOT_APPLICABLE,,,,,,
c3ec40881a05e0ae,2026-08-31T09:00:00+00:00,2026-08-31T09:55:55.153113+00:00,GBP/USD,H4,SHORT,GBP,USD,-0.0002510281077648,-0.0002510281077648,0.0002588399772489571,-0.0005098680850137571,1.35409,LONDON,RECORDED,PENDING,PENDING,,,,,,
0adaafd1f716f344,2026-08-31T09:00:00+00:00,2026-08-31T09:55:55.153125+00:00,NZD/USD,H4,SHORT,NZD,USD,-0.0008446516656531,-0.0008446516656531,0.0002588399772489571,-0.0011034916429020572,0.59146,LONDON,RECORDED,PENDING,PENDING,,,,,,
600f92a729770487,2026-08-31T09:00:00+00:00,2026-08-31T09:55:55.153138+00:00,USD/CAD,H4,LONG,USD,CAD,0.0006911447084233,0.0002588399772489571,-0.0006911447084233,0.0009499846856722571,1.38996,LONDON,RECORDED,PENDING,PENDING,,,,,,
5cc8a105c6b00a2e,2026-08-31T09:00:00+00:00,2026-08-31T09:55:55.153150+00:00,USD/CHF,H4,NEUTRAL,USD,CHF,-0.000457224769225,0.0002588399772489571,0.000457224769225,-0.00019838479197604287,0.80886,LONDON,NOT_TRACKED,NOT_APPLICABLE,NOT_APPLICABLE,,,,,,
cfc57c7005e48697,2026-08-31T09:00:00+00:00,2026-08-31T09:55:55.153161+00:00,USD/JPY,H4,NEUTRAL,USD,JPY,-0.0003174059026357,0.0002588399772489571,0.0003174059026357,-5.856592538674288e-05,159.74467,LONDON,NOT_TRACKED,NOT_APPLICABLE,NOT_APPLICABLE,,,,,,
e777061b8518cc58,2026-08-31T10:00:00+00:00,2026-08-31T10:00:08.360159+00:00,AUD/USD,H1,LONG,AUD,USD,0.0003631995082836,0.0003631995082836,-0.00027198827138899935,0.0006351877796725994,0.71612,LONDON,RECORDED,PENDING,PENDING,,,,,,
809e924beae422ba,2026-08-31T10:00:00+00:00,2026-08-31T10:00:08.360190+00:00,EUR/USD,H1,LONG,EUR,USD,0.0004916293632105,0.0004916293632105,-0.00027198827138899935,0.0007636176345994993,1.15998,LONDON,RECORDED,PENDING,PENDING,,,,,,
18b9790e2fc7fa1c,2026-08-31T10:00:00+00:00,2026-08-31T10:00:08.360209+00:00,GBP/USD,H1,LONG,GBP,USD,0.0001477028514035,0.0001477028514035,-0.00027198827138899935,0.00041969112279249934,1.35427,LONDON,RECORDED,PENDING,PENDING,,,,,,
a3c390018d109808,2026-08-31T10:00:00+00:00,2026-08-31T10:00:08.360224+00:00,NZD/USD,H1,NEUTRAL,NZD,USD,8.453799983091468e-05,8.453799983091468e-05,-0.00027198827138899935,0.00035652627121991406,0.5915,LONDON,NOT_TRACKED,NOT_APPLICABLE,NOT_APPLICABLE,,,,,,
bd89c95fd6861d50,2026-08-31T10:00:00+00:00,2026-08-31T10:00:08.360239+00:00,USD/CAD,H1,SHORT,USD,CAD,-0.0005467704571289,-0.00027198827138899935,0.0005467704571289,-0.0008187587285178994,1.38922,LONDON,RECORDED,PENDING,PENDING,,,,,,
e7a175549a65feb1,2026-08-31T10:00:00+00:00,2026-08-31T10:00:08.360254+00:00,USD/CHF,H1,SHORT,USD,CHF,-0.0002348955950894,-0.00027198827138899935,0.0002348955950894,-0.0005068838664783993,0.80868,LONDON,RECORDED,PENDING,PENDING,,,,,,
1c94bdb9b67216cd,2026-08-31T10:00:00+00:00,2026-08-31T10:00:08.360267+00:00,USD/JPY,H1,NEUTRAL,USD,JPY,-3.518212477618064e-05,-0.00027198827138899935,3.518212477618064e-05,-0.00030717039616518,159.73459,LONDON,NOT_TRACKED,NOT_APPLICABLE,NOT_APPLICABLE,,,,,,
11c4f66028c3c380,2026-08-31T12:00:00+00:00,2026-08-31T12:00:06.359042+00:00,AUD/USD,H1,LONG,AUD,USD,0.0005728577217029,0.0005728577217029,-0.00017399020904727188,0.0007468479307501718,0.71612,LONDON_NY_OVERLAP,RECORDED,PENDING,PENDING,,,,,,
304755b0a8a9df23,2026-08-31T12:00:00+00:00,2026-08-31T12:00:06.359073+00:00,EUR/USD,H1,NEUTRAL,EUR,USD,-0.000137948872699,-0.000137948872699,-0.00017399020904727188,3.604133634827188e-05,1.15969,LONDON_NY_OVERLAP,NOT_TRACKED,NOT_APPLICABLE,NOT_APPLICABLE,,,,,,
7057ef5a0be36a97,2026-08-31T12:00:00+00:00,2026-08-31T12:00:06.359088+00:00,GBP/USD,H1,NEUTRAL,GBP,USD,-0.0001772342593821,-0.0001772342593821,-0.00017399020904727188,-3.244050334828114e-06,1.3539,LONDON_NY_OVERLAP,NOT_TRACKED,NOT_APPLICABLE,NOT_APPLICABLE,,,,,,
3cd1d1d87333dd9f,2026-08-31T12:00:00+00:00,2026-08-31T12:00:06.359102+00:00,NZD/USD,H1,LONG,NZD,USD,0.0003213258921019,0.0003213258921019,-0.00017399020904727188,0.0004953161011491719,0.59149,LONDON_NY_OVERLAP,RECORDED,PENDING,PENDING,,,,,,
7c9fff4ddea26239,2026-08-31T12:00:00+00:00,2026-08-31T12:00:06.359115+00:00,USD/CAD,H1,SHORT,USD,CAD,-0.0004678480429556,-0.00017399020904727188,0.0004678480429556,-0.0006418382520028718,1.38869,LONDON_NY_OVERLAP,RECORDED,PENDING,PENDING,,,,,,
8f6fe419b2643162,2026-08-31T12:00:00+00:00,2026-08-31T12:00:06.359126+00:00,USD/CHF,H1,NEUTRAL,USD,CHF,-0.0001112897242486,-0.00017399020904727188,0.0001112897242486,-0.0002852799332958719,0.80861,LONDON_NY_OVERLAP,NOT_TRACKED,NOT_APPLICABLE,NOT_APPLICABLE,,,,,,
e42414ca7e20a5e7,2026-08-31T12:00:00+00:00,2026-08-31T12:00:06.359137+00:00,USD/JPY,H1,NEUTRAL,USD,JPY,-5.979321440300312e-05,-0.00017399020904727188,5.979321440300312e-05,-0.000233783423450275,159.70757,LONDON_NY_OVERLAP,NOT_TRACKED,NOT_APPLICABLE,NOT_APPLICABLE,,,,,,
1f997d3cea00dabd,2026-08-31T13:00:00+00:00,2026-08-31T13:00:06.319862+00:00,AUD/USD,H1,NEUTRAL,AUD,USD,-0.0002374036420511,-0.0002374036420511,0.0001154165650275958,-0.00035282020707869577,0.71591,LONDON_NY_OVERLAP,NOT_TRACKED,NOT_APPLICABLE,NOT_APPLICABLE,,,,,,
2df2e3212118b398,2026-08-31T13:00:00+00:00,2026-08-31T13:00:06.319893+00:00,EUR/USD,H1,NEUTRAL,EUR,USD,-3.449197630404677e-05,-3.449197630404677e-05,0.0001154165650275958,-0.00014990854133164257,1.15965,LONDON_NY_OVERLAP,NOT_TRACKED,NOT_APPLICABLE,NOT_APPLICABLE,,,,,,
d71019bb3dc0a2b7,2026-08-31T13:00:00+00:00,2026-08-31T13:00:06.319909+00:00,GBP/USD,H1,NEUTRAL,GBP,USD,4.431772856864741e-05,4.431772856864741e-05,0.0001154165650275958,-7.10988364589484e-05,1.35392,LONDON_NY_OVERLAP,NOT_TRACKED,NOT_APPLICABLE,NOT_APPLICABLE,,,,,,
f430039f92e9b1a6,2026-08-31T13:00:00+00:00,2026-08-31T13:00:06.319922+00:00,NZD/USD,H1,NEUTRAL,NZD,USD,-0.0001183471968621,-0.0001183471968621,0.0001154165650275958,-0.00023376376188969581,0.59141,LONDON_NY_OVERLAP,NOT_TRACKED,NOT_APPLICABLE,NOT_APPLICABLE,,,,,,
f4e14fb8ee2ee9ef,2026-08-31T13:00:00+00:00,2026-08-31T13:00:06.319933+00:00,USD/CAD,H1,NEUTRAL,USD,CAD,-0.0003960652715567,0.0001154165650275958,0.0003960652715567,-0.0002806487065291042,1.38811,LONDON_NY_OVERLAP,NOT_TRACKED,NOT_APPLICABLE,NOT_APPLICABLE,,,,,,
217fb0e106df13a4,2026-08-31T13:00:00+00:00,2026-08-31T13:00:06.319943+00:00,USD/CHF,H1,NEUTRAL,USD,CHF,-9.893888050652873e-05,0.0001154165650275958,9.893888050652873e-05,1.647768452106708e-05,0.8085,LONDON_NY_OVERLAP,NOT_TRACKED,NOT_APPLICABLE,NOT_APPLICABLE,,,,,,
2b93651ff2ee384f,2026-08-31T13:00:00+00:00,2026-08-31T13:00:06.319954+00:00,USD/JPY,H1,LONG,USD,JPY,0.0009569950206078,0.0001154165650275958,-0.0009569950206078,0.0010724115856353958,159.86109,LONDON_NY_OVERLAP,RECORDED,PENDING,PENDING,,,,,,
629ee75ce30f2017,2026-08-31T13:00:00+00:00,2026-08-31T13:05:05.120845+00:00,AUD/USD,H4,NEUTRAL,AUD,USD,5.587684742816889e-05,5.587684742816889e-05,-0.00015880968141562408,0.000214686528843793,0.7159,LONDON_NY_OVERLAP,NOT_TRACKED,NOT_APPLICABLE,NOT_APPLICABLE,,,,,,
33ecbcbbbca071cc,2026-08-31T13:00:00+00:00,2026-08-31T13:05:05.120871+00:00,EUR/USD,H4,NEUTRAL,EUR,USD,0.0001466263013084,0.0001466263013084,-0.00015880968141562408,0.00030543598272402407,1.15958,LONDON_NY_OVERLAP,NOT_TRACKED,NOT_APPLICABLE,NOT_APPLICABLE,,,,,,
5e69b7374b71eb79,2026-08-31T13:00:00+00:00,2026-08-31T13:05:05.120886+00:00,GBP/USD,H4,NEUTRAL,GBP,USD,-0.0001477028514036,-0.0001477028514036,-0.00015880968141562408,1.1106830012024075e-05,1.35387,LONDON_NY_OVERLAP,NOT_TRACKED,NOT_APPLICABLE,NOT_APPLICABLE,,,,,,
9d3a0df18f4fba14,2026-08-31T13:00:00+00:00,2026-08-31T13:05:05.120897+00:00,NZD/USD,H4,NEUTRAL,NZD,USD,0.0,0.0,-0.00015880968141562408,0.00015880968141562408,0.59145,LONDON_NY_OVERLAP,NOT_TRACKED,NOT_APPLICABLE,NOT_APPLICABLE,,,,,,
f89047b53a121f51,2026-08-31T13:00:00+00:00,2026-08-31T13:05:05.120909+00:00,USD/CAD,H4,SHORT,USD,CAD,-0.0013957035353027,-0.00015880968141562408,0.0013957035353027,-0.001554513216718324,1.38804,LONDON_NY_OVERLAP,RECORDED,PENDING,PENDING,,,,,,
b67747030652d803,2026-08-31T13:00:00+00:00,2026-08-31T13:05:05.120920+00:00,USD/CHF,H4,SHORT,USD,CHF,-0.0004945170422935,-0.00015880968141562408,0.0004945170422935,-0.0006533267237091241,0.80847,LONDON_NY_OVERLAP,RECORDED,PENDING,PENDING,,,,,,
f6e021621763067b,2026-08-31T13:00:00+00:00,2026-08-31T13:05:05.120930+00:00,USD/JPY,H4,LONG,USD,JPY,0.0008333531050198,-0.00015880968141562408,-0.0008333531050198,0.0006745434236041759,159.87333,LONDON_NY_OVERLAP,RECORDED,PENDING,PENDING,,,,,,
b5dcfc7b806b45cd,2026-08-31T14:00:00+00:00,2026-08-31T14:00:06.365246+00:00,AUD/USD,H1,LONG,AUD,USD,0.0003492156616239,0.0003492156616239,-0.00018165445061769713,0.0005308701122415971,0.71614,LONDON_NY_OVERLAP,RECORDED,PENDING,PENDING,,,,,,
e3af4e3975553d20,2026-08-31T14:00:00+00:00,2026-08-31T14:00:06.365273+00:00,EUR/USD,H1,NEUTRAL,EUR,USD,0.0001466010124093,0.0001466010124093,-0.00018165445061769713,0.0003282554630269971,1.15978,LONDON_NY_OVERLAP,NOT_TRACKED,NOT_APPLICABLE,NOT_APPLICABLE,,,,,,
97354556aef5a848,2026-08-31T14:00:00+00:00,2026-08-31T14:00:06.365288+00:00,GBP/USD,H1,NEUTRAL,GBP,USD,0.000125564115253,0.000125564115253,-0.00018165445061769713,0.00030721856587069714,1.35406,LONDON_NY_OVERLAP,NOT_TRACKED,NOT_APPLICABLE,NOT_APPLICABLE,,,,,,
4e64e4fba8115bc0,2026-08-31T14:00:00+00:00,2026-08-31T14:00:06.365300+00:00,NZD/USD,H1,LONG,NZD,USD,0.0004396198978729,0.0004396198978729,-0.00018165445061769713,0.0006212743484905971,0.59168,LONDON_NY_OVERLAP,RECORDED,PENDING,PENDING,,,,,,
6d0093b169124f86,2026-08-31T14:00:00+00:00,2026-08-31T14:00:06.365311+00:00,USD/CAD,H1,NEUTRAL,USD,CAD,-7.204195723588626e-05,-0.00018165445061769713,7.204195723588626e-05,-0.0002536964078535834,1.38798,LONDON_NY_OVERLAP,NOT_TRACKED,NOT_APPLICABLE,NOT_APPLICABLE,,,,,,
1fd00de38a6bae70,2026-08-31T14:00:00+00:00,2026-08-31T14:00:06.365322+00:00,USD/CHF,H1,NEUTRAL,USD,CHF,3.7106210342706144e-05,-0.00018165445061769713,-3.7106210342706144e-05,-0.000144548240274991,0.80852,LONDON_NY_OVERLAP,NOT_TRACKED,NOT_APPLICABLE,NOT_APPLICABLE,,,,,,
be17a5892cfecd0a,2026-08-31T14:00:00+00:00,2026-08-31T14:00:06.365333+00:00,USD/JPY,H1,NEUTRAL,USD,JPY,-0.0001756447202716,-0.00018165445061769713,0.0001756447202716,-0.0003572991708892971,159.84009,LONDON_NY_OVERLAP,NOT_TRACKED,NOT_APPLICABLE,NOT_APPLICABLE,,,,,,
151d1c29cd2f3d79,2026-08-31T17:00:00+00:00,2026-08-31T17:00:08.772992+00:00,AUD/USD,H1,NEUTRAL,AUD,USD,0.0001395478649176,0.0001395478649176,-0.00010912725488347336,0.00024867511980107337,0.7167,NEW_YORK,NOT_TRACKED,NOT_APPLICABLE,NOT_APPLICABLE,,,,,,
f4451dd3ae43f11e,2026-08-31T17:00:00+00:00,2026-08-31T17:00:08.773018+00:00,EUR/USD,H1,NEUTRAL,EUR,USD,-5.165066930673699e-05,-5.165066930673699e-05,-0.00010912725488347336,5.7476585576736375e-05,1.16159,NEW_YORK,NOT_TRACKED,NOT_APPLICABLE,NOT_APPLICABLE,,,,,,
bb1c7370f4ec0fd5,2026-08-31T17:00:00+00:00,2026-08-31T17:00:08.773033+00:00,GBP/USD,H1,NEUTRAL,GBP,USD,-9.594733229510703e-05,-9.594733229510703e-05,-0.00010912725488347336,1.317992258836633e-05,1.35478,NEW_YORK,NOT_TRACKED,NOT_APPLICABLE,NOT_APPLICABLE,,,,,,
8154b3f5e99d3ef2,2026-08-31T17:00:00+00:00,2026-08-31T17:00:08.773047+00:00,NZD/USD,H1,NEUTRAL,NZD,USD,0.0002366503828665,0.0002366503828665,-0.00010912725488347336,0.0003457776377499734,0.59173,NEW_YORK,NOT_TRACKED,NOT_APPLICABLE,NOT_APPLICABLE,,,,,,
4826be6536fe2499,2026-08-31T17:00:00+00:00,2026-08-31T17:00:08.773058+00:00,USD/CAD,H1,NEUTRAL,USD,CAD,-5.771256258195759e-05,-0.00010912725488347336,5.771256258195759e-05,-0.00016683981746543097,1.3861,NEW_YORK,NOT_TRACKED,NOT_APPLICABLE,NOT_APPLICABLE,,,,,,
4477b958e026a817,2026-08-31T17:00:00+00:00,2026-08-31T17:00:08.773069+00:00,USD/CHF,H1,NEUTRAL,USD,CHF,-0.0002350059988373,-0.00010912725488347336,0.0002350059988373,-0.0003441332537207734,0.8083,NEW_YORK,NOT_TRACKED,NOT_APPLICABLE,NOT_APPLICABLE,,,,,,
c616fe31211e4c45,2026-08-31T17:00:00+00:00,2026-08-31T17:00:08.773079+00:00,USD/JPY,H1,NEUTRAL,USD,JPY,-0.0002425719765828,-0.00010912725488347336,0.0002425719765828,-0.00035169923146627336,159.70765,NEW_YORK,NOT_TRACKED,NOT_APPLICABLE,NOT_APPLICABLE,,,,,,
67c1095819a1c124,2026-08-31T17:00:00+00:00,2026-08-31T17:05:04.980748+00:00,AUD/USD,H4,LONG,AUD,USD,0.0011593959965916,0.0011593959965916,-0.0010280440177681143,0.0021874400143597145,0.71672,NEW_YORK,RECORDED,PENDING,PENDING,,,,,,
03a5ec9ea8c5a076,2026-08-31T17:00:00+00:00,2026-08-31T17:05:04.980777+00:00,EUR/USD,H4,LONG,EUR,USD,0.0017419649709815,0.0017419649709815,-0.0010280440177681143,0.0027700089887496143,1.16163,NEW_YORK,RECORDED,PENDING,PENDING,,,,,,
2846bab1e917e701,2026-08-31T17:00:00+00:00,2026-08-31T17:05:04.980790+00:00,GBP/USD,H4,LONG,GBP,USD,0.0007016818205319,0.0007016818205319,-0.0010280440177681143,0.0017297258383000144,1.35484,NEW_YORK,RECORDED,PENDING,PENDING,,,,,,
aee83426d0ddea14,2026-08-31T17:00:00+00:00,2026-08-31T17:05:04.980802+00:00,NZD/USD,H4,LONG,NZD,USD,0.000710155219641,0.000710155219641,-0.0010280440177681143,0.0017381992374091142,0.59184,NEW_YORK,RECORDED,PENDING,PENDING,,,,,,
183b81ad082a8ac2,2026-08-31T17:00:00+00:00,2026-08-31T17:05:04.980812+00:00,USD/CAD,H4,SHORT,USD,CAD,-0.0014984727105066,-0.0010280440177681143,0.0014984727105066,-0.0025265167282747143,1.386,NEW_YORK,RECORDED,PENDING,PENDING,,,,,,
fe089451c7387f6a,2026-08-31T17:00:00+00:00,2026-08-31T17:05:04.980823+00:00,USD/CHF,H4,SHORT,USD,CHF,-0.000284480945961,-0.0010280440177681143,0.000284480945961,-0.0013125249637291143,0.80826,NEW_YORK,RECORDED,PENDING,PENDING,,,,,,
3bb05217e12eb959,2026-08-31T17:00:00+00:00,2026-08-31T17:05:04.980835+00:00,USD/JPY,H4,SHORT,USD,JPY,-0.0011001564601632,-0.0010280440177681143,0.0011001564601632,-0.0021282004779313145,159.69229,NEW_YORK,RECORDED,PENDING,PENDING,,,,,,
f8b1917731aeb3e4,2026-08-31T19:00:00+00:00,2026-08-31T19:00:06.362453+00:00,AUD/USD,H1,NEUTRAL,AUD,USD,-0.0001534983673356,-0.0001534983673356,0.0001356692052335302,-0.0002891675725691302,0.71651,NEW_YORK,NOT_TRACKED,NOT_APPLICABLE,NOT_APPLICABLE,,,,,,
056bed0ae01e4979,2026-08-31T19:00:00+00:00,2026-08-31T19:00:06.362484+00:00,EUR/USD,H1,NEUTRAL,EUR,USD,2.582689095884441e-05,2.582689095884441e-05,0.0001356692052335302,-0.00010984231427468578,1.16161,NEW_YORK,NOT_TRACKED,NOT_APPLICABLE,NOT_APPLICABLE,,,,,,
9e2908aae77c1a25,2026-08-31T19:00:00+00:00,2026-08-31T19:00:06.362503+00:00,GBP/USD,H1,NEUTRAL,GBP,USD,-4.427717511618994e-05,-4.427717511618994e-05,0.0001356692052335302,-0.00017994638034972015,1.35504,NEW_YORK,NOT_TRACKED,NOT_APPLICABLE,NOT_APPLICABLE,,,,,,
276b464b88b04b22,2026-08-31T19:00:00+00:00,2026-08-31T19:00:06.362516+00:00,NZD/USD,H1,NEUTRAL,NZD,USD,-0.0002365544159639,-0.0002365544159639,0.0001356692052335302,-0.00037222362119743017,0.59169,NEW_YORK,NOT_TRACKED,NOT_APPLICABLE,NOT_APPLICABLE,,,,,,
99c2ff55738817ff,2026-08-31T19:00:00+00:00,2026-08-31T19:00:06.362530+00:00,USD/CAD,H1,NEUTRAL,USD,CAD,-5.773588718413418e-05,0.0001356692052335302,5.773588718413418e-05,7.793331804939601e-05,1.38554,NEW_YORK,NOT_TRACKED,NOT_APPLICABLE,NOT_APPLICABLE,,,,,,
3f5275f2025a7ba8,2026-08-31T19:00:00+00:00,2026-08-31T19:00:06.362542+00:00,USD/CHF,H1,NEUTRAL,USD,CHF,0.0001113709767235,0.0001356692052335302,-0.0001113709767235,0.0002470401819570302,0.8082,NEW_YORK,NOT_TRACKED,NOT_APPLICABLE,NOT_APPLICABLE,,,,,,
248674d10e159e61,2026-08-31T19:00:00+00:00,2026-08-31T19:00:06.362554+00:00,USD/JPY,H1,LONG,USD,JPY,0.0004875462796385,0.0001356692052335302,-0.0004875462796385,0.0006232154848720302,159.77552,NEW_YORK,RECORDED,PENDING,PENDING,,,,,,
84b34f4ba6ba49c9,2026-08-31T20:00:00+00:00,2026-08-31T20:00:07.086950+00:00,AUD/USD,H1,NEUTRAL,AUD,USD,0.0002233077459873,0.0002233077459873,5.1884978020905995e-05,0.000171422767966394,0.71666,NEW_YORK,NOT_TRACKED,NOT_APPLICABLE,NOT_APPLICABLE,,,,,,
65fc587ea4956866,2026-08-31T20:00:00+00:00,2026-08-31T20:00:07.086977+00:00,EUR/USD,H1,NEUTRAL,EUR,USD,-2.5826001618598623e-05,-2.5826001618598623e-05,5.1884978020905995e-05,-7.771097963950462e-05,1.16159,NEW_YORK,NOT_TRACKED,NOT_APPLICABLE,NOT_APPLICABLE,,,,,,
57fa2c1fc5ef78b9,2026-08-31T20:00:00+00:00,2026-08-31T20:00:07.086994+00:00,GBP/USD,H1,NEUTRAL,GBP,USD,-3.690064133306037e-05,-3.690064133306037e-05,5.1884978020905995e-05,-8.878561935396636e-05,1.35494,NEW_YORK,NOT_TRACKED,NOT_APPLICABLE,NOT_APPLICABLE,,,,,,
016216b90f772c44,2026-08-31T20:00:00+00:00,2026-08-31T20:00:07.087008+00:00,NZD/USD,H1,NEUTRAL,NZD,USD,1.690188456005153e-05,1.690188456005153e-05,5.1884978020905995e-05,-3.498309346085447e-05,0.59166,NEW_YORK,NOT_TRACKED,NOT_APPLICABLE,NOT_APPLICABLE,,,,,,
8da0ebc5c303c188,2026-08-31T20:00:00+00:00,2026-08-31T20:00:07.087020+00:00,USD/CAD,H1,NEUTRAL,USD,CAD,0.0002742632783123,5.1884978020905995e-05,-0.0002742632783123,0.00032614825633320597,1.38591,NEW_YORK,NOT_TRACKED,NOT_APPLICABLE,NOT_APPLICABLE,,,,,,
ba16706ebb1fe4cd,2026-08-31T20:00:00+00:00,2026-08-31T20:00:07.087033+00:00,USD/CHF,H1,NEUTRAL,USD,CHF,0.0002969561989606,5.1884978020905995e-05,-0.0002969561989606,0.000348841176981506,0.80844,NEW_YORK,NOT_TRACKED,NOT_APPLICABLE,NOT_APPLICABLE,,,,,,
d84d2bd4ae6b551f,2026-08-31T20:00:00+00:00,2026-08-31T20:00:07.087045+00:00,USD/JPY,H1,NEUTRAL,USD,JPY,-3.054164353086549e-05,5.1884978020905995e-05,3.054164353086549e-05,2.1343334490040506e-05,159.77696,NEW_YORK,NOT_TRACKED,NOT_APPLICABLE,NOT_APPLICABLE,,,,,,
006d326fa697c395,2026-08-31T00:00:00+00:00,2026-08-31T21:10:16.292579+00:00,AUD/USD,D1,SHORT,AUD,USD,-0.0007678347061287,-0.0007678347061287,0.00015005857041113866,-0.0009178932765398387,0.71575,ASIA,RECORDED,PENDING,PENDING,,,,,,
408948b9b155bfe1,2026-08-31T00:00:00+00:00,2026-08-31T21:10:16.292634+00:00,EUR/USD,D1,NEUTRAL,EUR,USD,-6.04313068701888e-05,-6.04313068701888e-05,0.00015005857041113866,-0.00021048987728132745,1.15827,ASIA,NOT_TRACKED,NOT_APPLICABLE,NOT_APPLICABLE,,,,,,
2ff1b0ffe6d1b48e,2026-08-31T00:00:00+00:00,2026-08-31T21:10:16.292656+00:00,GBP/USD,D1,NEUTRAL,GBP,USD,-6.649574796628184e-05,-6.649574796628184e-05,0.00015005857041113866,-0.0002165543183774205,1.35338,ASIA,NOT_TRACKED,NOT_APPLICABLE,NOT_APPLICABLE,,,,,,
8efc051c96196a7c,2026-08-31T00:00:00+00:00,2026-08-31T21:10:16.292672+00:00,NZD/USD,D1,NEUTRAL,NZD,USD,0.0006933405485846,0.0006933405485846,0.00015005857041113866,0.0005432819781734613,0.59175,ASIA,NOT_TRACKED,NOT_APPLICABLE,NOT_APPLICABLE,,,,,,
0df760b86b2c308d,2026-08-31T00:00:00+00:00,2026-08-31T21:10:16.292686+00:00,USD/CAD,D1,NEUTRAL,USD,CAD,0.000151021552933,0.00015005857041113866,-0.000151021552933,0.0003010801233441386,1.39074,ASIA,NOT_TRACKED,NOT_APPLICABLE,NOT_APPLICABLE,,,,,,
d48f740aca276dec,2026-08-31T00:00:00+00:00,2026-08-31T21:10:16.292701+00:00,USD/CHF,D1,LONG,USD,CHF,0.0009276323112887,0.00015005857041113866,-0.0009276323112887,0.0010776908816998386,0.80926,ASIA,RECORDED,PENDING,PENDING,,,,,,
cb36eb74ec89455d,2026-08-31T00:00:00+00:00,2026-08-31T21:10:16.292715+00:00,USD/JPY,D1,NEUTRAL,USD,JPY,-0.0002296650837243,0.00015005857041113866,0.0002296650837243,-7.960651331316134e-05,160.06593,ASIA,NOT_TRACKED,NOT_APPLICABLE,NOT_APPLICABLE,,,,,,
21d022a91f60c4b0,2026-08-31T23:00:00+00:00,2026-08-31T23:00:04.985494+00:00,AUD/USD,H1,SHORT,AUD,USD,-0.0002371916508538,-0.0002371916508538,0.0002412325185441905,-0.0004784241693979905,0.71655,LATE_NY,RECORDED,PENDING,PENDING,,,,,,
a5385d86ccc2f4a9,2026-08-31T23:00:00+00:00,2026-08-31T23:00:04.985527+00:00,EUR/USD,H1,SHORT,EUR,USD,-0.0003442696319757,-0.0003442696319757,0.0002412325185441905,-0.0005855021505198905,1.16148,LATE_NY,RECORDED,PENDING,PENDING,,,,,,
7059655abdb3023b,2026-08-31T23:00:00+00:00,2026-08-31T23:00:04.985544+00:00,GBP/USD,H1,SHORT,GBP,USD,-0.0005017228276508,-0.0005017228276508,0.0002412325185441905,-0.0007429553461949905,1.35465,LATE_NY,RECORDED,PENDING,PENDING,,,,,,
6959e948f48b5521,2026-08-31T23:00:00+00:00,2026-08-31T23:00:04.985559+00:00,NZD/USD,H1,NEUTRAL,NZD,USD,-3.3806054664424206e-05,-3.3806054664424206e-05,0.0002412325185441905,-0.0002750385732086147,0.59159,LATE_NY,NOT_TRACKED,NOT_APPLICABLE,NOT_APPLICABLE,,,,,,
9907500d93ac0592,2026-08-31T23:00:00+00:00,2026-08-31T23:00:04.985575+00:00,USD/CAD,H1,NEUTRAL,USD,CAD,-1.4434909384790643e-05,0.0002412325185441905,1.4434909384790643e-05,0.00022679760915939986,1.38551,LATE_NY,NOT_TRACKED,NOT_APPLICABLE,NOT_APPLICABLE,,,,,,
d63bba5137a875a2,2026-08-31T23:00:00+00:00,2026-08-31T23:00:04.985589+00:00,USD/CHF,H1,LONG,USD,CHF,0.0003835684236574,0.0002412325185441905,-0.0003835684236574,0.0006248009422015905,0.80851,LATE_NY,RECORDED,PENDING,PENDING,,,,,,
7df23f4e98ae6548,2026-08-31T23:00:00+00:00,2026-08-31T23:00:04.985602+00:00,USD/JPY,H1,LONG,USD,JPY,0.000202503950392,0.0002412325185441905,-0.000202503950392,0.00044373646893619046,159.78232,LATE_NY,RECORDED,PENDING,PENDING,,,,,,
2efc4a6632b3e3db,2026-09-01T00:00:00+00:00,2026-09-01T00:00:06.697300+00:00,AUD/USD,H1,LONG,AUD,USD,0.0005023863350917,0.0005023863350917,-0.00025048822269949225,0.0007528745577911923,0.71694,ASIA,RECORDED,PENDING,PENDING,,,,,,
0c999965605ad5d1,2026-09-01T00:00:00+00:00,2026-09-01T00:00:06.697333+00:00,EUR/USD,H1,NEUTRAL,EUR,USD,0.0001463637224599,0.0001463637224599,-0.00025048822269949225,0.00039685194515939225,1.16166,ASIA,NOT_TRACKED,NOT_APPLICABLE,NOT_APPLICABLE,,,,,,
d4d507e1a98e50f6,2026-09-01T00:00:00+00:00,2026-09-01T00:00:06.697353+00:00,GBP/USD,H1,NEUTRAL,GBP,USD,9.596928982722831e-05,9.596928982722831e-05,-0.00025048822269949225,0.00034645751252672055,1.35473,ASIA,NOT_TRACKED,NOT_APPLICABLE,NOT_APPLICABLE,,,,,,
4ab9b4b9347fd9d3,2026-09-01T00:00:00+00:00,2026-09-01T00:00:06.697371+00:00,NZD/USD,H1,LONG,NZD,USD,0.0007437583461518,0.0007437583461518,-0.00025048822269949225,0.0009942465688512923,0.59203,ASIA,RECORDED,PENDING,PENDING,,,,,,
e834ac943872ef1c,2026-09-01T00:00:00+00:00,2026-09-01T00:00:06.697385+00:00,USD/CAD,H1,NEUTRAL,USD,CAD,-0.0001082618203863,-0.00025048822269949225,0.0001082618203863,-0.0003587500430857922,1.38538,ASIA,NOT_TRACKED,NOT_APPLICABLE,NOT_APPLICABLE,,,,,,
52714001286cd8b8,2026-09-01T00:00:00+00:00,2026-09-01T00:00:06.697399+00:00,USD/CHF,H1,NEUTRAL,USD,CHF,-8.658222837919861e-05,-0.00025048822269949225,8.658222837919861e-05,-0.00033707045107869086,0.80841,ASIA,NOT_TRACKED,NOT_APPLICABLE,NOT_APPLICABLE,,,,,,
3e781ed4e3951c79,2026-09-01T00:00:00+00:00,2026-09-01T00:00:06.697413+00:00,USD/JPY,H1,NEUTRAL,USD,JPY,-7.009581660031859e-05,-0.00025048822269949225,7.009581660031859e-05,-0.00032058403929981086,159.77009,ASIA,NOT_TRACKED,NOT_APPLICABLE,NOT_APPLICABLE,,,,,,
74eb57cad2fcc7ad,2026-09-01T07:00:00+00:00,2026-09-01T07:00:06.768558+00:00,AUD/USD,H1,SHORT,AUD,USD,-0.0008367967420714,-0.0008367967420714,0.00044184367618307137,-0.0012786404182544714,0.71642,LONDON,RECORDED,PENDING,PENDING,,,,,,
7fc89df997163d2d,2026-09-01T07:00:00+00:00,2026-09-01T07:00:06.768584+00:00,EUR/USD,H1,SHORT,EUR,USD,-0.0003531742613489,-0.0003531742613489,0.00044184367618307137,-0.0007950179375319714,1.16049,LONDON,RECORDED,PENDING,PENDING,,,,,,
f6d4a89217058435,2026-09-01T07:00:00+00:00,2026-09-01T07:00:06.768599+00:00,GBP/USD,H1,SHORT,GBP,USD,-0.0004502675770437,-0.0004502675770437,0.00044184367618307137,-0.0008921112532267714,1.35414,LONDON,RECORDED,PENDING,PENDING,,,,,,
beff296179a39185,2026-09-01T07:00:00+00:00,2026-09-01T07:00:06.768612+00:00,NZD/USD,H1,SHORT,NZD,USD,-0.0006429344883595,-0.0006429344883595,0.00044184367618307137,-0.0010847781645425714,0.59066,LONDON,RECORDED,PENDING,PENDING,,,,,,
4a2fdb6cb18266a9,2026-09-01T07:00:00+00:00,2026-09-01T07:00:06.768623+00:00,USD/CAD,H1,LONG,USD,CAD,0.0001298129971657,0.00044184367618307137,-0.0001298129971657,0.0005716566733487714,1.38679,LONDON,RECORDED,PENDING,PENDING,,,,,,
60d0388d7a6468db,2026-09-01T07:00:00+00:00,2026-09-01T07:00:06.768634+00:00,USD/CHF,H1,LONG,USD,CHF,0.000160632645496,0.00044184367618307137,-0.000160632645496,0.0006024763216790714,0.80943,LONDON,RECORDED,PENDING,PENDING,,,,,,
6387e2d48239e643,2026-09-01T07:00:00+00:00,2026-09-01T07:00:06.768644+00:00,USD/JPY,H1,LONG,USD,JPY,0.0005192870217963,0.00044184367618307137,-0.0005192870217963,0.0009611306979793714,159.95607,LONDON,RECORDED,PENDING,PENDING,,,,,,
459ec8980bd92653,2026-09-01T11:00:00+00:00,2026-09-01T11:00:11.835069+00:00,AUD/USD,H1,SHORT,AUD,USD,-0.0001399697665304,-0.0001399697665304,0.000408015172890634,-0.000547984939421034,0.71434,LONDON,RECORDED,PENDING,PENDING,,,,,,
9b9c3cc0f4debc68,2026-09-01T11:00:00+00:00,2026-09-01T11:00:11.835109+00:00,EUR/USD,H1,SHORT,EUR,USD,-0.0002846103425674,-0.0002846103425674,0.000408015172890634,-0.000692625515458034,1.15915,LONDON,RECORDED,PENDING,PENDING,,,,,,
947ca5c55960bd66,2026-09-01T11:00:00+00:00,2026-09-01T11:00:11.835124+00:00,GBP/USD,H1,SHORT,GBP,USD,-0.000546452122671,-0.000546452122671,0.000408015172890634,-0.000954467295561634,1.35345,LONDON,RECORDED,PENDING,PENDING,,,,,,
a456df4242a2ae7a,2026-09-01T11:00:00+00:00,2026-09-01T11:00:11.835136+00:00,NZD/USD,H1,SHORT,NZD,USD,-8.480325644503815e-05,-8.480325644503815e-05,0.000408015172890634,-0.0004928184293356722,0.58955,LONDON,RECORDED,PENDING,PENDING,,,,,,
2bf509c5637ca7b6,2026-09-01T11:00:00+00:00,2026-09-01T11:00:11.835148+00:00,USD/CAD,H1,LONG,USD,CAD,0.00050477735713,0.000408015172890634,-0.00050477735713,0.0009127925300206341,1.38745,LONDON,RECORDED,PENDING,PENDING,,,,,,
b00ffb4f4e29b656,2026-09-01T11:00:00+00:00,2026-09-01T11:00:11.835159+00:00,USD/CHF,H1,LONG,USD,CHF,0.0007162527631303,0.000408015172890634,-0.0007162527631303,0.001124267936020934,0.81035,LONDON,RECORDED,PENDING,PENDING,,,,,,
ad647e70f4ed9747,2026-09-01T11:00:00+00:00,2026-09-01T11:00:11.835170+00:00,USD/JPY,H1,LONG,USD,JPY,0.0005792406017603,0.000408015172890634,-0.0005792406017603,0.000987255774650934,160.11255,LONDON,RECORDED,PENDING,PENDING,,,,,,
b32a1a1ce7b80491,2026-09-01T16:00:00+00:00,2026-09-01T16:00:10.237541+00:00,AUD/USD,H1,LONG,AUD,USD,0.0005591277606932,0.0005591277606932,0.000153183322700122,0.000405944437993078,0.7158,NEW_YORK,RECORDED,PENDING,PENDING,,,,,,
a3a139d4cfe9c08a,2026-09-01T16:00:00+00:00,2026-09-01T16:00:10.237569+00:00,EUR/USD,H1,SHORT,EUR,USD,-0.0005519049343752,-0.0005519049343752,0.000153183322700122,-0.0007050882570753221,1.15898,NEW_YORK,RECORDED,PENDING,PENDING,,,,,,
f91b73b8e1b15ceb,2026-09-01T16:00:00+00:00,2026-09-01T16:00:10.237585+00:00,GBP/USD,H1,SHORT,GBP,USD,-0.0009750404420183,-0.0009750404420183,0.000153183322700122,-0.001128223764718422,1.35247,NEW_YORK,RECORDED,PENDING,PENDING,,,,,,
c1defe3e92d91192,2026-09-01T16:00:00+00:00,2026-09-01T16:00:10.237597+00:00,NZD/USD,H1,SHORT,NZD,USD,-0.0003049503608578,-0.0003049503608578,0.000153183322700122,-0.00045813368355792196,0.59008,NEW_YORK,RECORDED,PENDING,PENDING,,,,,,
1155192d8fb7c056,2026-09-01T16:00:00+00:00,2026-09-01T16:00:10.237609+00:00,USD/CAD,H1,NEUTRAL,USD,CAD,0.0001582392289433,0.000153183322700122,-0.0001582392289433,0.000311422551643422,1.39052,NEW_YORK,NOT_TRACKED,NOT_APPLICABLE,NOT_APPLICABLE,,,,,,
335bc43313e5212e,2026-09-01T16:00:00+00:00,2026-09-01T16:00:10.237620+00:00,USD/CHF,H1,NEUTRAL,USD,CHF,-0.0002831989164563,0.000153183322700122,0.0002831989164563,-0.00013001559375617797,0.81192,NEW_YORK,NOT_TRACKED,NOT_APPLICABLE,NOT_APPLICABLE,,,,,,
b8b5273c65f8103d,2026-09-01T16:00:00+00:00,2026-09-01T16:00:10.237630+00:00,USD/JPY,H1,NEUTRAL,USD,JPY,-7.55250301442458e-05,0.000153183322700122,7.55250301442458e-05,7.76582925558762e-05,160.06729,NEW_YORK,NOT_TRACKED,NOT_APPLICABLE,NOT_APPLICABLE,,,,,,
53a189afb4d1bb66,2026-09-01T18:00:00+00:00,2026-09-01T18:00:13.193123+00:00,AUD/USD,H1,SHORT,AUD,USD,-0.0005733624209878,-0.0005733624209878,0.00021342637843872655,-0.0007867887994265266,0.71467,NEW_YORK,RECORDED,PENDING,PENDING,,,,,,
d7d2c0c32f2980ce,2026-09-01T18:00:00+00:00,2026-09-01T18:00:13.193176+00:00,EUR/USD,H1,NEUTRAL,EUR,USD,7.76786176657778e-05,7.76786176657778e-05,0.00021342637843872655,-0.00013574776077294873,1.15871,NEW_YORK,NOT_TRACKED,NOT_APPLICABLE,NOT_APPLICABLE,,,,,,
3a17eab27e22f8a3,2026-09-01T18:00:00+00:00,2026-09-01T18:00:13.193194+00:00,GBP/USD,H1,NEUTRAL,GBP,USD,-0.0001701724660949,-0.0001701724660949,0.00021342637843872655,-0.00038359884453362654,1.35134,NEW_YORK,NOT_TRACKED,NOT_APPLICABLE,NOT_APPLICABLE,,,,,,
c9dc0c1f834d842b,2026-09-01T18:00:00+00:00,2026-09-01T18:00:13.193208+00:00,NZD/USD,H1,SHORT,NZD,USD,-0.0003054834275241,-0.0003054834275241,0.00021342637843872655,-0.0005189098059628265,0.58905,NEW_YORK,RECORDED,PENDING,PENDING,,,,,,
57be854852f908e0,2026-09-01T18:00:00+00:00,2026-09-01T18:00:13.193219+00:00,USD/CAD,H1,NEUTRAL,USD,CAD,-1.4383315354283368e-05,0.00021342637843872655,1.4383315354283368e-05,0.00019904306308444317,1.39048,NEW_YORK,NOT_TRACKED,NOT_APPLICABLE,NOT_APPLICABLE,,,,,,
19d4da5cd20ac273,2026-09-01T18:00:00+00:00,2026-09-01T18:00:13.193231+00:00,USD/CHF,H1,NEUTRAL,USD,CHF,3.693171326214683e-05,0.00021342637843872655,-3.693171326214683e-05,0.00025035809170087335,0.81234,NEW_YORK,NOT_TRACKED,NOT_APPLICABLE,NOT_APPLICABLE,,,,,,
595d0ee9816a6ee2,2026-09-01T18:00:00+00:00,2026-09-01T18:00:13.193242+00:00,USD/JPY,H1,LONG,USD,JPY,0.0005000965542222,0.00021342637843872655,-0.0005000965542222,0.0007135229326609266,160.24917,NEW_YORK,RECORDED,PENDING,PENDING,,,,,,
aa42f43188abcf4d,2026-09-01T19:00:00+00:00,2026-09-01T19:00:10.284020+00:00,AUD/USD,H1,LONG,AUD,USD,0.0001119397764002,0.0001119397764002,-0.00030328155754333184,0.00041522133394353186,0.71475,NEW_YORK,RECORDED,PENDING,PENDING,,,,,,
5e7af852a44d6d3e,2026-09-01T19:00:00+00:00,2026-09-01T19:00:10.284078+00:00,EUR/USD,H1,LONG,EUR,USD,0.0002416438687183,0.0002416438687183,-0.00030328155754333184,0.0005449254262616318,1.15901,NEW_YORK,RECORDED,PENDING,PENDING,,,,,,
d622860b82327a6e,2026-09-01T19:00:00+00:00,2026-09-01T19:00:10.284101+00:00,GBP/USD,H1,NEUTRAL,GBP,USD,2.220035076552322e-05,2.220035076552322e-05,-0.00030328155754333184,0.0003254819083088551,1.35136,NEW_YORK,NOT_TRACKED,NOT_APPLICABLE,NOT_APPLICABLE,,,,,,
47ec1cc47a8c89fb,2026-09-01T19:00:00+00:00,2026-09-01T19:00:10.284120+00:00,NZD/USD,H1,LONG,NZD,USD,0.0002546429905272,0.0002546429905272,-0.00030328155754333184,0.0005579245480705319,0.58921,NEW_YORK,RECORDED,PENDING,PENDING,,,,,,
62f7990ed2d5e495,2026-09-01T19:00:00+00:00,2026-09-01T19:00:10.284137+00:00,USD/CAD,H1,SHORT,USD,CAD,-0.0007191554238701,-0.00030328155754333184,0.0007191554238701,-0.001022436981413432,1.38952,NEW_YORK,RECORDED,PENDING,PENDING,,,,,,
740fe4476f75d37b,2026-09-01T19:00:00+00:00,2026-09-01T19:00:10.284153+00:00,USD/CHF,H1,SHORT,USD,CHF,-0.000615505822685,-0.00030328155754333184,0.000615505822685,-0.0009187873802283318,0.81184,NEW_YORK,RECORDED,PENDING,PENDING,,,,,,
082a354a4fa26f15,2026-09-01T19:00:00+00:00,2026-09-01T19:00:10.284168+00:00,USD/JPY,H1,SHORT,USD,JPY,-0.000157882669837,-0.00030328155754333184,0.000157882669837,-0.0004611642273803318,160.22028,NEW_YORK,RECORDED,PENDING,PENDING,,,,,,
bf6c93669666c531,2026-09-01T20:00:00+00:00,2026-09-01T20:00:07.932561+00:00,AUD/USD,H1,SHORT,AUD,USD,-0.0005037008017236,-0.0005037008017236,0.00014660004655048435,-0.0006503008482740844,0.71435,NEW_YORK,RECORDED,PENDING,PENDING,,,,,,
0366ecafd727be30,2026-09-01T20:00:00+00:00,2026-09-01T20:00:07.932586+00:00,EUR/USD,H1,NEUTRAL,EUR,USD,8.628053252209616e-06,8.628053252209616e-06,0.00014660004655048435,-0.00013797199329827474,1.15902,NEW_YORK,NOT_TRACKED,NOT_APPLICABLE,NOT_APPLICABLE,,,,,,
081ac690534b5976,2026-09-01T20:00:00+00:00,2026-09-01T20:00:07.932601+00:00,GBP/USD,H1,NEUTRAL,GBP,USD,-0.0001110009324079,-0.0001110009324079,0.00014660004655048435,-0.00025760097895838433,1.35119,NEW_YORK,NOT_TRACKED,NOT_APPLICABLE,NOT_APPLICABLE,,,,,,
db2a353b08949393,2026-09-01T20:00:00+00:00,2026-09-01T20:00:07.932613+00:00,NZD/USD,H1,SHORT,NZD,USD,-0.0004412763068566,-0.0004412763068566,0.00014660004655048435,-0.0005878763534070844,0.58894,NEW_YORK,RECORDED,PENDING,PENDING,,,,,,
49c565eec9173aa4,2026-09-01T20:00:00+00:00,2026-09-01T20:00:07.932624+00:00,USD/CAD,H1,NEUTRAL,USD,CAD,0.0001151526492307,0.00014660004655048435,-0.0001151526492307,0.0002617526957811844,1.38962,NEW_YORK,NOT_TRACKED,NOT_APPLICABLE,NOT_APPLICABLE,,,,,,
3992ef2ca6de84bb,2026-09-01T20:00:00+00:00,2026-09-01T20:00:07.932635+00:00,USD/CHF,H1,NEUTRAL,USD,CHF,-0.0003079538315616,0.00014660004655048435,0.0003079538315616,-0.00016135378501111564,0.81156,NEW_YORK,NOT_TRACKED,NOT_APPLICABLE,NOT_APPLICABLE,,,,,,
168a6ddac7be5eed,2026-09-01T20:00:00+00:00,2026-09-01T20:00:07.932647+00:00,USD/JPY,H1,NEUTRAL,USD,JPY,0.0001716515204484,0.00014660004655048435,-0.0001716515204484,0.00031825156699888434,160.23581,NEW_YORK,NOT_TRACKED,NOT_APPLICABLE,NOT_APPLICABLE,,,,,,
3d4431afad53e810,2026-09-01T21:00:00+00:00,2026-09-01T21:00:15.506393+00:00,AUD/USD,H1,NEUTRAL,AUD,USD,0.0001539904525918,0.0001539904525918,-0.0001571954010123993,0.0003111858536041993,0.71444,LATE_NY,NOT_TRACKED,NOT_APPLICABLE,NOT_APPLICABLE,,,,,,
e1ea1a34531b0f17,2026-09-01T21:00:00+00:00,2026-09-01T21:00:15.506433+00:00,EUR/USD,H1,LONG,EUR,USD,0.000267471958585,0.000267471958585,-0.0001571954010123993,0.00042466735959739927,1.15931,LATE_NY,RECORDED,PENDING,PENDING,,,,,,
649e44a0f211aad0,2026-09-01T21:00:00+00:00,2026-09-01T21:00:15.506452+00:00,GBP/USD,H1,LONG,GBP,USD,0.0003256437013847,0.0003256437013847,-0.0001571954010123993,0.0004828391023970993,1.35161,LATE_NY,RECORDED,PENDING,PENDING,,,,,,
a0d811c0793c4438,2026-09-01T21:00:00+00:00,2026-09-01T21:00:15.506467+00:00,NZD/USD,H1,LONG,NZD,USD,0.0003056338506468,0.0003056338506468,-0.0001571954010123993,0.0004628292516591993,0.58912,LATE_NY,RECORDED,PENDING,PENDING,,,,,,
4bc5524a9b9a309c,2026-09-01T21:00:00+00:00,2026-09-01T21:00:15.506484+00:00,USD/CAD,H1,NEUTRAL,USD,CAD,5.037384589921956e-05,-0.0001571954010123993,-5.037384589921956e-05,-0.00010682155511317973,1.38968,LATE_NY,NOT_TRACKED,NOT_APPLICABLE,NOT_APPLICABLE,,,,,,
cb4db22922f90e01,2026-09-01T21:00:00+00:00,2026-09-01T21:00:15.506506+00:00,USD/CHF,H1,NEUTRAL,USD,CHF,7.393624231378543e-05,-0.0001571954010123993,-7.393624231378543e-05,-8.325915869861386e-05,0.81157,LATE_NY,NOT_TRACKED,NOT_APPLICABLE,NOT_APPLICABLE,,,,,,
6e29ca852139d0ea,2026-09-01T21:00:00+00:00,2026-09-01T21:00:15.506524+00:00,USD/JPY,H1,NEUTRAL,USD,JPY,-0.0001719379320915,-0.0001571954010123993,0.0001719379320915,-0.0003291333331038993,160.20469,LATE_NY,NOT_TRACKED,NOT_APPLICABLE,NOT_APPLICABLE,,,,,,
0dcca4620f89aeef,2026-09-01T21:00:00+00:00,2026-09-01T21:05:06.959538+00:00,AUD/USD,H4,SHORT,AUD,USD,-0.0008390669575432,-0.0008390669575432,-0.00012150561268121384,-0.0007175613448619861,0.71448,LATE_NY,RECORDED,PENDING,PENDING,,,,,,
fa5dd38a5a1c4de7,2026-09-01T21:00:00+00:00,2026-09-01T21:05:06.959565+00:00,EUR/USD,H4,LONG,EUR,USD,0.000586905111253,0.000586905111253,-0.00012150561268121384,0.0007084107239342138,1.1593,LATE_NY,RECORDED,PENDING,PENDING,,,,,,
bb4d6ac2e5f92893,2026-09-01T21:00:00+00:00,2026-09-01T21:05:06.959583+00:00,GBP/USD,H4,NEUTRAL,GBP,USD,4.439281724229676e-05,4.439281724229676e-05,-0.00012150561268121384,0.0001658984299235106,1.35163,LATE_NY,NOT_TRACKED,NOT_APPLICABLE,NOT_APPLICABLE,,,,,,
9f3ef6c5cd537e6e,2026-09-01T21:00:00+00:00,2026-09-01T21:05:06.959597+00:00,NZD/USD,H4,NEUTRAL,NZD,USD,-0.0001697130152911,-0.0001697130152911,-0.00012150561268121384,-4.8207402609886166e-05,0.58913,LATE_NY,NOT_TRACKED,NOT_APPLICABLE,NOT_APPLICABLE,,,,,,
797bbf203b4495e3,2026-09-01T21:00:00+00:00,2026-09-01T21:05:06.959609+00:00,USD/CAD,H4,SHORT,USD,CAD,-0.0005753326141676,-0.00012150561268121384,0.0005753326141676,-0.0006968382268488139,1.3897,LATE_NY,RECORDED,PENDING,PENDING,,,,,,
e1348847a76afa40,2026-09-01T21:00:00+00:00,2026-09-01T21:05:06.959621+00:00,USD/CHF,H4,SHORT,USD,CHF,-0.0008371188339427,-0.00012150561268121384,0.0008371188339427,-0.0009586244466239139,0.81163,LATE_NY,RECORDED,PENDING,PENDING,,,,,,
a83927728d238c95,2026-09-01T21:00:00+00:00,2026-09-01T21:05:06.959633+00:00,USD/JPY,H4,NEUTRAL,USD,JPY,0.0001844301150028,-0.00012150561268121384,-0.0001844301150028,6.292450232158616e-05,160.19861,LATE_NY,NOT_TRACKED,NOT_APPLICABLE,NOT_APPLICABLE,,,,,,
803b1fe327691cd5,2026-09-01T00:00:00+00:00,2026-09-01T21:10:20.769238+00:00,AUD/USD,D1,LONG,AUD,USD,0.0012993182072204,0.0012993182072204,-0.0016902621572954712,0.002989580364515871,0.71669,ASIA,RECORDED,PENDING,PENDING,,,,,,
ec452e229a3d44f9,2026-09-01T00:00:00+00:00,2026-09-01T21:10:20.769268+00:00,EUR/USD,D1,LONG,EUR,USD,0.0031084324865733,0.0031084324865733,-0.0016902621572954712,0.004798694643868771,1.16174,ASIA,RECORDED,PENDING,PENDING,,,,,,
c1bbfbbcefcc1c7b,2026-09-01T00:00:00+00:00,2026-09-01T21:10:20.769283+00:00,GBP/USD,D1,LONG,GBP,USD,0.0011379086126382,0.0011379086126382,-0.0016902621572954712,0.002828170769933671,1.3549,ASIA,RECORDED,PENDING,PENDING,,,,,,
9db984603bb5bc64,2026-09-01T00:00:00+00:00,2026-09-01T21:10:20.769295+00:00,NZD/USD,D1,LONG,NZD,USD,-0.0004054875988374,-0.0004054875988374,-0.0016902621572954712,0.0012847745584580713,0.59164,ASIA,RECORDED,PENDING,PENDING,,,,,,
d42b7e9922d49c8b,2026-09-01T00:00:00+00:00,2026-09-01T21:10:20.769307+00:00,USD/CAD,D1,SHORT,USD,CAD,-0.0037748330085778,-0.0016902621572954712,0.0037748330085778,-0.005465095165873271,1.38554,ASIA,RECORDED,PENDING,PENDING,,,,,,
a709f8fbfd692184,2026-09-01T00:00:00+00:00,2026-09-01T21:10:20.769319+00:00,USD/CHF,D1,SHORT,USD,CHF,-0.0008775073846572,-0.0016902621572954712,0.0008775073846572,-0.0025677695419526712,0.8084,ASIA,RECORDED,PENDING,PENDING,,,,,,
2ebd8da0cb86706d,2026-09-01T00:00:00+00:00,2026-09-01T21:10:20.769330+00:00,USD/JPY,D1,SHORT,USD,JPY,-0.0020393230002388,-0.0016902621572954712,0.0020393230002388,-0.003729585157534271,159.74629,ASIA,RECORDED,PENDING,PENDING,,,,,,
3b9443f28d08cd7c,2026-09-01T22:00:00+00:00,2026-09-01T22:00:11.221700+00:00,AUD/USD,H1,NEUTRAL,AUD,USD,8.39806844425068e-05,8.39806844425068e-05,-3.6104816425077986e-05,0.00012008550086758479,0.71451,LATE_NY,NOT_TRACKED,NOT_APPLICABLE,NOT_APPLICABLE,,,,,,
936646a9a34a8449,2026-09-01T22:00:00+00:00,2026-09-01T22:00:11.221728+00:00,EUR/USD,H1,NEUTRAL,EUR,USD,-0.0001121376014629,-0.0001121376014629,-3.6104816425077986e-05,-7.603278503782201e-05,1.15916,LATE_NY,NOT_TRACKED,NOT_APPLICABLE,NOT_APPLICABLE,,,,,,
8c3359df1bc79966,2026-09-01T22:00:00+00:00,2026-09-01T22:00:11.221743+00:00,GBP/USD,H1,NEUTRAL,GBP,USD,7.398529172399712e-05,7.398529172399712e-05,-3.6104816425077986e-05,0.00011009010814907512,1.35172,LATE_NY,NOT_TRACKED,NOT_APPLICABLE,NOT_APPLICABLE,,,,,,
14202b72fae2226e,2026-09-01T22:00:00+00:00,2026-09-01T22:00:11.221757+00:00,NZD/USD,H1,NEUTRAL,NZD,USD,0.000356463878327,0.000356463878327,-3.6104816425077986e-05,0.000392568694752078,0.58933,LATE_NY,NOT_TRACKED,NOT_APPLICABLE,NOT_APPLICABLE,,,,,,
bba84facd01ebbc3,2026-09-01T22:00:00+00:00,2026-09-01T22:00:11.221767+00:00,USD/CAD,H1,NEUTRAL,USD,CAD,0.0003669883211363,-3.6104816425077986e-05,-0.0003669883211363,0.000330883504711222,1.3902,LATE_NY,NOT_TRACKED,NOT_APPLICABLE,NOT_APPLICABLE,,,,,,
9140d5ee3fa21227,2026-09-01T22:00:00+00:00,2026-09-01T22:00:11.221778+00:00,USD/CHF,H1,NEUTRAL,USD,CHF,2.464389570705801e-05,-3.6104816425077986e-05,-2.464389570705801e-05,-1.1460920718019975e-05,0.81158,LATE_NY,NOT_TRACKED,NOT_APPLICABLE,NOT_APPLICABLE,,,,,,
cbf3762cbb0fe9d3,2026-09-01T22:00:00+00:00,2026-09-01T22:00:11.221789+00:00,USD/JPY,H1,NEUTRAL,USD,JPY,-0.0002420736787883,-3.6104816425077986e-05,0.0002420736787883,-0.000278178495213378,160.16038,LATE_NY,NOT_TRACKED,NOT_APPLICABLE,NOT_APPLICABLE,,,,,,
259ff38cfbddd387,2026-09-01T23:00:00+00:00,2026-09-01T23:00:10.523044+00:00,AUD/USD,H1,NEUTRAL,AUD,USD,0.0002938912602336,0.0002938912602336,-9.962090841024567e-05,0.00039351216864384563,0.71476,LATE_NY,NOT_TRACKED,NOT_APPLICABLE,NOT_APPLICABLE,,,,,,
63a4f1d16977abf5,2026-09-01T23:00:00+00:00,2026-09-01T23:00:10.523073+00:00,EUR/USD,H1,NEUTRAL,EUR,USD,0.0001639089701339,0.0001639089701339,-9.962090841024567e-05,0.00026352987854414567,1.15937,LATE_NY,NOT_TRACKED,NOT_APPLICABLE,NOT_APPLICABLE,,,,,,
70e98bbc3928b982,2026-09-01T23:00:00+00:00,2026-09-01T23:00:10.523088+00:00,GBP/USD,H1,NEUTRAL,GBP,USD,-5.918473033946732e-05,-5.918473033946732e-05,-9.962090841024567e-05,4.043617807077835e-05,1.35162,LATE_NY,NOT_TRACKED,NOT_APPLICABLE,NOT_APPLICABLE,,,,,,
562b4a0b814f024f,2026-09-01T23:00:00+00:00,2026-09-01T23:00:10.523101+00:00,NZD/USD,H1,NEUTRAL,NZD,USD,8.484786777307351e-05,8.484786777307351e-05,-9.962090841024567e-05,0.0001844687761833192,0.58934,LATE_NY,NOT_TRACKED,NOT_APPLICABLE,NOT_APPLICABLE,,,,,,
e0b5e2bf800275f0,2026-09-01T23:00:00+00:00,2026-09-01T23:00:10.523112+00:00,USD/CAD,H1,SHORT,USD,CAD,-0.0004747484193034,-9.962090841024567e-05,0.0004747484193034,-0.0005743693277136456,1.38955,LATE_NY,RECORDED,PENDING,PENDING,,,,,,
28921ddc445bb83c,2026-09-01T23:00:00+00:00,2026-09-01T23:00:10.523123+00:00,USD/CHF,H1,NEUTRAL,USD,CHF,-3.696174459431343e-05,-9.962090841024567e-05,3.696174459431343e-05,-0.0001365826530045591,0.81162,LATE_NY,NOT_TRACKED,NOT_APPLICABLE,NOT_APPLICABLE,,,,,,
6b230011a03c97e5,2026-09-01T23:00:00+00:00,2026-09-01T23:00:10.523134+00:00,USD/JPY,H1,NEUTRAL,USD,JPY,0.0002978271728271,-9.962090841024567e-05,-0.0002978271728271,0.00019820626441685433,160.2077,LATE_NY,NOT_TRACKED,NOT_APPLICABLE,NOT_APPLICABLE,,,,,,
379fb9fe7170a2ff,2026-09-02T00:00:00+00:00,2026-09-02T00:00:15.556191+00:00,AUD/USD,H1,NEUTRAL,AUD,USD,-2.7982203318717295e-05,-2.7982203318717295e-05,4.0626465605389e-06,-3.20448498792562e-05,0.71472,ASIA,NOT_TRACKED,NOT_APPLICABLE,NOT_APPLICABLE,,,,,,
f81ec14d96588c8e,2026-09-02T00:00:00+00:00,2026-09-02T00:00:15.556220+00:00,EUR/USD,H1,NEUTRAL,EUR,USD,-6.900477858098574e-05,-6.900477858098574e-05,4.0626465605389e-06,-7.306742514152464e-05,1.15926,ASIA,NOT_TRACKED,NOT_APPLICABLE,NOT_APPLICABLE,,,,,,
3a93c5bc2b28614c,2026-09-02T00:00:00+00:00,2026-09-02T00:00:15.556237+00:00,GBP/USD,H1,NEUTRAL,GBP,USD,-5.918867128837461e-05,-5.918867128837461e-05,4.0626465605389e-06,-6.325131784891351e-05,1.35153,ASIA,NOT_TRACKED,NOT_APPLICABLE,NOT_APPLICABLE,,,,,,
39c82009caabf330,2026-09-02T00:00:00+00:00,2026-09-02T00:00:15.556250+00:00,NZD/USD,H1,NEUTRAL,NZD,USD,0.0002714947482733,0.0002714947482733,4.0626465605389e-06,0.0002674321017127611,0.58949,ASIA,NOT_TRACKED,NOT_APPLICABLE,NOT_APPLICABLE,,,,,,
663b8f342723573f,2026-09-02T00:00:00+00:00,2026-09-02T00:00:15.556262+00:00,USD/CAD,H1,NEUTRAL,USD,CAD,-7.196626221626508e-05,4.0626465605389e-06,7.196626221626508e-05,-6.790361565572618e-05,1.38944,ASIA,NOT_TRACKED,NOT_APPLICABLE,NOT_APPLICABLE,,,,,,
e9e29e3c1a3f92ff,2026-09-02T00:00:00+00:00,2026-09-02T00:00:15.556275+00:00,USD/CHF,H1,NEUTRAL,USD,CHF,0.0002217786648923,4.0626465605389e-06,-0.0002217786648923,0.0002258413114528389,0.8118,ASIA,NOT_TRACKED,NOT_APPLICABLE,NOT_APPLICABLE,,,,,,
8d7682fb70d23740,2026-09-02T00:00:00+00:00,2026-09-02T00:00:15.556287+00:00,USD/JPY,H1,NEUTRAL,USD,JPY,-6.0547816670402685e-06,4.0626465605389e-06,6.0547816670402685e-06,-1.992135106501368e-06,160.20299,ASIA,NOT_TRACKED,NOT_APPLICABLE,NOT_APPLICABLE,,,,,,
5d026bacf6b66250,2026-09-02T01:00:00+00:00,2026-09-02T01:00:22.707722+00:00,AUD/USD,H1,SHORT,AUD,USD,-0.0008254980971568,-0.0008254980971568,0.0006343963123295715,-0.0014598944094863715,0.71413,ASIA,RECORDED,PENDING,PENDING,,,,,,
b5cbfdfe5931bc7c,2026-09-02T01:00:00+00:00,2026-09-02T01:00:22.707755+00:00,EUR/USD,H1,SHORT,EUR,USD,-0.000733245343892,-0.000733245343892,0.0006343963123295715,-0.0013676416562215716,1.15838,ASIA,RECORDED,PENDING,PENDING,,,,,,
d58434e8032a7377,2026-09-02T01:00:00+00:00,2026-09-02T01:00:22.707770+00:00,GBP/USD,H1,SHORT,GBP,USD,-0.0004957417999126,-0.0004957417999126,0.0006343963123295715,-0.0011301381122421714,1.35084,ASIA,RECORDED,PENDING,PENDING,,,,,,
56a1d012205e85ba,2026-09-02T01:00:00+00:00,2026-09-02T01:00:22.707783+00:00,NZD/USD,H1,SHORT,NZD,USD,-0.0006446359503291,-0.0006446359503291,0.0006343963123295715,-0.0012790322626586715,0.5891,ASIA,RECORDED,PENDING,PENDING,,,,,,
cb2a8302223dee2a,2026-09-02T01:00:00+00:00,2026-09-02T01:00:22.707795+00:00,USD/CAD,H1,LONG,USD,CAD,0.0003742461099996,0.0006343963123295715,-0.0003742461099996,0.0010086424223291713,1.38998,ASIA,RECORDED,PENDING,PENDING,,,,,,
6bec583aaef49cb4,2026-09-02T01:00:00+00:00,2026-09-02T01:00:22.707806+00:00,USD/CHF,H1,LONG,USD,CHF,0.0008499421053927,0.0006343963123295715,-0.0008499421053927,0.0014843384177222715,0.81251,ASIA,RECORDED,PENDING,PENDING,,,,,,
454c9c8d10ebcf1a,2026-09-02T01:00:00+00:00,2026-09-02T01:00:22.707818+00:00,USD/JPY,H1,LONG,USD,JPY,0.0005174647796242,0.0006343963123295715,-0.0005174647796242,0.0011518610919537715,160.28704,ASIA,RECORDED,PENDING,PENDING,,,,,,
1bb40977686fae5d,2026-09-02T01:00:00+00:00,2026-09-02T01:05:34.423907+00:00,AUD/USD,H4,SHORT,AUD,USD,-0.0003919098607321,-0.0003919098607321,0.0005006402885226714,-0.0008925501492547713,0.71417,ASIA,RECORDED,PENDING,PENDING,,,,,,
83d04449683ba812,2026-09-02T01:00:00+00:00,2026-09-02T01:05:34.424572+00:00,EUR/USD,H4,SHORT,EUR,USD,-0.0007245814248375,-0.0007245814248375,0.0005006402885226714,-0.0012252217133601714,1.15845,ASIA,RECORDED,PENDING,PENDING,,,,,,
790e6e537909542c,2026-09-02T01:00:00+00:00,2026-09-02T01:05:34.424616+00:00,GBP/USD,H4,SHORT,GBP,USD,-0.0005696867462747,-0.0005696867462747,0.0005006402885226714,-0.0010703270347973714,1.35085,ASIA,RECORDED,PENDING,PENDING,,,,,,
9643374cd3620e03,2026-09-02T01:00:00+00:00,2026-09-02T01:05:34.424649+00:00,NZD/USD,H4,NEUTRAL,NZD,USD,0.0001018468223792,0.0001018468223792,0.0005006402885226714,-0.00039879346614347136,0.58918,ASIA,NOT_TRACKED,NOT_APPLICABLE,NOT_APPLICABLE,,,,,,
ee9ca12ef9863908,2026-09-02T01:00:00+00:00,2026-09-02T01:05:34.424680+00:00,USD/CAD,H4,LONG,USD,CAD,0.0002230713324553,0.0005006402885226714,-0.0002230713324553,0.0007237116209779713,1.39,ASIA,RECORDED,PENDING,PENDING,,,,,,
79434c3fa50916ee,2026-09-02T01:00:00+00:00,2026-09-02T01:05:34.424714+00:00,USD/CHF,H4,LONG,USD,CHF,0.0011829069939376,0.0005006402885226714,-0.0011829069939376,0.0016835472824602714,0.81252,ASIA,RECORDED,PENDING,PENDING,,,,,,
e65c0bf63293a3a6,2026-09-02T01:00:00+00:00,2026-09-02T01:05:34.424745+00:00,USD/JPY,H4,LONG,USD,JPY,0.0005141724838007,0.0005006402885226714,-0.0005141724838007,0.0010148127723233714,160.28153,ASIA,RECORDED,PENDING,PENDING,,,,,,
6c2bd80948b03233,2026-09-02T02:00:00+00:00,2026-09-02T02:00:11.350115+00:00,AUD/USD,H1,LONG,AUD,USD,0.0007981516488133,0.0007981516488133,0.0002298271002927857,0.0005683245485205143,0.71472,ASIA,RECORDED,PENDING,PENDING,,,,,,
f3d890ad8be5cd39,2026-09-02T02:00:00+00:00,2026-09-02T02:00:11.350152+00:00,EUR/USD,H1,SHORT,EUR,USD,-0.000552476649229,-0.000552476649229,0.0002298271002927857,-0.0007823037495217857,1.15778,ASIA,RECORDED,PENDING,PENDING,,,,,,
7d4e5ea19b34d77b,2026-09-02T02:00:00+00:00,2026-09-02T02:00:11.350169+00:00,GBP/USD,H1,SHORT,GBP,USD,-0.0003701428010926,-0.0003701428010926,0.0002298271002927857,-0.0005999699013853857,1.35033,ASIA,RECORDED,PENDING,PENDING,,,,,,
5ce040b84a7772e1,2026-09-02T02:00:00+00:00,2026-09-02T02:00:11.350183+00:00,NZD/USD,H1,NEUTRAL,NZD,USD,0.0002206606239602,0.0002206606239602,0.0002298271002927857,-9.16647633258572e-06,0.58927,ASIA,NOT_TRACKED,NOT_APPLICABLE,NOT_APPLICABLE,,,,,,
51fb93e20ad76217,2026-09-02T02:00:00+00:00,2026-09-02T02:00:11.350195+00:00,USD/CAD,H1,LONG,USD,CAD,0.0002230280008056,0.0002298271002927857,-0.0002230280008056,0.0004528551010983857,1.39027,ASIA,RECORDED,PENDING,PENDING,,,,,,
01fa81d4c00f83c9,2026-09-02T02:00:00+00:00,2026-09-02T02:00:11.350208+00:00,USD/CHF,H1,LONG,USD,CHF,0.0008246153846153,0.0002298271002927857,-0.0008246153846153,0.0010544424849080857,0.81317,ASIA,RECORDED,PENDING,PENDING,,,,,,
8639c12e41915102,2026-09-02T02:00:00+00:00,2026-09-02T02:00:11.350222+00:00,USD/JPY,H1,LONG,USD,JPY,0.0006573391390805,0.0002298271002927857,-0.0006573391390805,0.0008871662393732857,160.38792,ASIA,RECORDED,PENDING,PENDING,,,,,,
ef4d874974e2de73,2026-09-02T03:00:00+00:00,2026-09-02T03:00:11.198836+00:00,AUD/USD,H1,SHORT,AUD,USD,-0.0005177214658513,-0.0005177214658513,0.0007043344308319143,-0.0012220558966832143,0.7143,ASIA,RECORDED,PENDING,PENDING,,,,,,
eb3ab3d903d285ab,2026-09-02T03:00:00+00:00,2026-09-02T03:00:11.198862+00:00,EUR/USD,H1,NEUTRAL,EUR,USD,0.0003195798820145,0.0003195798820145,0.0007043344308319143,-0.0003847545488174143,1.15814,ASIA,NOT_TRACKED,NOT_APPLICABLE,NOT_APPLICABLE,,,,,,
fc7df96072242ad3,2026-09-02T03:00:00+00:00,2026-09-02T03:00:11.198877+00:00,GBP/USD,H1,SHORT,GBP,USD,0.0002295667113458,0.0002295667113458,0.0007043344308319143,-0.0004747677194861143,1.35068,ASIA,RECORDED,PENDING,PENDING,,,,,,
701a8022b4caa2d7,2026-09-02T03:00:00+00:00,2026-09-02T03:00:11.198891+00:00,NZD/USD,H1,SHORT,NZD,USD,-0.0058037911313998,-0.0058037911313998,0.0007043344308319143,-0.006508125562231714,0.58585,ASIA,RECORDED,PENDING,PENDING,,,,,,
bdd7343cda4eeb72,2026-09-02T03:00:00+00:00,2026-09-02T03:00:11.198903+00:00,USD/CAD,H1,LONG,USD,CAD,0.0005466760656587,0.0007043344308319143,-0.0005466760656587,0.0012510104964906143,1.39098,ASIA,RECORDED,PENDING,PENDING,,,,,,
9aee666c5f14354f,2026-09-02T03:00:00+00:00,2026-09-02T03:00:11.198916+00:00,USD/CHF,H1,NEUTRAL,USD,CHF,-0.0006517622174672,0.0007043344308319143,0.0006517622174672,5.257221336471432e-05,0.81265,ASIA,NOT_TRACKED,NOT_APPLICABLE,NOT_APPLICABLE,,,,,,
e9d776a7c402aa36,2026-09-02T03:00:00+00:00,2026-09-02T03:00:11.198927+00:00,USD/JPY,H1,NEUTRAL,USD,JPY,-0.0007369388362589,0.0007043344308319143,0.0007369388362589,-3.26044054269857e-05,160.26147,ASIA,NOT_TRACKED,NOT_APPLICABLE,NOT_APPLICABLE,,,,,,
cbe6a473b44bb238,2026-09-02T09:00:00+00:00,2026-09-02T09:00:28.274834+00:00,AUD/USD,H1,SHORT,AUD,USD,-0.002141687313652,-0.002141687313652,0.0013524275904641715,-0.0034941149041161712,0.71286,LONDON,RECORDED,PENDING,PENDING,,,,,,
e7f81b057019263c,2026-09-02T09:00:00+00:00,2026-09-02T09:00:28.274863+00:00,EUR/USD,H1,SHORT,EUR,USD,-0.0004145793746761,-0.0004145793746761,0.0013524275904641715,-0.0017670069651402715,1.15732,LONDON,RECORDED,PENDING,PENDING,,,,,,
9948e58e05691c54,2026-09-02T09:00:00+00:00,2026-09-02T09:00:28.274878+00:00,GBP/USD,H1,SHORT,GBP,USD,-0.0006513404289964,-0.0006513404289964,0.0013524275904641715,-0.0020037680194605716,1.35018,LONDON,RECORDED,PENDING,PENDING,,,,,,
895795bc1e3734c3,2026-09-02T09:00:00+00:00,2026-09-02T09:00:28.274889+00:00,NZD/USD,H1,SHORT,NZD,USD,-0.0034305905761676,-0.0034305905761676,0.0013524275904641715,-0.004783018166631772,0.58099,LONDON,RECORDED,PENDING,PENDING,,,,,,
0dc2b5d96b2563a8,2026-09-02T09:00:00+00:00,2026-09-02T09:00:28.274900+00:00,USD/CAD,H1,LONG,USD,CAD,0.000631875233363,0.0013524275904641715,-0.000631875233363,0.0019843028238271717,1.39356,LONDON,RECORDED,PENDING,PENDING,,,,,,
af2c638bdeb67a3a,2026-09-02T09:00:00+00:00,2026-09-02T09:00:28.274913+00:00,USD/CHF,H1,LONG,USD,CHF,0.0013269443420568,0.0013524275904641715,-0.0013269443420568,0.0026793719325209717,0.81498,LONDON,RECORDED,PENDING,PENDING,,,,,,
918ed16d139efb86,2026-09-02T09:00:00+00:00,2026-09-02T09:00:28.274924+00:00,USD/JPY,H1,LONG,USD,JPY,0.0008699758643373,0.0013524275904641715,-0.0008699758643373,0.0022224034548014716,159.84452,LONDON,RECORDED,PENDING,PENDING,,,,,,
607c8d7521b9d900,2026-09-02T09:00:00+00:00,2026-09-02T09:05:12.479442+00:00,AUD/USD,H4,SHORT,AUD,USD,-0.0005888290713324,-0.0005888290713324,0.0007803389729976714,-0.0013691680443300713,0.71286,LONDON,RECORDED,PENDING,PENDING,,,,,,
aa1e09c3dc57ed81,2026-09-02T09:00:00+00:00,2026-09-02T09:05:12.479471+00:00,EUR/USD,H4,SHORT,EUR,USD,-0.0002505161496532,-0.0002505161496532,0.0007803389729976714,-0.0010308551226508715,1.15732,LONDON,RECORDED,PENDING,PENDING,,,,,,
3c2d6264559369d9,2026-09-02T09:00:00+00:00,2026-09-02T09:05:12.479485+00:00,GBP/USD,H4,NEUTRAL,GBP,USD,0.0003704581826802,0.0003704581826802,0.0007803389729976714,-0.00040988079031747135,1.35018,LONDON,NOT_TRACKED,NOT_APPLICABLE,NOT_APPLICABLE,,,,,,
1908fa17ae34b74e,2026-09-02T09:00:00+00:00,2026-09-02T09:05:12.479499+00:00,NZD/USD,H4,SHORT,NZD,USD,-0.0034305905761676,-0.0034305905761676,0.0007803389729976714,-0.004210929549165271,0.58099,LONDON,RECORDED,PENDING,PENDING,,,,,,
94080a08bec6579a,2026-09-02T09:00:00+00:00,2026-09-02T09:05:12.479510+00:00,USD/CAD,H4,LONG,USD,CAD,0.0010128218941923,0.0007803389729976714,-0.0010128218941923,0.0017931608671899713,1.39356,LONDON,RECORDED,PENDING,PENDING,,,,,,
ff8bdbf2f461c753,2026-09-02T09:00:00+00:00,2026-09-02T09:05:12.479521+00:00,USD/CHF,H4,LONG,USD,CHF,0.0021395897889922,0.0007803389729976714,-0.0021395897889922,0.0029199287619898714,0.81498,LONDON,RECORDED,PENDING,PENDING,,,,,,
642072b4381bfb6e,2026-09-02T09:00:00+00:00,2026-09-02T09:05:12.479531+00:00,USD/JPY,H4,SHORT,USD,JPY,-0.0015895164866738,0.0007803389729976714,0.0015895164866738,-0.0008091775136761287,159.84452,LONDON,RECORDED,PENDING,PENDING,,,,,,
55f2f48df03f249f,2026-09-02T11:00:00+00:00,2026-09-02T11:00:04.540752+00:00,AUD/USD,H1,LONG,AUD,USD,0.0009967010598722,0.0009967010598722,-0.0002689625649168507,0.0012656636247890508,0.71306,LONDON,RECORDED,PENDING,PENDING,,,,,,
c399d9ebf2fa0467,2026-09-02T11:00:00+00:00,2026-09-02T11:00:04.540778+00:00,EUR/USD,H1,NEUTRAL,EUR,USD,-9.506360619454548e-05,-9.506360619454548e-05,-0.0002689625649168507,0.0001738989587223052,1.15701,LONDON,NOT_TRACKED,NOT_APPLICABLE,NOT_APPLICABLE,,,,,,
7c1af8818519e7e1,2026-09-02T11:00:00+00:00,2026-09-02T11:00:04.540792+00:00,GBP/USD,H1,NEUTRAL,GBP,USD,-0.0004152084939793,-0.0004152084939793,-0.0002689625649168507,-0.0001462459290624493,1.34816,LONDON,NOT_TRACKED,NOT_APPLICABLE,NOT_APPLICABLE,,,,,,
b48001b81b1aafef,2026-09-02T11:00:00+00:00,2026-09-02T11:00:04.540807+00:00,NZD/USD,H1,LONG,NZD,USD,0.0017565007749268,0.0017565007749268,-0.0002689625649168507,0.0020254633398436505,0.58172,LONDON,RECORDED,PENDING,PENDING,,,,,,
6a34b9eea2691b8b,2026-09-02T11:00:00+00:00,2026-09-02T11:00:04.540819+00:00,USD/CAD,H1,SHORT,USD,CAD,-0.0002726535649453,-0.0002689625649168507,0.0002726535649453,-0.0005416161298621507,1.39333,LONDON,RECORDED,PENDING,PENDING,,,,,,
c2e2f1c2c9bb4c0c,2026-09-02T11:00:00+00:00,2026-09-02T11:00:04.540830+00:00,USD/CHF,H1,NEUTRAL,USD,CHF,0.0003067258852108,-0.0002689625649168507,-0.0003067258852108,3.7763320293949306e-05,0.81531,LONDON,NOT_TRACKED,NOT_APPLICABLE,NOT_APPLICABLE,,,,,,
daf9ba99710dcaa5,2026-09-02T11:00:00+00:00,2026-09-02T11:00:04.540840+00:00,USD/JPY,H1,NEUTRAL,USD,JPY,0.0003261194599417,-0.0002689625649168507,-0.0003261194599417,5.715689502484931e-05,159.90153,LONDON,NOT_TRACKED,NOT_APPLICABLE,NOT_APPLICABLE,,,,,,
7fcd7f27813c576d,2026-09-02T12:00:00+00:00,2026-09-02T12:00:05.122541+00:00,AUD/USD,H1,LONG,AUD,USD,0.0018510727808162,0.0018510727808162,-0.0009948340316702144,0.0028459068124864146,0.71442,LONDON_NY_OVERLAP,RECORDED,PENDING,PENDING,,,,,,
1971b2f5701da1bf,2026-09-02T12:00:00+00:00,2026-09-02T12:00:05.122566+00:00,EUR/USD,H1,LONG,EUR,USD,0.0005012834585101,0.0005012834585101,-0.0009948340316702144,0.0014961174901803145,1.15761,LONDON_NY_OVERLAP,RECORDED,PENDING,PENDING,,,,,,
49ebbdf4b725dcb8,2026-09-02T12:00:00+00:00,2026-09-02T12:00:05.122580+00:00,GBP/USD,H1,LONG,GBP,USD,0.0002596111766319,0.0002596111766319,-0.0009948340316702144,0.0012544452083021144,1.34852,LONDON_NY_OVERLAP,RECORDED,PENDING,PENDING,,,,,,
936d3e1945dc8b62,2026-09-02T12:00:00+00:00,2026-09-02T12:00:05.122592+00:00,NZD/USD,H1,LONG,NZD,USD,0.0014784761380827,0.0014784761380827,-0.0009948340316702144,0.0024733101697529142,0.58254,LONDON_NY_OVERLAP,RECORDED,PENDING,PENDING,,,,,,
680976c2fb83ca3d,2026-09-02T12:00:00+00:00,2026-09-02T12:00:05.122603+00:00,USD/CAD,H1,SHORT,USD,CAD,-0.0002799210479096,-0.0009948340316702144,0.0002799210479096,-0.0012747550795798143,1.39286,LONDON_NY_OVERLAP,RECORDED,PENDING,PENDING,,,,,,
403ae565fc8c4551,2026-09-02T12:00:00+00:00,2026-09-02T12:00:05.122614+00:00,USD/CHF,H1,SHORT,USD,CHF,-0.0010303335091442,-0.0009948340316702144,0.0010303335091442,-0.0020251675408144145,0.81443,LONDON_NY_OVERLAP,RECORDED,PENDING,PENDING,,,,,,
435d2e8e3690ded4,2026-09-02T12:00:00+00:00,2026-09-02T12:00:05.122624+00:00,USD/JPY,H1,SHORT,USD,JPY,-0.0015631401105968,-0.0009948340316702144,0.0015631401105968,-0.0025579741422670143,159.65893,LONDON_NY_OVERLAP,RECORDED,PENDING,PENDING,,,,,,
b73962cbf86eb9d3,2026-09-02T13:00:00+00:00,2026-09-02T13:00:10.249803+00:00,AUD/USD,H1,LONG,AUD,USD,0.0004899078973152,0.0004899078973152,4.208010106999992e-06,0.00048569988720820005,0.71477,LONDON_NY_OVERLAP,RECORDED,PENDING,PENDING,,,,,,
9b112816b8153ba1,2026-09-02T13:00:00+00:00,2026-09-02T13:00:10.249842+00:00,EUR/USD,H1,NEUTRAL,EUR,USD,0.0001814051121688,0.0001814051121688,4.208010106999992e-06,0.00017719710206180002,1.15784,LONDON_NY_OVERLAP,NOT_TRACKED,NOT_APPLICABLE,NOT_APPLICABLE,,,,,,
33fe78a9d523ac9d,2026-09-02T13:00:00+00:00,2026-09-02T13:00:10.249859+00:00,GBP/USD,H1,SHORT,GBP,USD,-0.0006155352189969,-0.0006155352189969,4.208010106999992e-06,-0.0006197432291039,1.34759,LONDON_NY_OVERLAP,RECORDED,PENDING,PENDING,,,,,,
380a8e8f56cef5bb,2026-09-02T13:00:00+00:00,2026-09-02T13:00:10.249871+00:00,NZD/USD,H1,SHORT,NZD,USD,-0.0006866599145107,-0.0006866599145107,4.208010106999992e-06,-0.0006908679246177,0.58213,LONDON_NY_OVERLAP,RECORDED,PENDING,PENDING,,,,,,
e3d44fb037e648b0,2026-09-02T13:00:00+00:00,2026-09-02T13:00:10.249882+00:00,USD/CAD,H1,SHORT,USD,CAD,-0.0008400284317316,4.208010106999992e-06,0.0008400284317316,-0.0008358204216246,1.39164,LONDON_NY_OVERLAP,RECORDED,PENDING,PENDING,,,,,,
115c6eca7a6946e7,2026-09-02T13:00:00+00:00,2026-09-02T13:00:10.249893+00:00,USD/CHF,H1,LONG,USD,CHF,0.0004911410434292,4.208010106999992e-06,-0.0004911410434292,0.0004953490535362,0.81483,LONDON_NY_OVERLAP,RECORDED,PENDING,PENDING,,,,,,
18150110395ff84c,2026-09-02T13:00:00+00:00,2026-09-02T13:00:10.249904+00:00,USD/JPY,H1,NEUTRAL,USD,JPY,-0.0002525386649722,4.208010106999992e-06,0.0002525386649722,-0.0002483306548652,159.6184,LONDON_NY_OVERLAP,NOT_TRACKED,NOT_APPLICABLE,NOT_APPLICABLE,,,,,,
40b36040234916be,2026-09-02T13:00:00+00:00,2026-09-02T13:05:05.158718+00:00,AUD/USD,H4,LONG,AUD,USD,0.0027355367263341,0.0027355367263341,-0.000823021336493431,0.003558558062827531,0.71479,LONDON_NY_OVERLAP,RECORDED,PENDING,PENDING,,,,,,
376be02041b81d4d,2026-09-02T13:00:00+00:00,2026-09-02T13:05:05.158785+00:00,EUR/USD,H4,LONG,EUR,USD,0.0004233773415359,0.0004233773415359,-0.000823021336493431,0.0012463986780293312,1.15785,LONDON_NY_OVERLAP,RECORDED,PENDING,PENDING,,,,,,
d2fdc983007f87bc,2026-09-02T13:00:00+00:00,2026-09-02T13:05:05.158817+00:00,GBP/USD,H4,SHORT,GBP,USD,-0.0020070654629211,-0.0020070654629211,-0.000823021336493431,-0.001184044126427669,1.34752,LONDON_NY_OVERLAP,RECORDED,PENDING,PENDING,,,,,,
b0e2c87c6820680e,2026-09-02T13:00:00+00:00,2026-09-02T13:05:05.158835+00:00,NZD/USD,H4,LONG,NZD,USD,0.0017382624259946,0.0017382624259946,-0.000823021336493431,0.002561283762488031,0.58205,LONDON_NY_OVERLAP,RECORDED,PENDING,PENDING,,,,,,
3adddd45974b81db,2026-09-02T13:00:00+00:00,2026-09-02T13:05:05.158850+00:00,USD/CAD,H4,SHORT,USD,CAD,-0.0013705805951621,-0.000823021336493431,0.0013705805951621,-0.0021936019316555313,1.39166,LONDON_NY_OVERLAP,RECORDED,PENDING,PENDING,,,,,,
a1708d91ff23b52d,2026-09-02T13:00:00+00:00,2026-09-02T13:05:05.158865+00:00,USD/CHF,H4,SHORT,USD,CHF,-7.362414872071781e-05,-0.000823021336493431,7.362414872071781e-05,-0.0008966454852141489,0.81489,LONDON_NY_OVERLAP,RECORDED,PENDING,PENDING,,,,,,
001300d25006833e,2026-09-02T13:00:00+00:00,2026-09-02T13:05:05.158883+00:00,USD/JPY,H4,SHORT,USD,JPY,-0.0014268335806277,-0.000823021336493431,0.0014268335806277,-0.002249854917121131,159.60838,LONDON_NY_OVERLAP,RECORDED,PENDING,PENDING,,,,,,
ba1f98494c2afacf,2026-09-02T14:00:00+00:00,2026-09-02T14:00:08.671207+00:00,AUD/USD,H1,LONG,AUD,USD,0.0031756690589109,0.0031756690589109,-0.0035201699516850715,0.0066958390105959715,0.71708,LONDON_NY_OVERLAP,RECORDED,PENDING,PENDING,,,,,,
853deb2db0aa011b,2026-09-02T14:00:00+00:00,2026-09-02T14:00:08.671240+00:00,EUR/USD,H1,LONG,EUR,USD,0.0021418454416692,0.0021418454416692,-0.0035201699516850715,0.005662015393354272,1.16036,LONDON_NY_OVERLAP,RECORDED,PENDING,PENDING,,,,,,
628c1e536bcb4fc5,2026-09-02T14:00:00+00:00,2026-09-02T14:00:08.671256+00:00,GBP/USD,H1,LONG,GBP,USD,0.002396907025238,0.002396907025238,-0.0035201699516850715,0.005917076976923071,1.3508,LONDON_NY_OVERLAP,RECORDED,PENDING,PENDING,,,,,,
a8c66d9c3938e0ba,2026-09-02T14:00:00+00:00,2026-09-02T14:00:08.671268+00:00,NZD/USD,H1,LONG,NZD,USD,0.0037450609860849,0.0037450609860849,-0.0035201699516850715,0.007265230937769972,0.58428,LONDON_NY_OVERLAP,RECORDED,PENDING,PENDING,,,,,,
a081f76b285ec3d6,2026-09-02T14:00:00+00:00,2026-09-02T14:00:08.671280+00:00,USD/CAD,H1,SHORT,USD,CAD,-0.0029893432786484,-0.0035201699516850715,0.0029893432786484,-0.006509513230333472,1.38745,LONDON_NY_OVERLAP,RECORDED,PENDING,PENDING,,,,,,
4a6855ed3cdd3aa9,2026-09-02T14:00:00+00:00,2026-09-02T14:00:08.671292+00:00,USD/CHF,H1,SHORT,USD,CHF,-0.0033993986623304,-0.0035201699516850715,0.0033993986623304,-0.006919568614015471,0.81208,LONDON_NY_OVERLAP,RECORDED,PENDING,PENDING,,,,,,
e7f6d64988b0c873,2026-09-02T14:00:00+00:00,2026-09-02T14:00:08.671303+00:00,USD/JPY,H1,SHORT,USD,JPY,-0.0067929652089137,-0.0035201699516850715,0.0067929652089137,-0.010313135160598771,158.52648,LONDON_NY_OVERLAP,RECORDED,PENDING,PENDING,,,,,,
cbbd21d8e971ee86,2026-09-02T17:00:00+00:00,2026-09-02T17:00:07.400924+00:00,AUD/USD,H1,NEUTRAL,AUD,USD,-5.57911180540616e-05,-5.57911180540616e-05,3.422238631620355e-05,-9.001350437026515e-05,0.71692,NEW_YORK,NOT_TRACKED,NOT_APPLICABLE,NOT_APPLICABLE,,,,,,
6386b5797fa4aeb2,2026-09-02T17:00:00+00:00,2026-09-02T17:00:07.400952+00:00,EUR/USD,H1,NEUTRAL,EUR,USD,-0.0002760381622758,-0.0002760381622758,3.422238631620355e-05,-0.00031026054859200356,1.15894,NEW_YORK,NOT_TRACKED,NOT_APPLICABLE,NOT_APPLICABLE,,,,,,
d7f8e8efa72cce0c,2026-09-02T17:00:00+00:00,2026-09-02T17:00:07.400967+00:00,GBP/USD,H1,NEUTRAL,GBP,USD,-0.0002814731415364,-0.0002814731415364,3.422238631620355e-05,-0.0003156955278526036,1.34966,NEW_YORK,NOT_TRACKED,NOT_APPLICABLE,NOT_APPLICABLE,,,,,,
3b35dddd545a8ab3,2026-09-02T17:00:00+00:00,2026-09-02T17:00:07.400980+00:00,NZD/USD,H1,NEUTRAL,NZD,USD,0.0001539435198331,0.0001539435198331,3.422238631620355e-05,0.00011972113351689643,0.58472,NEW_YORK,NOT_TRACKED,NOT_APPLICABLE,NOT_APPLICABLE,,,,,,
4880ce624bca92db,2026-09-02T17:00:00+00:00,2026-09-02T17:00:07.400992+00:00,USD/CAD,H1,NEUTRAL,USD,CAD,-0.0004187544221911,3.422238631620355e-05,0.0004187544221911,-0.0003845320358748964,1.38448,NEW_YORK,NOT_TRACKED,NOT_APPLICABLE,NOT_APPLICABLE,,,,,,
ea5afa037f6d2ae8,2026-09-02T17:00:00+00:00,2026-09-02T17:00:07.401003+00:00,USD/CHF,H1,NEUTRAL,USD,CHF,-7.379710715333683e-05,3.422238631620355e-05,7.379710715333683e-05,-3.957472083713328e-05,0.81298,NEW_YORK,NOT_TRACKED,NOT_APPLICABLE,NOT_APPLICABLE,,,,,,
1cfe3fab0c3b8cbe,2026-09-02T17:00:00+00:00,2026-09-02T17:00:07.401014+00:00,USD/JPY,H1,NEUTRAL,USD,JPY,0.0002727493315247,3.422238631620355e-05,-0.0002727493315247,0.0003069717178409036,158.8338,NEW_YORK,NOT_TRACKED,NOT_APPLICABLE,NOT_APPLICABLE,,,,,,
22cdf169d119a732,2026-09-02T17:00:00+00:00,2026-09-02T17:05:05.436206+00:00,AUD/USD,H4,LONG,AUD,USD,0.0029098641597068,0.0029098641597068,-0.003112294050342871,0.006022158210049672,0.71689,NEW_YORK,RECORDED,PENDING,PENDING,,,,,,
3ae3ff4bda0d04d8,2026-09-02T17:00:00+00:00,2026-09-02T17:05:05.436238+00:00,EUR/USD,H4,LONG,EUR,USD,0.0008722838290668,0.0008722838290668,-0.003112294050342871,0.003984577879409671,1.15889,NEW_YORK,RECORDED,PENDING,PENDING,,,,,,
c84853af37590eb4,2026-09-02T17:00:00+00:00,2026-09-02T17:05:05.436253+00:00,GBP/USD,H4,LONG,GBP,USD,0.0014841529568037,0.0014841529568037,-0.003112294050342871,0.0045964470071465716,1.34957,NEW_YORK,RECORDED,PENDING,PENDING,,,,,,
c4d723d202768fcb,2026-09-02T17:00:00+00:00,2026-09-02T17:05:05.436266+00:00,NZD/USD,H4,LONG,NZD,USD,0.004363511424154,0.004363511424154,-0.003112294050342871,0.007475805474496871,0.58464,NEW_YORK,RECORDED,PENDING,PENDING,,,,,,
5efb0043096c09f9,2026-09-02T17:00:00+00:00,2026-09-02T17:05:05.436278+00:00,USD/CAD,H4,SHORT,USD,CAD,-0.005058888625405,-0.003112294050342871,0.005058888625405,-0.00817118267574787,1.38457,NEW_YORK,RECORDED,PENDING,PENDING,,,,,,
58a2031109807391,2026-09-02T17:00:00+00:00,2026-09-02T17:05:05.436289+00:00,USD/CHF,H4,SHORT,USD,CHF,-0.0021599067313002,-0.003112294050342871,0.0021599067313002,-0.005272200781643071,0.81309,NEW_YORK,RECORDED,PENDING,PENDING,,,,,,
dc9b808c3c75d3e2,2026-09-02T17:00:00+00:00,2026-09-02T17:05:05.436300+00:00,USD/JPY,H4,SHORT,USD,JPY,-0.0049374506259636,-0.003112294050342871,0.0049374506259636,-0.00804974467630647,158.82264,NEW_YORK,RECORDED,PENDING,PENDING,,,,,,
1c2e0196134c404b,2026-09-02T18:00:00+00:00,2026-09-02T18:00:06.133883+00:00,AUD/USD,H1,NEUTRAL,AUD,USD,0.0001394914143034,0.0001394914143034,0.00013482987362275784,4.661540680642146e-06,0.71699,NEW_YORK,NOT_TRACKED,NOT_APPLICABLE,NOT_APPLICABLE,,,,,,
4dd0ac76bdd60709,2026-09-02T18:00:00+00:00,2026-09-02T18:00:06.133912+00:00,EUR/USD,H1,NEUTRAL,EUR,USD,-5.1772786497804856e-05,-5.1772786497804856e-05,0.00013482987362275784,-0.0001866026601205627,1.15885,NEW_YORK,NOT_TRACKED,NOT_APPLICABLE,NOT_APPLICABLE,,,,,,
0e2a029f9b60a073,2026-09-02T18:00:00+00:00,2026-09-02T18:00:06.133928+00:00,GBP/USD,H1,SHORT,GBP,USD,-0.0006075829313653,-0.0006075829313653,0.00013482987362275784,-0.0007424128049880579,1.34879,NEW_YORK,RECORDED,PENDING,PENDING,,,,,,
bc6c09754d95bdaa,2026-09-02T18:00:00+00:00,2026-09-02T18:00:06.133941+00:00,NZD/USD,H1,NEUTRAL,NZD,USD,-0.0001026219918929,-0.0001026219918929,0.00013482987362275784,-0.00023745186551565786,0.58461,NEW_YORK,NOT_TRACKED,NOT_APPLICABLE,NOT_APPLICABLE,,,,,,
8353818680a689b5,2026-09-02T18:00:00+00:00,2026-09-02T18:00:06.133952+00:00,USD/CAD,H1,NEUTRAL,USD,CAD,-0.0001877880017913,0.00013482987362275784,0.0001877880017913,-5.295812816854216e-05,1.38428,NEW_YORK,NOT_TRACKED,NOT_APPLICABLE,NOT_APPLICABLE,,,,,,
826fe6a035a47a8f,2026-09-02T18:00:00+00:00,2026-09-02T18:00:06.133986+00:00,USD/CHF,H1,NEUTRAL,USD,CHF,0.0001475923989913,0.00013482987362275784,-0.0001475923989913,0.00028242227261405785,0.81317,NEW_YORK,NOT_TRACKED,NOT_APPLICABLE,NOT_APPLICABLE,,,,,,
f52274b90e8b3b35,2026-09-02T18:00:00+00:00,2026-09-02T18:00:06.134000+00:00,USD/JPY,H1,LONG,USD,JPY,0.0003615184227067,0.00013482987362275784,-0.0003615184227067,0.0004963482963294579,158.8875,NEW_YORK,RECORDED,PENDING,PENDING,,,,,,
690778933a141ff6,2026-09-02T20:00:00+00:00,2026-09-02T20:00:08.305333+00:00,AUD/USD,H1,LONG,AUD,USD,0.0002511090650371,0.0002511090650371,-0.0003882112293445094,0.0006393202943816094,0.717,NEW_YORK,RECORDED,PENDING,PENDING,,,,,,
fbc9b74d449b61fa,2026-09-02T20:00:00+00:00,2026-09-02T20:00:08.305363+00:00,EUR/USD,H1,LONG,EUR,USD,0.0001294721850589,0.0001294721850589,-0.0003882112293445094,0.0005176834144034094,1.1587,NEW_YORK,RECORDED,PENDING,PENDING,,,,,,
a1fb03c9db216d2a,2026-09-02T20:00:00+00:00,2026-09-02T20:00:08.305380+00:00,GBP/USD,H1,LONG,GBP,USD,8.897918628526577e-05,8.897918628526577e-05,-0.0003882112293445094,0.0004771904156297751,1.34875,NEW_YORK,RECORDED,PENDING,PENDING,,,,,,
480b067f5adcf597,2026-09-02T20:00:00+00:00,2026-09-02T20:00:08.305394+00:00,NZD/USD,H1,LONG,NZD,USD,0.0007697439318521,0.0007697439318521,-0.0003882112293445094,0.0011579551611966095,0.58506,NEW_YORK,RECORDED,PENDING,PENDING,,,,,,
a630a801cc02dda9,2026-09-02T20:00:00+00:00,2026-09-02T20:00:08.305408+00:00,USD/CAD,H1,SHORT,USD,CAD,-0.0001589514981177,-0.0003882112293445094,0.0001589514981177,-0.0005471627274622094,1.38385,NEW_YORK,RECORDED,PENDING,PENDING,,,,,,
8ad82ded33bedf09,2026-09-02T20:00:00+00:00,2026-09-02T20:00:08.305420+00:00,USD/CHF,H1,SHORT,USD,CHF,-0.0004426302070526,-0.0003882112293445094,0.0004426302070526,-0.0008308414363971093,0.81296,NEW_YORK,RECORDED,PENDING,PENDING,,,,,,
9dc2185b599c27c3,2026-09-02T20:00:00+00:00,2026-09-02T20:00:08.305431+00:00,USD/JPY,H1,SHORT,USD,JPY,-0.0008765925320079,-0.0003882112293445094,0.0008765925320079,-0.0012648037613524094,158.80567,NEW_YORK,RECORDED,PENDING,PENDING,,,,,,
5b78f808851938b2,2026-09-02T21:00:00+00:00,2026-09-02T21:00:05.928943+00:00,AUD/USD,H1,NEUTRAL,AUD,USD,-4.1841004184064846e-05,-4.1841004184064846e-05,2.493484951823814e-05,-6.677585370230298e-05,0.71697,LATE_NY,NOT_TRACKED,NOT_APPLICABLE,NOT_APPLICABLE,,,,,,
5af072c395a97b80,2026-09-02T21:00:00+00:00,2026-09-02T21:00:05.928975+00:00,EUR/USD,H1,NEUTRAL,EUR,USD,7.76732545092979e-05,7.76732545092979e-05,2.493484951823814e-05,5.273840499105976e-05,1.15879,LATE_NY,NOT_TRACKED,NOT_APPLICABLE,NOT_APPLICABLE,,,,,,
de260cc73af4f7f0,2026-09-02T21:00:00+00:00,2026-09-02T21:00:05.928992+00:00,GBP/USD,H1,NEUTRAL,GBP,USD,-0.0001334549255989,-0.0001334549255989,2.493484951823814e-05,-0.00015838977511713814,1.34859,LATE_NY,NOT_TRACKED,NOT_APPLICABLE,NOT_APPLICABLE,,,,,,
9ec2b23297d74142,2026-09-02T21:00:00+00:00,2026-09-02T21:00:05.929015+00:00,NZD/USD,H1,NEUTRAL,NZD,USD,0.0,0.0,2.493484951823814e-05,-2.493484951823814e-05,0.58507,LATE_NY,NOT_TRACKED,NOT_APPLICABLE,NOT_APPLICABLE,,,,,,
5d342e23b674d5a4,2026-09-02T21:00:00+00:00,2026-09-02T21:00:05.929030+00:00,USD/CAD,H1,LONG,USD,CAD,0.000476940642569,2.493484951823814e-05,-0.000476940642569,0.0005018754920872381,1.38448,LATE_NY,RECORDED,PENDING,PENDING,,,,,,
8e67e1ab4c566577,2026-09-02T21:00:00+00:00,2026-09-02T21:00:05.929043+00:00,USD/CHF,H1,NEUTRAL,USD,CHF,0.0,2.493484951823814e-05,0.0,2.493484951823814e-05,0.81295,LATE_NY,NOT_TRACKED,NOT_APPLICABLE,NOT_APPLICABLE,,,,,,
2c33b01a5d883f8b,2026-09-02T21:00:00+00:00,2026-09-02T21:00:05.929056+00:00,USD/JPY,H1,NEUTRAL,USD,JPY,-0.000400019371215,2.493484951823814e-05,0.000400019371215,-0.00037508452169676183,158.72879,LATE_NY,NOT_TRACKED,NOT_APPLICABLE,NOT_APPLICABLE,,,,,,
5d0e34b0a353ff64,2026-09-02T21:00:00+00:00,2026-09-02T21:05:03.756230+00:00,AUD/USD,H4,NEUTRAL,AUD,USD,0.0001673896971641,0.0001673896971641,-9.75910115225352e-05,0.0002649807086866352,0.71701,LATE_NY,NOT_TRACKED,NOT_APPLICABLE,NOT_APPLICABLE,,,,,,
e6d7358cbc389065,2026-09-02T21:00:00+00:00,2026-09-02T21:05:03.756256+00:00,EUR/USD,H4,NEUTRAL,EUR,USD,-6.040158424727933e-05,-6.040158424727933e-05,-9.75910115225352e-05,3.7189427275255866e-05,1.15884,LATE_NY,NOT_TRACKED,NOT_APPLICABLE,NOT_APPLICABLE,,,,,,
0303337b87d3ea15,2026-09-02T21:00:00+00:00,2026-09-02T21:05:03.756273+00:00,GBP/USD,H4,SHORT,GBP,USD,-0.0008891457532174,-0.0008891457532174,-9.75910115225352e-05,-0.0007915547416948648,1.34841,LATE_NY,RECORDED,PENDING,PENDING,,,,,,
704218ad7a065546,2026-09-02T21:00:00+00:00,2026-09-02T21:05:03.756287+00:00,NZD/USD,H4,LONG,NZD,USD,0.0007012502779345,0.0007012502779345,-9.75910115225352e-05,0.0007988412894570352,0.58508,LATE_NY,RECORDED,PENDING,PENDING,,,,,,
f61edff8fa7d1812,2026-09-02T21:00:00+00:00,2026-09-02T21:05:03.756300+00:00,USD/CAD,H4,NEUTRAL,USD,CAD,-2.8890461814060988e-05,-9.75910115225352e-05,2.8890461814060988e-05,-0.0001264814733365962,1.3845,LATE_NY,NOT_TRACKED,NOT_APPLICABLE,NOT_APPLICABLE,,,,,,
ed8b260787c98afb,2026-09-02T21:00:00+00:00,2026-09-02T21:05:03.756313+00:00,USD/CHF,H4,NEUTRAL,USD,CHF,-8.609556607836479e-05,-9.75910115225352e-05,8.609556607836479e-05,-0.0001836865776009,0.81298,LATE_NY,NOT_TRACKED,NOT_APPLICABLE,NOT_APPLICABLE,,,,,,
10b1120e5cd06127,2026-09-02T21:00:00+00:00,2026-09-02T21:05:03.756325+00:00,USD/JPY,H4,SHORT,USD,JPY,-0.0006490584151314,-9.75910115225352e-05,0.0006490584151314,-0.0007466494266539351,158.72699,LATE_NY,RECORDED,PENDING,PENDING,,,,,,
b83610bd5f752e49,2026-09-02T00:00:00+00:00,2026-09-02T21:10:15.236849+00:00,AUD/USD,D1,SHORT,AUD,USD,-0.0030418887617558,-0.0030418887617558,0.0030718744702006857,-0.006113763231956486,0.71448,ASIA,RECORDED,PENDING,PENDING,,,,,,
29baf203a3f7ac9e,2026-09-02T00:00:00+00:00,2026-09-02T21:10:15.236879+00:00,EUR/USD,D1,SHORT,EUR,USD,-0.0020659378497029,-0.0020659378497029,0.0030718744702006857,-0.005137812319903586,1.1593,ASIA,RECORDED,PENDING,PENDING,,,,,,
406c96cb5c65bed6,2026-09-02T00:00:00+00:00,2026-09-02T21:10:15.236894+00:00,GBP/USD,D1,SHORT,GBP,USD,-0.0023692834578252,-0.0023692834578252,0.0030718744702006857,-0.005441157928025886,1.35163,ASIA,RECORDED,PENDING,PENDING,,,,,,
7b8e401db5469abf,2026-09-02T00:00:00+00:00,2026-09-02T21:10:15.236906+00:00,NZD/USD,D1,SHORT,NZD,USD,-0.0042087826645481,-0.0042087826645481,0.0030718744702006857,-0.007280657134748786,0.58913,ASIA,RECORDED,PENDING,PENDING,,,,,,
89e4eec24b9f2025,2026-09-02T00:00:00+00:00,2026-09-02T21:10:15.236918+00:00,USD/CAD,D1,LONG,USD,CAD,0.0029807227350476,0.0030718744702006857,-0.0029807227350476,0.006052597205248285,1.3897,ASIA,RECORDED,PENDING,PENDING,,,,,,
7fe6617b750f5f44,2026-09-02T00:00:00+00:00,2026-09-02T21:10:15.236930+00:00,USD/CHF,D1,LONG,USD,CHF,0.0040079664518362,0.0030718744702006857,-0.0040079664518362,0.0070798409220368865,0.81163,ASIA,RECORDED,PENDING,PENDING,,,,,,
7da9a49243a42278,2026-09-02T00:00:00+00:00,2026-09-02T21:10:15.236941+00:00,USD/JPY,D1,LONG,USD,JPY,0.002828539370689,0.0030718744702006857,-0.002828539370689,0.005900413840889686,160.19861,ASIA,RECORDED,PENDING,PENDING,,,,,,
81e9b55f25cefc9a,2026-09-02T23:00:00+00:00,2026-09-02T23:00:05.996696+00:00,AUD/USD,H1,NEUTRAL,AUD,USD,-0.0001673920321392,-0.0001673920321392,6.25351381444307e-05,-0.00022992717028363072,0.71676,LATE_NY,NOT_TRACKED,NOT_APPLICABLE,NOT_APPLICABLE,,,,,,
865c36a1f619bf57,2026-09-02T23:00:00+00:00,2026-09-02T23:00:05.996720+00:00,EUR/USD,H1,NEUTRAL,EUR,USD,-4.314771187673861e-05,-4.314771187673861e-05,6.25351381444307e-05,-0.00010568285002116932,1.15876,LATE_NY,NOT_TRACKED,NOT_APPLICABLE,NOT_APPLICABLE,,,,,,
ef5adb83f805a42d,2026-09-02T23:00:00+00:00,2026-09-02T23:00:05.996734+00:00,GBP/USD,H1,NEUTRAL,GBP,USD,-0.000170551028126,-0.000170551028126,6.25351381444307e-05,-0.00023308616627043072,1.34834,LATE_NY,NOT_TRACKED,NOT_APPLICABLE,NOT_APPLICABLE,,,,,,
75a8de2a76bfdd2a,2026-09-02T23:00:00+00:00,2026-09-02T23:00:05.996746+00:00,NZD/USD,H1,NEUTRAL,NZD,USD,0.00017095478246,0.00017095478246,6.25351381444307e-05,0.00010841964431556929,0.58505,LATE_NY,NOT_TRACKED,NOT_APPLICABLE,NOT_APPLICABLE,,,,,,
68b66b977aecf5be,2026-09-02T23:00:00+00:00,2026-09-02T23:00:05.996756+00:00,USD/CAD,H1,NEUTRAL,USD,CAD,-2.8894426987423705e-05,6.25351381444307e-05,2.8894426987423705e-05,3.3640711157007004e-05,1.38431,LATE_NY,NOT_TRACKED,NOT_APPLICABLE,NOT_APPLICABLE,,,,,,
ea2788adeef4a4c2,2026-09-02T23:00:00+00:00,2026-09-02T23:00:05.996767+00:00,USD/CHF,H1,NEUTRAL,USD,CHF,-0.0002459752302942,6.25351381444307e-05,0.0002459752302942,-0.0001834400921497693,0.81289,LATE_NY,NOT_TRACKED,NOT_APPLICABLE,NOT_APPLICABLE,,,,,,
4ec280e871acfa0a,2026-09-02T23:00:00+00:00,2026-09-02T23:00:05.996778+00:00,USD/JPY,H1,LONG,USD,JPY,0.0005024796346107,6.25351381444307e-05,-0.0005024796346107,0.0005650147727551308,158.79265,LATE_NY,RECORDED,PENDING,PENDING,,,,,,
3e98894e6f2d614e,2026-09-03T00:00:00+00:00,2026-09-03T00:00:04.289890+00:00,AUD/USD,H1,SHORT,AUD,USD,-0.0005441075937888,-0.0005441075937888,0.0002983280195147415,-0.0008424356133035415,0.71638,ASIA,RECORDED,PENDING,PENDING,,,,,,
e4af5ec5dc3a2d6f,2026-09-03T00:00:00+00:00,2026-09-03T00:00:04.289922+00:00,EUR/USD,H1,SHORT,EUR,USD,-0.0001812344656172,-0.0001812344656172,0.0002983280195147415,-0.00047956248513194146,1.15851,ASIA,RECORDED,PENDING,PENDING,,,,,,
f9c0382bcc8bd6c5,2026-09-03T00:00:00+00:00,2026-09-03T00:00:04.289938+00:00,GBP/USD,H1,NEUTRAL,GBP,USD,-7.416526988790299e-06,-7.416526988790299e-06,0.0002983280195147415,-0.00030574454650353177,1.34833,ASIA,NOT_TRACKED,NOT_APPLICABLE,NOT_APPLICABLE,,,,,,
c89d1bb3496c8b6d,2026-09-03T00:00:00+00:00,2026-09-03T00:00:04.289950+00:00,NZD/USD,H1,SHORT,NZD,USD,-0.0001025553371505,-0.0001025553371505,0.0002983280195147415,-0.0004008833566652415,0.58499,ASIA,RECORDED,PENDING,PENDING,,,,,,
0f538e9bd23fe8d3,2026-09-03T00:00:00+00:00,2026-09-03T00:00:04.289961+00:00,USD/CAD,H1,LONG,USD,CAD,0.0001227968795145,0.0002983280195147415,-0.0001227968795145,0.0004211248990292415,1.38457,ASIA,RECORDED,PENDING,PENDING,,,,,,
bb4a3d0f51daa550,2026-09-03T00:00:00+00:00,2026-09-03T00:00:04.289972+00:00,USD/CHF,H1,LONG,USD,CHF,0.0002214348981398,0.0002983280195147415,-0.0002214348981398,0.0005197629176545415,0.81306,ASIA,RECORDED,PENDING,PENDING,,,,,,
0ed5e9792f3e45ad,2026-09-03T00:00:00+00:00,2026-09-03T00:00:04.289982+00:00,USD/JPY,H1,LONG,USD,JPY,0.0009087504354036,0.0002983280195147415,-0.0009087504354036,0.0012070784549183416,158.93377,ASIA,RECORDED,PENDING,PENDING,,,,,,
f9f2396b2b1f96e6,2026-09-03T01:00:00+00:00,2026-09-03T01:00:03.923240+00:00,AUD/USD,H1,LONG,AUD,USD,0.0004048243899715,0.0004048243899715,-0.0006383681503050715,0.0010431925402765714,0.71665,ASIA,RECORDED,PENDING,PENDING,,,,,,
37be6e86aaec4d1a,2026-09-03T01:00:00+00:00,2026-09-03T01:00:03.923264+00:00,EUR/USD,H1,LONG,EUR,USD,0.000388423260511,0.000388423260511,-0.0006383681503050715,0.0010267914108160715,1.15898,ASIA,RECORDED,PENDING,PENDING,,,,,,
23f8b5a412e2e195,2026-09-03T01:00:00+00:00,2026-09-03T01:00:03.923278+00:00,GBP/USD,H1,LONG,GBP,USD,0.0004227545798412,0.0004227545798412,-0.0006383681503050715,0.0010611227301462714,1.34887,ASIA,RECORDED,PENDING,PENDING,,,,,,
ef62704760310155,2026-09-03T01:00:00+00:00,2026-09-03T01:00:03.923290+00:00,NZD/USD,H1,LONG,NZD,USD,0.0007691781758511,0.0007691781758511,-0.0006383681503050715,0.0014075463261561715,0.58549,ASIA,RECORDED,PENDING,PENDING,,,,,,
c2b010d8094d1e18,2026-09-03T01:00:00+00:00,2026-09-03T01:00:03.923300+00:00,USD/CAD,H1,SHORT,USD,CAD,-0.0005344696832905,-0.0006383681503050715,0.0005344696832905,-0.0011728378335955714,1.38381,ASIA,RECORDED,PENDING,PENDING,,,,,,
4e0dc637810d2339,2026-09-03T01:00:00+00:00,2026-09-03T01:00:03.923311+00:00,USD/CHF,H1,SHORT,USD,CHF,-0.0004919444102817,-0.0006383681503050715,0.0004919444102817,-0.0011303125605867715,0.8127,ASIA,RECORDED,PENDING,PENDING,,,,,,
8eeeb3a573395846,2026-09-03T01:00:00+00:00,2026-09-03T01:00:03.923321+00:00,USD/JPY,H1,SHORT,USD,JPY,-0.0014569825523885,-0.0006383681503050715,0.0014569825523885,-0.0020953507026935715,158.69965,ASIA,RECORDED,PENDING,PENDING,,,,,,
399215ea871921b0,2026-09-03T01:00:00+00:00,2026-09-03T01:05:04.159394+00:00,AUD/USD,H4,NEUTRAL,AUD,USD,-0.0004463102693203,-0.0004463102693203,-0.0002566194931201714,-0.0001896907762001286,0.71667,ASIA,NOT_TRACKED,NOT_APPLICABLE,NOT_APPLICABLE,,,,,,
fce2eaa85413275c,2026-09-03T01:00:00+00:00,2026-09-03T01:05:04.159415+00:00,EUR/USD,H4,NEUTRAL,EUR,USD,0.0001812188260472,0.0001812188260472,-0.0002566194931201714,0.0004378383191673714,1.15903,ASIA,NOT_TRACKED,NOT_APPLICABLE,NOT_APPLICABLE,,,,,,
d5a3e2d6935be725,2026-09-03T01:00:00+00:00,2026-09-03T01:05:04.159429+00:00,GBP/USD,H4,LONG,GBP,USD,0.000355958975728,0.000355958975728,-0.0002566194931201714,0.0006125784688481713,1.34895,ASIA,RECORDED,PENDING,PENDING,,,,,,
2df8345ed5071cc9,2026-09-03T01:00:00+00:00,2026-09-03T01:05:04.159440+00:00,NZD/USD,H4,LONG,NZD,USD,0.0007862441458995,0.0007862441458995,-0.0002566194931201714,0.0010428636390196714,0.58552,ASIA,RECORDED,PENDING,PENDING,,,,,,
133eda8327ce102a,2026-09-03T01:00:00+00:00,2026-09-03T01:05:04.159452+00:00,USD/CAD,H4,SHORT,USD,CAD,-0.0004405954539216,-0.0002566194931201714,0.0004405954539216,-0.0006972149470417714,1.38388,ASIA,RECORDED,PENDING,PENDING,,,,,,
e31ccbd4a4d217c9,2026-09-03T01:00:00+00:00,2026-09-03T01:05:04.159462+00:00,USD/CHF,H4,SHORT,USD,CHF,-0.0003567211178901,-0.0002566194931201714,0.0003567211178901,-0.0006133406110102714,0.81267,ASIA,RECORDED,PENDING,PENDING,,,,,,
e53b8b47dcdad6d8,2026-09-03T01:00:00+00:00,2026-09-03T01:05:04.159471+00:00,USD/JPY,H4,NEUTRAL,USD,JPY,-0.0001219082016751,-0.0002566194931201714,0.0001219082016751,-0.0003785276947952714,158.70664,ASIA,NOT_TRACKED,NOT_APPLICABLE,NOT_APPLICABLE,,,,,,
2454c85422e12ec3,2026-09-03T02:00:00+00:00,2026-09-03T02:00:04.605037+00:00,AUD/USD,H1,NEUTRAL,AUD,USD,-0.0001953533803112,-0.0001953533803112,5.358135523163512e-06,-0.00020071151583436351,0.71651,ASIA,NOT_TRACKED,NOT_APPLICABLE,NOT_APPLICABLE,,,,,,
ba8482adff41067e,2026-09-03T02:00:00+00:00,2026-09-03T02:00:04.605062+00:00,EUR/USD,H1,NEUTRAL,EUR,USD,-0.0003710062898509,-0.0003710062898509,5.358135523163512e-06,-0.0003763644253740635,1.15858,ASIA,NOT_TRACKED,NOT_APPLICABLE,NOT_APPLICABLE,,,,,,
aa19addb75ebc64b,2026-09-03T02:00:00+00:00,2026-09-03T02:00:04.605076+00:00,GBP/USD,H1,SHORT,GBP,USD,-0.0005411817036102,-0.0005411817036102,5.358135523163512e-06,-0.0005465398391333636,1.34817,ASIA,RECORDED,PENDING,PENDING,,,,,,
9dc042535d2105f5,2026-09-03T02:00:00+00:00,2026-09-03T02:00:04.605088+00:00,NZD/USD,H1,NEUTRAL,NZD,USD,0.0002391118701964,0.0002391118701964,5.358135523163512e-06,0.0002337537346732365,0.58564,ASIA,NOT_TRACKED,NOT_APPLICABLE,NOT_APPLICABLE,,,,,,
4132e9d0d2c9618c,2026-09-03T02:00:00+00:00,2026-09-03T02:00:04.605099+00:00,USD/CAD,H1,NEUTRAL,USD,CAD,-2.167880679845538e-05,5.358135523163512e-06,2.167880679845538e-05,-1.632067127529187e-05,1.38381,ASIA,NOT_TRACKED,NOT_APPLICABLE,NOT_APPLICABLE,,,,,,
d994e75b69e4f130,2026-09-03T02:00:00+00:00,2026-09-03T02:00:04.605111+00:00,USD/CHF,H1,NEUTRAL,USD,CHF,0.0003814633426032,5.358135523163512e-06,-0.0003814633426032,0.0003868214781263635,0.81297,ASIA,NOT_TRACKED,NOT_APPLICABLE,NOT_APPLICABLE,,,,,,
0639fb9700650225,2026-09-03T02:00:00+00:00,2026-09-03T02:00:04.605122+00:00,USD/JPY,H1,SHORT,USD,JPY,-0.0011907070907185,5.358135523163512e-06,0.0011907070907185,-0.0011853489551953366,158.50666,ASIA,RECORDED,PENDING,PENDING,,,,,,
b3a65a11a5b32bb5,2026-09-03T03:00:00+00:00,2026-09-03T03:00:06.127198+00:00,AUD/USD,H1,LONG,AUD,USD,-0.0002512212142359,-0.0002512212142359,-0.0008266292623174572,0.0005754080480815572,0.71632,ASIA,RECORDED,PENDING,PENDING,,,,,,
e70d2df75958f2d3,2026-09-03T03:00:00+00:00,2026-09-03T03:00:06.127227+00:00,EUR/USD,H1,LONG,EUR,USD,0.0005265020412743,0.0005265020412743,-0.0008266292623174572,0.0013531313035917572,1.1592,ASIA,RECORDED,PENDING,PENDING,,,,,,
2aea49426b6f0f2e,2026-09-03T03:00:00+00:00,2026-09-03T03:00:06.127243+00:00,GBP/USD,H1,LONG,GBP,USD,0.0006304936394318,0.0006304936394318,-0.0008266292623174572,0.0014571229017492572,1.349,ASIA,RECORDED,PENDING,PENDING,,,,,,
cef8b6fc536cde2f,2026-09-03T03:00:00+00:00,2026-09-03T03:00:06.127255+00:00,NZD/USD,H1,LONG,NZD,USD,0.0003586188052871,0.0003586188052871,-0.0008266292623174572,0.0011852480676045572,0.58579,ASIA,RECORDED,PENDING,PENDING,,,,,,
444a018c6452df07,2026-09-03T03:00:00+00:00,2026-09-03T03:00:06.127267+00:00,USD/CAD,H1,SHORT,USD,CAD,-0.000448041624512,-0.0008266292623174572,0.000448041624512,-0.0012746708868294572,1.38318,ASIA,RECORDED,PENDING,PENDING,,,,,,
a5dfc3fd245084b3,2026-09-03T03:00:00+00:00,2026-09-03T03:00:06.127279+00:00,USD/CHF,H1,SHORT,USD,CHF,-0.0010209353243622,-0.0008266292623174572,0.0010209353243622,-0.0018475645866796572,0.81215,ASIA,RECORDED,PENDING,PENDING,,,,,,
bb9cf8d77b6eba3c,2026-09-03T03:00:00+00:00,2026-09-03T03:00:06.127289+00:00,USD/JPY,H1,SHORT,USD,JPY,-0.0030530346155907,-0.0008266292623174572,0.0030530346155907,-0.003879663877908157,158.02067,ASIA,RECORDED,PENDING,PENDING,,,,,,
fe23e06a76e80344,2026-09-03T04:00:00+00:00,2026-09-03T04:00:04.762824+00:00,AUD/USD,H1,LONG,AUD,USD,0.0009493229093953,0.0009493229093953,-0.0006033488450944857,0.0015526717544897856,0.71698,ASIA,RECORDED,PENDING,PENDING,,,,,,
9d84ae191fb557d6,2026-09-03T04:00:00+00:00,2026-09-03T04:00:04.762849+00:00,EUR/USD,H1,LONG,EUR,USD,0.0003795688442991,0.0003795688442991,-0.0006033488450944857,0.0009829176893935857,1.15965,ASIA,RECORDED,PENDING,PENDING,,,,,,
ca9996776e3f16e5,2026-09-03T04:00:00+00:00,2026-09-03T04:00:04.762863+00:00,GBP/USD,H1,LONG,GBP,USD,0.0003706614082167,0.0003706614082167,-0.0006033488450944857,0.0009740102533111857,1.34944,ASIA,RECORDED,PENDING,PENDING,,,,,,
421037caf312295d,2026-09-03T04:00:00+00:00,2026-09-03T04:00:04.762877+00:00,NZD/USD,H1,LONG,NZD,USD,0.0004437996074081,0.0004437996074081,-0.0006033488450944857,0.0010471484525025857,0.58611,ASIA,RECORDED,PENDING,PENDING,,,,,,
d26a50ad5cbbf839,2026-09-03T04:00:00+00:00,2026-09-03T04:00:04.762887+00:00,USD/CAD,H1,SHORT,USD,CAD,-0.0001518273506127,-0.0006033488450944857,0.0001518273506127,-0.0007551761957071857,1.38294,ASIA,RECORDED,PENDING,PENDING,,,,,,
43ed314f51663ab0,2026-09-03T04:00:00+00:00,2026-09-03T04:00:04.762898+00:00,USD/CHF,H1,SHORT,USD,CHF,-0.0002339267686095,-0.0006033488450944857,0.0002339267686095,-0.0008372756137039857,0.81203,ASIA,RECORDED,PENDING,PENDING,,,,,,
f1888b373fca99cc,2026-09-03T04:00:00+00:00,2026-09-03T04:00:04.762908+00:00,USD/JPY,H1,SHORT,USD,JPY,-0.00169433502712,-0.0006033488450944857,0.00169433502712,-0.0022976838722144855,157.7942,ASIA,RECORDED,PENDING,PENDING,,,,,,
b2a5210fccdf5b29,2026-09-03T05:00:00+00:00,2026-09-03T05:00:04.126423+00:00,AUD/USD,H1,NEUTRAL,AUD,USD,-0.0001813287210745,-0.0001813287210745,-4.477551704486314e-05,-0.00013655320402963686,0.7168,ASIA,NOT_TRACKED,NOT_APPLICABLE,NOT_APPLICABLE,,,,,,
e3f57ebad5cb3ee1,2026-09-03T05:00:00+00:00,2026-09-03T05:00:04.126455+00:00,EUR/USD,H1,NEUTRAL,EUR,USD,-0.0001379702846498,-0.0001379702846498,-4.477551704486314e-05,-9.319476760493686e-05,1.15951,ASIA,NOT_TRACKED,NOT_APPLICABLE,NOT_APPLICABLE,,,,,,
ee0a99d62355ea42,2026-09-03T05:00:00+00:00,2026-09-03T05:00:04.126470+00:00,GBP/USD,H1,NEUTRAL,GBP,USD,-7.410755971215808e-05,-7.410755971215808e-05,-4.477551704486314e-05,-2.933204266729494e-05,1.34929,ASIA,NOT_TRACKED,NOT_APPLICABLE,NOT_APPLICABLE,,,,,,
5826864c2b0ac6e7,2026-09-03T05:00:00+00:00,2026-09-03T05:00:04.126482+00:00,NZD/USD,H1,LONG,NZD,USD,0.0005118667781398,0.0005118667781398,-4.477551704486314e-05,0.0005566422951846632,0.58639,ASIA,RECORDED,PENDING,PENDING,,,,,,
85f5c12dd87c1225,2026-09-03T05:00:00+00:00,2026-09-03T05:00:04.126493+00:00,USD/CAD,H1,NEUTRAL,USD,CAD,0.0002386134389982,-4.477551704486314e-05,-0.0002386134389982,0.00019383792195333687,1.38332,ASIA,NOT_TRACKED,NOT_APPLICABLE,NOT_APPLICABLE,,,,,,
580eb1ea86ec67a7,2026-09-03T05:00:00+00:00,2026-09-03T05:00:04.126504+00:00,USD/CHF,H1,NEUTRAL,USD,CHF,-0.0001108319787203,-4.477551704486314e-05,0.0001108319787203,-0.00015560749576516315,0.81195,ASIA,NOT_TRACKED,NOT_APPLICABLE,NOT_APPLICABLE,,,,,,
f176e4b9fb79e2d1,2026-09-03T05:00:00+00:00,2026-09-03T05:00:04.126515+00:00,USD/JPY,H1,NEUTRAL,USD,JPY,-0.0003227498668886,-4.477551704486314e-05,0.0003227498668886,-0.00036752538393346315,157.74929,ASIA,NOT_TRACKED,NOT_APPLICABLE,NOT_APPLICABLE,,,,,,
0cad2d3b9f728fc2,2026-09-03T05:00:00+00:00,2026-09-03T05:05:04.234141+00:00,AUD/USD,H4,LONG,AUD,USD,0.0001813995674317,0.0001813995674317,-0.0014124698628191,0.0015938694302508,0.71678,ASIA,RECORDED,PENDING,PENDING,,,,,,
4ba9da1a7fdd8662,2026-09-03T05:00:00+00:00,2026-09-03T05:05:04.234167+00:00,EUR/USD,H4,LONG,EUR,USD,0.0004314026626171,0.0004314026626171,-0.0014124698628191,0.0018438725254362,1.15951,ASIA,RECORDED,PENDING,PENDING,,,,,,
2c1bba057f4529b9,2026-09-03T05:00:00+00:00,2026-09-03T05:05:04.234181+00:00,GBP/USD,H4,LONG,GBP,USD,0.0003336051597598,0.0003336051597598,-0.0014124698628191,0.0017460750225789,1.34935,ASIA,RECORDED,PENDING,PENDING,,,,,,
38e59e82334f73c8,2026-09-03T05:00:00+00:00,2026-09-03T05:05:04.234193+00:00,NZD/USD,H4,LONG,NZD,USD,0.0015029888983774,0.0015029888983774,-0.0014124698628191,0.0029154587611965,0.58638,ASIA,RECORDED,PENDING,PENDING,,,,,,
a55e255c38a9d1ea,2026-09-03T05:00:00+00:00,2026-09-03T05:05:04.234205+00:00,USD/CAD,H4,SHORT,USD,CAD,-0.0003974447913053,-0.0014124698628191,0.0003974447913053,-0.0018099146541244,1.38329,ASIA,RECORDED,PENDING,PENDING,,,,,,
8a62b40c97f1c3d6,2026-09-03T05:00:00+00:00,2026-09-03T05:05:04.234218+00:00,USD/CHF,H4,SHORT,USD,CHF,-0.0008736741072528,-0.0014124698628191,0.0008736741072528,-0.0022861439700719,0.81195,ASIA,RECORDED,PENDING,PENDING,,,,,,
4724f73197a189ab,2026-09-03T05:00:00+00:00,2026-09-03T05:05:04.234229+00:00,USD/JPY,H4,SHORT,USD,JPY,-0.0061667738529896,-0.0014124698628191,0.0061667738529896,-0.0075792437158087,157.71698,ASIA,RECORDED,PENDING,PENDING,,,,,,
961f7946ec2aa71d,2026-09-03T06:00:00+00:00,2026-09-03T06:00:07.646274+00:00,AUD/USD,H1,SHORT,AUD,USD,-0.0006696615418955,-0.0006696615418955,-9.462051705589732e-05,-0.0005750410248396027,0.7163,ASIA,RECORDED,PENDING,PENDING,,,,,,
914851b7e7ff07f9,2026-09-03T06:00:00+00:00,2026-09-03T06:00:07.646306+00:00,EUR/USD,H1,LONG,EUR,USD,0.0004312166346128,0.0004312166346128,-9.462051705589732e-05,0.0005258371516686974,1.16001,ASIA,RECORDED,PENDING,PENDING,,,,,,
7ddf453e6bad6ee4,2026-09-03T06:00:00+00:00,2026-09-03T06:00:07.646325+00:00,GBP/USD,H1,NEUTRAL,GBP,USD,-0.0001037582728694,-0.0001037582728694,-9.462051705589732e-05,-9.137755813502676e-06,1.34915,ASIA,NOT_TRACKED,NOT_APPLICABLE,NOT_APPLICABLE,,,,,,
891f198a94662a4e,2026-09-03T06:00:00+00:00,2026-09-03T06:00:07.646340+00:00,NZD/USD,H1,SHORT,NZD,USD,-0.0013301727519227,-0.0013301727519227,-9.462051705589732e-05,-0.0012355522348668027,0.58561,ASIA,RECORDED,PENDING,PENDING,,,,,,
1418a4e84d6f5efc,2026-09-03T06:00:00+00:00,2026-09-03T06:00:07.646353+00:00,USD/CAD,H1,NEUTRAL,USD,CAD,5.783397312171883e-05,-9.462051705589732e-05,-5.783397312171883e-05,-3.678654393417849e-05,1.38335,ASIA,NOT_TRACKED,NOT_APPLICABLE,NOT_APPLICABLE,,,,,,
d74eef08b9df6f2a,2026-09-03T06:00:00+00:00,2026-09-03T06:00:07.646368+00:00,USD/CHF,H1,SHORT,USD,CHF,-0.0006281174949195,-9.462051705589732e-05,0.0006281174949195,-0.0007227380119753973,0.81144,ASIA,RECORDED,PENDING,PENDING,,,,,,
4634db034a74ac87,2026-09-03T06:00:00+00:00,2026-09-03T06:00:07.646380+00:00,USD/JPY,H1,SHORT,USD,JPY,-0.0017644360296683,-9.462051705589732e-05,0.0017644360296683,-0.0018590565467241974,157.45481,ASIA,RECORDED,PENDING,PENDING,,,,,,
f4393bcb13010b5f,2026-09-03T09:00:00+00:00,2026-09-03T09:00:09.106826+00:00,AUD/USD,H1,LONG,AUD,USD,0.0010731109067091,0.0010731109067091,-0.0006382426799904855,0.0017113535866995853,0.71831,LONDON,RECORDED,PENDING,PENDING,,,,,,
9cb5b505e2533b7d,2026-09-03T09:00:00+00:00,2026-09-03T09:00:09.106896+00:00,EUR/USD,H1,LONG,EUR,USD,0.0002671055239145,0.0002671055239145,-0.0006382426799904855,0.0009053482039049855,1.1609,LONDON,RECORDED,PENDING,PENDING,,,,,,
b9d05b28176e2a97,2026-09-03T09:00:00+00:00,2026-09-03T09:00:09.106911+00:00,GBP/USD,H1,LONG,GBP,USD,-8.887440565233664e-05,-8.887440565233664e-05,-0.0006382426799904855,0.0005493682743381488,1.3501,LONDON,RECORDED,PENDING,PENDING,,,,,,
b484bd76bbf5c063,2026-09-03T09:00:00+00:00,2026-09-03T09:00:09.106923+00:00,NZD/USD,H1,LONG,NZD,USD,-8.526166805926452e-05,-8.526166805926452e-05,-0.0006382426799904855,0.000552981011931221,0.58638,LONDON,RECORDED,PENDING,PENDING,,,,,,
692e792106800001,2026-09-03T09:00:00+00:00,2026-09-03T09:00:09.106934+00:00,USD/CAD,H1,SHORT,USD,CAD,-0.0007310523534818,-0.0006382426799904855,0.0007310523534818,-0.0013692950334722855,1.38056,LONDON,RECORDED,PENDING,PENDING,,,,,,
bc212115548ac41d,2026-09-03T09:00:00+00:00,2026-09-03T09:00:09.106945+00:00,USD/CHF,H1,SHORT,USD,CHF,0.0001359888241912,-0.0006382426799904855,-0.0001359888241912,-0.0005022538557992855,0.809,LONDON,RECORDED,PENDING,PENDING,,,,,,
ec92c707c4682ba4,2026-09-03T09:00:00+00:00,2026-09-03T09:00:09.106955+00:00,USD/JPY,H1,SHORT,USD,JPY,-0.0027065548737308,-0.0006382426799904855,0.0027065548737308,-0.0033447975537212855,156.6712,LONDON,RECORDED,PENDING,PENDING,,,,,,
ccecd4dac14bea82,2026-09-03T09:00:00+00:00,2026-09-03T09:05:04.898634+00:00,AUD/USD,H4,LONG,AUD,USD,0.0021205948826698,0.0021205948826698,-0.0024145033386315426,0.004535098221301343,0.7183,LONDON,RECORDED,PENDING,PENDING,,,,,,
6a6e2a1c3ad8bac4,2026-09-03T09:00:00+00:00,2026-09-03T09:05:04.898662+00:00,EUR/USD,H4,LONG,EUR,USD,0.0012936499038387,0.0012936499038387,-0.0024145033386315426,0.0037081532424702427,1.16101,LONDON,RECORDED,PENDING,PENDING,,,,,,
8c63ff68b9d59f9b,2026-09-03T09:00:00+00:00,2026-09-03T09:05:04.898678+00:00,GBP/USD,H4,LONG,GBP,USD,0.0005854931111916,0.0005854931111916,-0.0024145033386315426,0.0029999964498231427,1.35008,LONDON,RECORDED,PENDING,PENDING,,,,,,
2b61a9e076b1f954,2026-09-03T09:00:00+00:00,2026-09-03T09:05:04.898691+00:00,NZD/USD,H4,LONG,NZD,USD,0.0002046419618342,0.0002046419618342,-0.0024145033386315426,0.002619145300465743,0.58651,LONDON,RECORDED,PENDING,PENDING,,,,,,
0afe917f5cb126d3,2026-09-03T09:00:00+00:00,2026-09-03T09:05:04.898703+00:00,USD/CAD,H4,SHORT,USD,CAD,-0.0020458767991788,-0.0024145033386315426,0.0020458767991788,-0.004460380137810343,1.38044,LONDON,RECORDED,PENDING,PENDING,,,,,,
5c981237afa91200,2026-09-03T09:00:00+00:00,2026-09-03T09:05:04.898719+00:00,USD/CHF,H4,SHORT,USD,CHF,-0.0038056530574541,-0.0024145033386315426,0.0038056530574541,-0.006220156396085643,0.80886,LONDON,RECORDED,PENDING,PENDING,,,,,,
37a88bf0edebbb07,2026-09-03T09:00:00+00:00,2026-09-03T09:05:04.898730+00:00,USD/JPY,H4,SHORT,USD,JPY,-0.0068456136542536,-0.0024145033386315426,0.0068456136542536,-0.009260116992885143,156.65334,LONDON,RECORDED,PENDING,PENDING,,,,,,
32424690cc7fac7e,2026-09-03T10:00:00+00:00,2026-09-03T10:00:07.542815+00:00,AUD/USD,H1,NEUTRAL,AUD,USD,0.0002088293029277,0.0002088293029277,1.9221645822785727e-05,0.00018960765710491427,0.71844,LONDON,NOT_TRACKED,NOT_APPLICABLE,NOT_APPLICABLE,,,,,,
e482dae5c2b981e0,2026-09-03T10:00:00+00:00,2026-09-03T10:00:07.542844+00:00,EUR/USD,H1,SHORT,EUR,USD,-0.0003876002377281,-0.0003876002377281,1.9221645822785727e-05,-0.00040682188355088575,1.16054,LONDON,RECORDED,PENDING,PENDING,,,,,,
2f11d03c4ecb8ee4,2026-09-03T10:00:00+00:00,2026-09-03T10:00:07.542861+00:00,GBP/USD,H1,NEUTRAL,GBP,USD,-0.0002962743500482,-0.0002962743500482,1.9221645822785727e-05,-0.0003154959958709858,1.3497,LONDON,NOT_TRACKED,NOT_APPLICABLE,NOT_APPLICABLE,,,,,,
24c87e9dbf12dcec,2026-09-03T10:00:00+00:00,2026-09-03T10:00:07.542875+00:00,NZD/USD,H1,NEUTRAL,NZD,USD,-0.0001023070233772,-0.0001023070233772,1.9221645822785727e-05,-0.00012152866919998573,0.58641,LONDON,NOT_TRACKED,NOT_APPLICABLE,NOT_APPLICABLE,,,,,,
cbe6ede3f5ad25d6,2026-09-03T10:00:00+00:00,2026-09-03T10:00:07.542888+00:00,USD/CAD,H1,NEUTRAL,USD,CAD,0.0002969981455725,1.9221645822785727e-05,-0.0002969981455725,0.00031621979139528575,1.38089,LONDON,NOT_TRACKED,NOT_APPLICABLE,NOT_APPLICABLE,,,,,,
5b6f836a1d2374f5,2026-09-03T10:00:00+00:00,2026-09-03T10:00:07.542900+00:00,USD/CHF,H1,LONG,USD,CHF,0.0007664919394718,1.9221645822785727e-05,-0.0007664919394718,0.0007857135852945856,0.8095,LONDON,RECORDED,PENDING,PENDING,,,,,,
606ab99a939faf95,2026-09-03T10:00:00+00:00,2026-09-03T10:00:07.542917+00:00,USD/JPY,H1,SHORT,USD,JPY,-0.0015062908725106,1.9221645822785727e-05,0.0015062908725106,-0.0014870692266878143,156.42036,LONDON,RECORDED,PENDING,PENDING,,,,,,
4da129f97d7d398d,2026-09-03T00:00:00+00:00,2026-09-03T12:43:07.419404+00:00,AUD/USD,D1,LONG,AUD,USD,0.00358317586955,0.00358317586955,-0.0007338494745022713,0.004317025344052271,0.71701,ASIA,RECORDED,PENDING,PENDING,,,,,,
328d54547c09f335,2026-09-03T00:00:00+00:00,2026-09-03T12:43:07.419431+00:00,EUR/USD,D1,NEUTRAL,EUR,USD,-0.0003881686204485,-0.0003881686204485,-0.0007338494745022713,0.0003456808540537713,1.15884,ASIA,NOT_TRACKED,NOT_APPLICABLE,NOT_APPLICABLE,,,,,,
6360ad355270924d,2026-09-03T00:00:00+00:00,2026-09-03T12:43:07.419446+00:00,GBP/USD,D1,SHORT,GBP,USD,-0.0023749278643405,-0.0023749278643405,-0.0007338494745022713,-0.0016410783898382288,1.34841,ASIA,RECORDED,PENDING,PENDING,,,,,,
1bdb8879b0342444,2026-09-03T00:00:00+00:00,2026-09-03T12:43:07.419459+00:00,NZD/USD,D1,SHORT,NZD,USD,-0.0068576860401954,-0.0068576860401954,-0.0007338494745022713,-0.006123836565693128,0.58508,ASIA,RECORDED,PENDING,PENDING,,,,,,
1080b7e2a337dfdd,2026-09-03T00:00:00+00:00,2026-09-03T12:43:07.419471+00:00,USD/CAD,D1,SHORT,USD,CAD,-0.0037346458562701,-0.0007338494745022713,0.0037346458562701,-0.004468495330772372,1.3845,ASIA,RECORDED,PENDING,PENDING,,,,,,
654f8ed15d3f549e,2026-09-03T00:00:00+00:00,2026-09-03T12:43:07.419483+00:00,USD/CHF,D1,LONG,USD,CHF,0.0017497165951994,-0.0007338494745022713,-0.0017497165951994,0.0010158671206971287,0.81298,ASIA,RECORDED,PENDING,PENDING,,,,,,
b6bf212c038489a5,2026-09-03T00:00:00+00:00,2026-09-03T12:43:07.419494+00:00,USD/JPY,D1,SHORT,USD,JPY,-0.0091896237158796,-0.0007338494745022713,0.0091896237158796,-0.00992347319038187,158.72699,ASIA,RECORDED,PENDING,PENDING,,,,,,
dc5cde94d8313b1a,2026-09-03T13:00:00+00:00,2026-09-03T13:00:12.058065+00:00,AUD/USD,H1,LONG,AUD,USD,0.00165452422001,0.00165452422001,-0.0016102513193100869,0.003264775539320087,0.72043,LONDON_NY_OVERLAP,RECORDED,PENDING,PENDING,,,,,,
49eb69562ea3e692,2026-09-03T13:00:00+00:00,2026-09-03T13:00:12.058094+00:00,EUR/USD,H1,LONG,EUR,USD,0.0010247225068673,0.0010247225068673,-0.0016102513193100869,0.0026349738261773866,1.16248,LONDON_NY_OVERLAP,RECORDED,PENDING,PENDING,,,,,,
40d36df8d7376f19,2026-09-03T13:00:00+00:00,2026-09-03T13:00:12.058108+00:00,GBP/USD,H1,LONG,GBP,USD,0.0016375586297858,0.0016375586297858,-0.0016102513193100869,0.003247809949095887,1.35178,LONDON_NY_OVERLAP,RECORDED,PENDING,PENDING,,,,,,
54ec0e45e001f8d8,2026-09-03T13:00:00+00:00,2026-09-03T13:00:12.058120+00:00,NZD/USD,H1,LONG,NZD,USD,0.0016180678566562,0.0016180678566562,-0.0016102513193100869,0.003228319175966287,0.58807,LONDON_NY_OVERLAP,RECORDED,PENDING,PENDING,,,,,,
68198cdb4ec24475,2026-09-03T13:00:00+00:00,2026-09-03T13:00:12.058135+00:00,USD/CAD,H1,SHORT,USD,CAD,9.424934025459174e-05,-0.0016102513193100869,-9.424934025459174e-05,-0.0015160019790554952,1.37945,LONDON_NY_OVERLAP,RECORDED,PENDING,PENDING,,,,,,
e1732127a69cb71c,2026-09-03T13:00:00+00:00,2026-09-03T13:00:12.058147+00:00,USD/CHF,H1,SHORT,USD,CHF,-0.0019040789327266,-0.0016102513193100869,0.0019040789327266,-0.003514330252036687,0.80725,LONDON_NY_OVERLAP,RECORDED,PENDING,PENDING,,,,,,
67279db3517cf4af,2026-09-03T13:00:00+00:00,2026-09-03T13:00:12.058158+00:00,USD/JPY,H1,SHORT,USD,JPY,-0.0035270564293793,-0.0016102513193100869,0.0035270564293793,-0.005137307748689387,155.54561,LONDON_NY_OVERLAP,RECORDED,PENDING,PENDING,,,,,,
6357d06e05b38957,2026-09-03T13:00:00+00:00,2026-09-03T13:05:07.834989+00:00,AUD/USD,H4,LONG,AUD,USD,0.0031602834509738,0.0031602834509738,-0.002652347809264057,0.005812631260237857,0.72056,LONDON_NY_OVERLAP,RECORDED,PENDING,PENDING,,,,,,
e58adf017a8a5996,2026-09-03T13:00:00+00:00,2026-09-03T13:05:07.835021+00:00,EUR/USD,H4,LONG,EUR,USD,0.0012920007924272,0.0012920007924272,-0.002652347809264057,0.003944348601691257,1.16249,LONDON_NY_OVERLAP,RECORDED,PENDING,PENDING,,,,,,
6b08c04a1473ccf8,2026-09-03T13:00:00+00:00,2026-09-03T13:05:07.835036+00:00,GBP/USD,H4,LONG,GBP,USD,0.0011850974001924,0.0011850974001924,-0.002652347809264057,0.003837445209456457,1.3517,LONDON_NY_OVERLAP,RECORDED,PENDING,PENDING,,,,,,
85eb3ef8a39430eb,2026-09-03T13:00:00+00:00,2026-09-03T13:05:07.835049+00:00,NZD/USD,H4,LONG,NZD,USD,0.002659982607806,0.002659982607806,-0.002652347809264057,0.005312330417070057,0.58803,LONDON_NY_OVERLAP,RECORDED,PENDING,PENDING,,,,,,
4fabda10066eb36c,2026-09-03T13:00:00+00:00,2026-09-03T13:05:07.835068+00:00,USD/CAD,H4,SHORT,USD,CAD,-0.0008620190078813,-0.002652347809264057,0.0008620190078813,-0.003514366817145357,1.37929,LONDON_NY_OVERLAP,RECORDED,PENDING,PENDING,,,,,,
0b3aaf53faee2a62,2026-09-03T13:00:00+00:00,2026-09-03T13:05:07.835080+00:00,USD/CHF,H4,SHORT,USD,CHF,-0.0023118385916329,-0.002652347809264057,0.0023118385916329,-0.004964186400896957,0.80701,LONDON_NY_OVERLAP,RECORDED,PENDING,PENDING,,,,,,
b310a263955c1e27,2026-09-03T13:00:00+00:00,2026-09-03T13:05:07.835092+00:00,USD/JPY,H4,SHORT,USD,JPY,-0.0070952128139348,-0.002652347809264057,0.0070952128139348,-0.009747560623198856,155.54482,LONDON_NY_OVERLAP,RECORDED,PENDING,PENDING,,,,,,
6134f8f3b75be57d,2026-09-03T17:00:00+00:00,2026-09-03T17:00:09.397879+00:00,AUD/USD,H1,LONG,AUD,USD,0.0013616973974905,0.0013616973974905,-0.001452804144658743,0.0028145015421492427,0.72067,NEW_YORK,RECORDED,PENDING,PENDING,,,,,,
98b6d8cb7bf90d05,2026-09-03T17:00:00+00:00,2026-09-03T17:00:09.397906+00:00,EUR/USD,H1,LONG,EUR,USD,0.0016607579251712,0.0016607579251712,-0.001452804144658743,0.003113562069829943,1.16405,NEW_YORK,RECORDED,PENDING,PENDING,,,,,,
d216eb7d1ec76177,2026-09-03T17:00:00+00:00,2026-09-03T17:00:09.397921+00:00,GBP/USD,H1,LONG,GBP,USD,0.0011750620787513,0.0011750620787513,-0.001452804144658743,0.0026278662234100426,1.35471,NEW_YORK,RECORDED,PENDING,PENDING,,,,,,
d33f141c5b83402d,2026-09-03T17:00:00+00:00,2026-09-03T17:00:09.397934+00:00,NZD/USD,H1,LONG,NZD,USD,0.0014959880320957,0.0014959880320957,-0.001452804144658743,0.002948792176754443,0.58912,NEW_YORK,RECORDED,PENDING,PENDING,,,,,,
464e0a6940d4b087,2026-09-03T17:00:00+00:00,2026-09-03T17:00:09.397945+00:00,USD/CAD,H1,SHORT,USD,CAD,-0.0012260147266857,-0.001452804144658743,0.0012260147266857,-0.002678818871344443,1.37676,NEW_YORK,RECORDED,PENDING,PENDING,,,,,,
46443217f9af432a,2026-09-03T17:00:00+00:00,2026-09-03T17:00:09.397955+00:00,USD/CHF,H1,SHORT,USD,CHF,-0.0024024767801856,-0.001452804144658743,0.0024024767801856,-0.0038552809248443426,0.80556,NEW_YORK,RECORDED,PENDING,PENDING,,,,,,
719d71c07d3efa50,2026-09-03T17:00:00+00:00,2026-09-03T17:00:09.397965+00:00,USD/JPY,H1,SHORT,USD,JPY,-0.0008476320722312,-0.001452804144658743,0.0008476320722312,-0.002300436216889943,155.32483,NEW_YORK,RECORDED,PENDING,PENDING,,,,,,
867c06de3f2faec0,2026-09-03T17:00:00+00:00,2026-09-03T17:05:04.667751+00:00,AUD/USD,H4,LONG,AUD,USD,0.0002081829789596,0.0002081829789596,-0.0014080964767631714,0.0016162794557227713,0.72067,NEW_YORK,RECORDED,PENDING,PENDING,,,,,,
55f70f8721936ee7,2026-09-03T17:00:00+00:00,2026-09-03T17:05:04.667777+00:00,EUR/USD,H4,LONG,EUR,USD,0.0011009900308792,0.0011009900308792,-0.0014080964767631714,0.0025090865076423715,1.16387,NEW_YORK,RECORDED,PENDING,PENDING,,,,,,
2a7e158250a10723,2026-09-03T17:00:00+00:00,2026-09-03T17:05:04.667792+00:00,GBP/USD,H4,LONG,GBP,USD,0.0020860919803818,0.0020860919803818,-0.0014080964767631714,0.0034941884571449717,1.35463,NEW_YORK,RECORDED,PENDING,PENDING,,,,,,
3056881af8a8fdaf,2026-09-03T17:00:00+00:00,2026-09-03T17:05:04.667804+00:00,NZD/USD,H4,LONG,NZD,USD,0.0015983676245537,0.0015983676245537,-0.0014080964767631714,0.0030064641013168715,0.58904,NEW_YORK,RECORDED,PENDING,PENDING,,,,,,
00adac1c2c1a1483,2026-09-03T17:00:00+00:00,2026-09-03T17:05:04.667816+00:00,USD/CAD,H4,SHORT,USD,CAD,-0.0019067090057563,-0.0014080964767631714,0.0019067090057563,-0.0033148054825194715,1.37671,NEW_YORK,RECORDED,PENDING,PENDING,,,,,,
310c8f57299032b8,2026-09-03T17:00:00+00:00,2026-09-03T17:05:04.667827+00:00,USD/CHF,H4,SHORT,USD,CHF,-0.0016851496189827,-0.0014080964767631714,0.0016851496189827,-0.0030932460957458713,0.80569,NEW_YORK,RECORDED,PENDING,PENDING,,,,,,
b5218845b56de45b,2026-09-03T17:00:00+00:00,2026-09-03T17:05:04.667837+00:00,USD/JPY,H4,SHORT,USD,JPY,-0.0012711840978289,-0.0014080964767631714,0.0012711840978289,-0.0026792805745920714,155.3423,NEW_YORK,RECORDED,PENDING,PENDING,,,,,,
2536d0365f969e12,2026-09-03T18:00:00+00:00,2026-09-03T18:00:08.257815+00:00,AUD/USD,H1,SHORT,AUD,USD,-0.0002081425360086,-0.0002081425360086,0.0007808569613124858,-0.0009889994973210857,0.72051,NEW_YORK,RECORDED,PENDING,PENDING,,,,,,
2fc4ab984e994f45,2026-09-03T18:00:00+00:00,2026-09-03T18:00:08.257839+00:00,EUR/USD,H1,SHORT,EUR,USD,-0.0004983074728938,-0.0004983074728938,0.0007808569613124858,-0.0012791644342062857,1.16336,NEW_YORK,RECORDED,PENDING,PENDING,,,,,,
e2d0059d5475f971,2026-09-03T18:00:00+00:00,2026-09-03T18:00:08.257853+00:00,GBP/USD,H1,SHORT,GBP,USD,-0.0003912449710256,-0.0003912449710256,0.0007808569613124858,-0.0011721019323380857,1.35412,NEW_YORK,RECORDED,PENDING,PENDING,,,,,,
8ddc9166d9511e53,2026-09-03T18:00:00+00:00,2026-09-03T18:00:08.257865+00:00,NZD/USD,H1,SHORT,NZD,USD,-0.0010525243608462,-0.0010525243608462,0.0007808569613124858,-0.0018333813221586858,0.58844,NEW_YORK,RECORDED,PENDING,PENDING,,,,,,
e2c185439cda467a,2026-09-03T18:00:00+00:00,2026-09-03T18:00:08.257876+00:00,USD/CAD,H1,LONG,USD,CAD,0.0012202030766549,0.0007808569613124858,-0.0012202030766549,0.002001060037967386,1.3785,NEW_YORK,RECORDED,PENDING,PENDING,,,,,,
c0cbc178baf24414,2026-09-03T18:00:00+00:00,2026-09-03T18:00:08.257887+00:00,USD/CHF,H1,LONG,USD,CHF,0.001241249193188,0.0007808569613124858,-0.001241249193188,0.002022106154500486,0.80664,NEW_YORK,RECORDED,PENDING,PENDING,,,,,,
576d18be11f2e3b1,2026-09-03T18:00:00+00:00,2026-09-03T18:00:08.257897+00:00,USD/JPY,H1,LONG,USD,JPY,0.0008543271185703,0.0007808569613124858,-0.0008543271185703,0.0016351840798827857,155.45962,NEW_YORK,RECORDED,PENDING,PENDING,,,,,,
fc33d64d79341708,2026-09-03T19:00:00+00:00,2026-09-03T19:00:11.903139+00:00,AUD/USD,H1,NEUTRAL,AUD,USD,0.0001526738747242,0.0001526738747242,0.00012237453858105512,3.0299336143144883e-05,0.7206,NEW_YORK,NOT_TRACKED,NOT_APPLICABLE,NOT_APPLICABLE,,,,,,
7765b80aeefb2175,2026-09-03T19:00:00+00:00,2026-09-03T19:00:11.903165+00:00,EUR/USD,H1,NEUTRAL,EUR,USD,8.595717613484016e-05,8.595717613484016e-05,0.00012237453858105512,-3.641736244621497e-05,1.16347,NEW_YORK,NOT_TRACKED,NOT_APPLICABLE,NOT_APPLICABLE,,,,,,
88c067da992c7d1f,2026-09-03T19:00:00+00:00,2026-09-03T19:00:11.903181+00:00,GBP/USD,H1,NEUTRAL,GBP,USD,-0.0001403187451074,-0.0001403187451074,0.00012237453858105512,-0.00026269328368845515,1.35387,NEW_YORK,NOT_TRACKED,NOT_APPLICABLE,NOT_APPLICABLE,,,,,,
f1bd984f228c64d9,2026-09-03T19:00:00+00:00,2026-09-03T19:00:11.903193+00:00,NZD/USD,H1,NEUTRAL,NZD,USD,-5.098572399742609e-05,-5.098572399742609e-05,0.00012237453858105512,-0.0001733602625784812,0.58837,NEW_YORK,NOT_TRACKED,NOT_APPLICABLE,NOT_APPLICABLE,,,,,,
80803e02988d6e44,2026-09-03T19:00:00+00:00,2026-09-03T19:00:11.903204+00:00,USD/CAD,H1,LONG,USD,CAD,0.0002829141609419,0.00012237453858105512,-0.0002829141609419,0.00040528869952295514,1.3789,NEW_YORK,RECORDED,PENDING,PENDING,,,,,,
bb2432bca4dacba9,2026-09-03T19:00:00+00:00,2026-09-03T19:00:11.903216+00:00,USD/CHF,H1,NEUTRAL,USD,CHF,0.0002479451545319,0.00012237453858105512,-0.0002479451545319,0.0003703196931129551,0.80683,NEW_YORK,NOT_TRACKED,NOT_APPLICABLE,NOT_APPLICABLE,,,,,,
5d0c704df1b6d4e9,2026-09-03T19:00:00+00:00,2026-09-03T19:00:11.903226+00:00,USD/JPY,H1,LONG,USD,JPY,0.0003730890363478,0.00012237453858105512,-0.0003730890363478,0.0004954635749288551,155.51687,NEW_YORK,RECORDED,PENDING,PENDING,,,,,,
8e5f698124e4cec0,2026-09-03T20:00:00+00:00,2026-09-03T20:00:08.505601+00:00,AUD/USD,H1,SHORT,AUD,USD,-0.0004302030280741,-0.0004302030280741,0.0005284584855223571,-0.0009586615135964571,0.72028,NEW_YORK,RECORDED,PENDING,PENDING,,,,,,
42f04ab5220389dc,2026-09-03T20:00:00+00:00,2026-09-03T20:00:08.505626+00:00,EUR/USD,H1,SHORT,EUR,USD,-0.0003352128171629,-0.0003352128171629,0.0005284584855223571,-0.0008636713026852572,1.16305,NEW_YORK,RECORDED,PENDING,PENDING,,,,,,
0eb8f96c352250f4,2026-09-03T20:00:00+00:00,2026-09-03T20:00:08.505641+00:00,GBP/USD,H1,SHORT,GBP,USD,-0.0008641893239379,-0.0008641893239379,0.0005284584855223571,-0.001392647809460257,1.3527,NEW_YORK,RECORDED,PENDING,PENDING,,,,,,
3e72dd3f2e114fc0,2026-09-03T20:00:00+00:00,2026-09-03T20:00:08.505653+00:00,NZD/USD,H1,SHORT,NZD,USD,-0.0002549329526334,-0.0002549329526334,0.0005284584855223571,-0.0007833914381557572,0.58824,NEW_YORK,RECORDED,PENDING,PENDING,,,,,,
c674b88094cfd4c4,2026-09-03T20:00:00+00:00,2026-09-03T20:00:08.505664+00:00,USD/CAD,H1,LONG,USD,CAD,-0.0001015309415544,0.0005284584855223571,0.0001015309415544,0.0004269275439679571,1.37875,NEW_YORK,RECORDED,PENDING,PENDING,,,,,,
e746795633d84491,2026-09-03T20:00:00+00:00,2026-09-03T20:00:08.505675+00:00,USD/CHF,H1,LONG,USD,CHF,0.0007065210654832,0.0005284584855223571,-0.0007065210654832,0.0012349795510055571,0.80734,NEW_YORK,RECORDED,PENDING,PENDING,,,,,,
92ea6f091bb7bbfa,2026-09-03T20:00:00+00:00,2026-09-03T20:00:08.505686+00:00,USD/JPY,H1,LONG,USD,JPY,0.0012096811529194,0.0005284584855223571,-0.0012096811529194,0.001738139638441757,155.70845,NEW_YORK,RECORDED,PENDING,PENDING,,,,,,
af1a4093578841ee,2026-09-03T21:00:00+00:00,2026-09-03T21:05:05.524801+00:00,AUD/USD,H4,SHORT,AUD,USD,-0.0008186939749673,-0.0008186939749673,0.001791977169786443,-0.002610671144753743,0.72007,LATE_NY,RECORDED,PENDING,PENDING,,,,,,
4fac469387e1475c,2026-09-03T21:00:00+00:00,2026-09-03T21:05:05.524827+00:00,EUR/USD,H4,SHORT,EUR,USD,-0.0011684451088544,-0.0011684451088544,0.001791977169786443,-0.002960422278640843,1.16258,LATE_NY,RECORDED,PENDING,PENDING,,,,,,
635055fefa1214b4,2026-09-03T21:00:00+00:00,2026-09-03T21:05:05.524841+00:00,GBP/USD,H4,SHORT,GBP,USD,-0.0016387996899567,-0.0016387996899567,0.001791977169786443,-0.003430776859743143,1.35243,LATE_NY,RECORDED,PENDING,PENDING,,,,,,
46523888fc4a65d4,2026-09-03T21:00:00+00:00,2026-09-03T21:05:05.524852+00:00,NZD/USD,H4,SHORT,NZD,USD,-0.0014939055444267,-0.0014939055444267,0.001791977169786443,-0.003285882714213143,0.58818,LATE_NY,RECORDED,PENDING,PENDING,,,,,,
9557b12a54ec42af,2026-09-03T21:00:00+00:00,2026-09-03T21:05:05.524863+00:00,USD/CAD,H4,LONG,USD,CAD,0.0018303046149824,0.001791977169786443,-0.0018303046149824,0.003622281784768843,1.37934,LATE_NY,RECORDED,PENDING,PENDING,,,,,,
4f176f5922be55bf,2026-09-03T21:00:00+00:00,2026-09-03T21:05:05.524874+00:00,USD/CHF,H4,LONG,USD,CHF,0.002470085894444,0.001791977169786443,-0.002470085894444,0.004262063064230443,0.80763,LATE_NY,RECORDED,PENDING,PENDING,,,,,,
ac18836472d9e705,2026-09-03T21:00:00+00:00,2026-09-03T21:05:05.524884+00:00,USD/JPY,H4,LONG,USD,JPY,0.0031236053608736,0.001791977169786443,-0.0031236053608736,0.004915582530660043,155.8121,LATE_NY,RECORDED,PENDING,PENDING,,,,,,
2f7979cc00d9e276,2026-09-04T05:00:00+00:00,2026-09-04T05:00:10.311848+00:00,AUD/USD,H1,LONG,AUD,USD,0.0002635923474979,0.0002635923474979,-0.0001890754637275886,0.0004526678112254886,0.721,ASIA,RECORDED,PENDING,PENDING,,,,,,
286460f688061eb9,2026-09-04T05:00:00+00:00,2026-09-04T05:00:10.311880+00:00,EUR/USD,H1,LONG,EUR,USD,0.00026669878523,0.00026669878523,-0.0001890754637275886,0.00045577424895758864,1.16267,ASIA,RECORDED,PENDING,PENDING,,,,,,
669935194fab1d7c,2026-09-04T05:00:00+00:00,2026-09-04T05:00:10.311896+00:00,GBP/USD,H1,NEUTRAL,GBP,USD,0.0001330347442407,0.0001330347442407,-0.0001890754637275886,0.0003221102079682886,1.35321,ASIA,NOT_TRACKED,NOT_APPLICABLE,NOT_APPLICABLE,,,,,,
6b9424bbcef11818,2026-09-04T05:00:00+00:00,2026-09-04T05:00:10.311908+00:00,NZD/USD,H1,NEUTRAL,NZD,USD,3.392072726042639e-05,3.392072726042639e-05,-0.0001890754637275886,0.000222996190988015,0.58963,ASIA,NOT_TRACKED,NOT_APPLICABLE,NOT_APPLICABLE,,,,,,
1a9af5532ddb5984,2026-09-04T05:00:00+00:00,2026-09-04T05:00:10.311920+00:00,USD/CAD,H1,NEUTRAL,USD,CAD,-5.075332434259397e-05,-0.0001890754637275886,5.075332434259397e-05,-0.00023982878807018258,1.37915,ASIA,NOT_TRACKED,NOT_APPLICABLE,NOT_APPLICABLE,,,,,,
2070cfe24218eb0b,2026-09-04T05:00:00+00:00,2026-09-04T05:00:10.311931+00:00,USD/CHF,H1,SHORT,USD,CHF,-0.0003959024100559,-0.0001890754637275886,0.0003959024100559,-0.0005849778737834886,0.80796,ASIA,RECORDED,PENDING,PENDING,,,,,,
3539820d158a5627,2026-09-04T05:00:00+00:00,2026-09-04T05:00:10.311942+00:00,USD/JPY,H1,NEUTRAL,USD,JPY,-0.0001796259074656,-0.0001890754637275886,0.0001796259074656,-0.00036870137119318863,156.35247,ASIA,NOT_TRACKED,NOT_APPLICABLE,NOT_APPLICABLE,,,,,,
32d2a14f1e54e176,2026-09-04T05:00:00+00:00,2026-09-04T05:05:05.714773+00:00,AUD/USD,H4,NEUTRAL,AUD,USD,0.0004023921519653,0.0004023921519653,0.0007181306289081581,-0.00031573847694285807,0.72098,ASIA,NOT_TRACKED,NOT_APPLICABLE,NOT_APPLICABLE,,,,,,
f01858b0c7fce32f,2026-09-04T05:00:00+00:00,2026-09-04T05:05:05.714807+00:00,EUR/USD,H4,SHORT,EUR,USD,-0.000369711195371,-0.000369711195371,0.0007181306289081581,-0.001087841824279158,1.16264,ASIA,RECORDED,PENDING,PENDING,,,,,,
edccebda7b538849,2026-09-04T05:00:00+00:00,2026-09-04T05:05:05.714822+00:00,GBP/USD,H4,SHORT,GBP,USD,-8.866951394320568e-05,-8.866951394320568e-05,0.0007181306289081581,-0.0008068001428513638,1.35322,ASIA,RECORDED,PENDING,PENDING,,,,,,
bca7a25930734c17,2026-09-04T05:00:00+00:00,2026-09-04T05:05:05.714835+00:00,NZD/USD,H4,NEUTRAL,NZD,USD,0.0003902604564349,0.0003902604564349,0.0007181306289081581,-0.0003278701724732581,0.58958,ASIA,NOT_TRACKED,NOT_APPLICABLE,NOT_APPLICABLE,,,,,,
9de29bc16b7743a9,2026-09-04T05:00:00+00:00,2026-09-04T05:05:05.714847+00:00,USD/CAD,H4,LONG,USD,CAD,0.0002828587591929,0.0007181306289081581,-0.0002828587591929,0.001000989388101058,1.37917,ASIA,RECORDED,PENDING,PENDING,,,,,,
0050e9c9e7771f14,2026-09-04T05:00:00+00:00,2026-09-04T05:05:05.714858+00:00,USD/CHF,H4,LONG,USD,CHF,0.0005200787547828,0.0007181306289081581,-0.0005200787547828,0.001238209383690958,0.80799,ASIA,RECORDED,PENDING,PENDING,,,,,,
fc1fa9bb9e9ac9be,2026-09-04T05:00:00+00:00,2026-09-04T05:05:05.714869+00:00,USD/JPY,H4,LONG,USD,JPY,0.0045582487874674,0.0007181306289081581,-0.0045582487874674,0.0052763794163755585,156.35477,ASIA,RECORDED,PENDING,PENDING,,,,,,
81daf49b44374dc7,2026-09-04T06:00:00+00:00,2026-09-04T06:00:08.484302+00:00,AUD/USD,H1,NEUTRAL,AUD,USD,-2.7740020527488948e-05,-2.7740020527488948e-05,-0.00014953156406611996,0.00012179154353863101,0.72096,ASIA,NOT_TRACKED,NOT_APPLICABLE,NOT_APPLICABLE,,,,,,
44c01706553b47b8,2026-09-04T06:00:00+00:00,2026-09-04T06:00:08.484330+00:00,EUR/USD,H1,NEUTRAL,EUR,USD,0.0001290122819693,0.0001290122819693,-0.00014953156406611996,0.00027854384603541996,1.16283,ASIA,NOT_TRACKED,NOT_APPLICABLE,NOT_APPLICABLE,,,,,,
c8eedf5e34c46b2a,2026-09-04T06:00:00+00:00,2026-09-04T06:00:08.484345+00:00,GBP/USD,H1,LONG,GBP,USD,0.0002734279738988,0.0002734279738988,-0.00014953156406611996,0.00042295953796492,1.35356,ASIA,RECORDED,PENDING,PENDING,,,,,,
47cfdb849c28b517,2026-09-04T06:00:00+00:00,2026-09-04T06:00:08.484357+00:00,NZD/USD,H1,LONG,NZD,USD,0.0004070694392618,0.0004070694392618,-0.00014953156406611996,0.00055660100332792,0.58982,ASIA,RECORDED,PENDING,PENDING,,,,,,
4e0da10750b3dcf3,2026-09-04T06:00:00+00:00,2026-09-04T06:00:08.484369+00:00,USD/CAD,H1,NEUTRAL,USD,CAD,-3.625447742803886e-05,-0.00014953156406611996,3.625447742803886e-05,-0.00018578604149415882,1.37909,ASIA,NOT_TRACKED,NOT_APPLICABLE,NOT_APPLICABLE,,,,,,
232bfaaf5e765460,2026-09-04T06:00:00+00:00,2026-09-04T06:00:08.484381+00:00,USD/CHF,H1,NEUTRAL,USD,CHF,-0.0001856527550868,-0.00014953156406611996,0.0001856527550868,-0.00033518431915291995,0.80781,ASIA,NOT_TRACKED,NOT_APPLICABLE,NOT_APPLICABLE,,,,,,
b60b0785142d6bb7,2026-09-04T06:00:00+00:00,2026-09-04T06:00:08.484392+00:00,USD/JPY,H1,NEUTRAL,USD,JPY,-4.304404134558977e-05,-0.00014953156406611996,4.304404134558977e-05,-0.00019257560541170973,156.34476,ASIA,NOT_TRACKED,NOT_APPLICABLE,NOT_APPLICABLE,,,,,,
29904ffe5a315f65,2026-09-04T08:00:00+00:00,2026-09-04T08:00:11.425489+00:00,AUD/USD,H1,SHORT,AUD,USD,-0.0005968409071982,-0.0005968409071982,0.0008240504360436714,-0.0014208913432418714,0.72003,LONDON,RECORDED,PENDING,PENDING,,,,,,
16a69871961ce63f,2026-09-04T08:00:00+00:00,2026-09-04T08:00:11.425514+00:00,EUR/USD,H1,SHORT,EUR,USD,-0.0005073959408325,-0.0005073959408325,0.0008240504360436714,-0.0013314463768761713,1.16221,LONDON,RECORDED,PENDING,PENDING,,,,,,
264e5f2eeb3cee4d,2026-09-04T08:00:00+00:00,2026-09-04T08:00:11.425528+00:00,GBP/USD,H1,SHORT,GBP,USD,-0.0005685971895052,-0.0005685971895052,0.0008240504360436714,-0.0013926476255488713,1.35344,LONDON,RECORDED,PENDING,PENDING,,,,,,
2f0169e33feedd95,2026-09-04T08:00:00+00:00,2026-09-04T08:00:11.425545+00:00,NZD/USD,H1,SHORT,NZD,USD,-0.0021714789807619,-0.0021714789807619,0.0008240504360436714,-0.0029955294168055716,0.58818,LONDON,RECORDED,PENDING,PENDING,,,,,,
581e5fc435d35b82,2026-09-04T08:00:00+00:00,2026-09-04T08:00:11.425558+00:00,USD/CAD,H1,LONG,USD,CAD,0.000855562242153,0.0008240504360436714,-0.000855562242153,0.0016796126781966716,1.38039,LONDON,RECORDED,PENDING,PENDING,,,,,,
16a7389812a6ea44,2026-09-04T08:00:00+00:00,2026-09-04T08:00:11.425569+00:00,USD/CHF,H1,LONG,USD,CHF,0.0005692928392861,0.0008240504360436714,-0.0005692928392861,0.0013933432753297716,0.80848,LONDON,RECORDED,PENDING,PENDING,,,,,,
a1daa3ba0340058e,2026-09-04T08:00:00+00:00,2026-09-04T08:00:11.425579+00:00,USD/JPY,H1,LONG,USD,JPY,0.0004991849525688,0.0008240504360436714,-0.0004991849525688,0.0013232353886124715,156.33271,LONDON,RECORDED,PENDING,PENDING,,,,,,
1f1707897e775ec0,2026-09-04T09:00:00+00:00,2026-09-04T09:00:05.244852+00:00,AUD/USD,H1,LONG,AUD,USD,0.0003611010805255,0.0003611010805255,-6.859493830868571e-05,0.00042969601883418576,0.72028,LONDON,RECORDED,PENDING,PENDING,,,,,,
bc5ba754315e0438,2026-09-04T09:00:00+00:00,2026-09-04T09:00:05.244877+00:00,EUR/USD,H1,NEUTRAL,EUR,USD,0.0002753375035493,0.0002753375035493,-6.859493830868571e-05,0.00034393244185798567,1.16253,LONDON,NOT_TRACKED,NOT_APPLICABLE,NOT_APPLICABLE,,,,,,
a38bff17fef0a30a,2026-09-04T09:00:00+00:00,2026-09-04T09:00:05.244891+00:00,GBP/USD,H1,NEUTRAL,GBP,USD,0.0001182207773017,0.0001182207773017,-6.859493830868571e-05,0.00018681571561038573,1.35356,LONDON,NOT_TRACKED,NOT_APPLICABLE,NOT_APPLICABLE,,,,,,
ea78367a9569da87,2026-09-04T09:00:00+00:00,2026-09-04T09:00:05.244904+00:00,NZD/USD,H1,NEUTRAL,NZD,USD,0.0002550283081421,0.0002550283081421,-6.859493830868571e-05,0.00032362324645078577,0.58832,LONDON,NOT_TRACKED,NOT_APPLICABLE,NOT_APPLICABLE,,,,,,
685de1d3e791f355,2026-09-04T09:00:00+00:00,2026-09-04T09:00:05.244915+00:00,USD/CAD,H1,NEUTRAL,USD,CAD,-0.0001231527093596,-6.859493830868571e-05,0.0001231527093596,-0.0001917476476682857,1.38023,LONDON,NOT_TRACKED,NOT_APPLICABLE,NOT_APPLICABLE,,,,,,
8b084d8f63c49c9f,2026-09-04T09:00:00+00:00,2026-09-04T09:00:05.244926+00:00,USD/CHF,H1,NEUTRAL,USD,CHF,0.0002226317547093,-6.859493830868571e-05,-0.0002226317547093,0.0001540368164006143,0.80869,LONDON,NOT_TRACKED,NOT_APPLICABLE,NOT_APPLICABLE,,,,,,
c8be5f6291ceea75,2026-09-04T09:00:00+00:00,2026-09-04T09:00:05.244936+00:00,USD/JPY,H1,NEUTRAL,USD,JPY,0.0004300440560081,-6.859493830868571e-05,-0.0004300440560081,0.00036144911769941425,156.40005,LONDON,NOT_TRACKED,NOT_APPLICABLE,NOT_APPLICABLE,,,,,,
200ee95e7d8f4ab0,2026-09-04T09:00:00+00:00,2026-09-04T09:05:05.168192+00:00,AUD/USD,H4,SHORT,AUD,USD,-0.001151210851896,-0.001151210851896,0.0007924120270906774,-0.0019436228789866776,0.72015,LONDON,RECORDED,PENDING,PENDING,,,,,,
deebfd082e7df203,2026-09-04T09:00:00+00:00,2026-09-04T09:05:05.168232+00:00,EUR/USD,H4,SHORT,EUR,USD,-0.0001118106443733,-0.0001118106443733,0.0007924120270906774,-0.0009042226714639774,1.16255,LONDON,RECORDED,PENDING,PENDING,,,,,,
ca9b879db576e486,2026-09-04T09:00:00+00:00,2026-09-04T09:05:05.168250+00:00,GBP/USD,H4,SHORT,GBP,USD,8.867934288615791e-05,8.867934288615791e-05,0.0007924120270906774,-0.0007037326842045195,1.35331,LONDON,RECORDED,PENDING,PENDING,,,,,,
2b925784e061373e,2026-09-04T09:00:00+00:00,2026-09-04T09:05:05.168265+00:00,NZD/USD,H4,SHORT,NZD,USD,-0.0022219206893043,-0.0022219206893043,0.0007924120270906774,-0.0030143327163949774,0.58827,LONDON,RECORDED,PENDING,PENDING,,,,,,
25ffd5d059e94b05,2026-09-04T09:00:00+00:00,2026-09-04T09:05:05.168279+00:00,USD/CAD,H4,LONG,USD,CAD,0.000710587757588,0.0007924120270906774,-0.000710587757588,0.0015029997846786774,1.38012,LONDON,RECORDED,PENDING,PENDING,,,,,,
12a76ca19655f882,2026-09-04T09:00:00+00:00,2026-09-04T09:05:05.168319+00:00,USD/CHF,H4,LONG,USD,CHF,0.0010149017278083,0.0007924120270906774,-0.0010149017278083,0.0018073137548989776,0.80878,LONDON,RECORDED,PENDING,PENDING,,,,,,
473a6411ea5c3eb3,2026-09-04T09:00:00+00:00,2026-09-04T09:05:05.168342+00:00,USD/JPY,H4,LONG,USD,JPY,0.000425131861551,0.0007924120270906774,-0.000425131861551,0.0012175438886416774,156.41796,LONDON,RECORDED,PENDING,PENDING,,,,,,
539e20d571104bc3,2026-09-04T10:00:00+00:00,2026-09-04T10:00:10.813822+00:00,AUD/USD,H1,SHORT,AUD,USD,0.0,0.0,0.0004142526118032429,-0.0004142526118032429,0.72017,LONDON,RECORDED,PENDING,PENDING,,,,,,
2a291dac065bfbc0,2026-09-04T10:00:00+00:00,2026-09-04T10:00:10.813855+00:00,EUR/USD,H1,SHORT,EUR,USD,-0.0003096720916628,-0.0003096720916628,0.0004142526118032429,-0.0007239247034660429,1.16216,LONDON,RECORDED,PENDING,PENDING,,,,,,
138acf9bd1ca7805,2026-09-04T10:00:00+00:00,2026-09-04T10:00:10.813874+00:00,GBP/USD,H1,SHORT,GBP,USD,-0.0004211739670153,-0.0004211739670153,0.0004142526118032429,-0.0008354265788185428,1.35279,LONDON,RECORDED,PENDING,PENDING,,,,,,
f67ede21267d0b36,2026-09-04T10:00:00+00:00,2026-09-04T10:00:10.813889+00:00,NZD/USD,H1,SHORT,NZD,USD,-0.0007309320233217,-0.0007309320233217,0.0004142526118032429,-0.001145184635124943,0.58786,LONDON,RECORDED,PENDING,PENDING,,,,,,
4d6562785113a4e6,2026-09-04T10:00:00+00:00,2026-09-04T10:00:10.813903+00:00,USD/CAD,H1,LONG,USD,CAD,0.0001666461377947,0.0004142526118032429,-0.0001666461377947,0.0005808987495979429,1.3804,LONDON,RECORDED,PENDING,PENDING,,,,,,
b2c9f85a6b69f4fc,2026-09-04T10:00:00+00:00,2026-09-04T10:00:10.813917+00:00,USD/CHF,H1,LONG,USD,CHF,0.0009150262142644,0.0004142526118032429,-0.0009150262142644,0.0013292788260676428,0.80946,LONDON,RECORDED,PENDING,PENDING,,,,,,
246c483e7ef40eb1,2026-09-04T10:00:00+00:00,2026-09-04T10:00:10.813931+00:00,USD/JPY,H1,LONG,USD,JPY,0.0003563178485638,0.0004142526118032429,-0.0003563178485638,0.0007705704603670428,156.46103,LONDON,RECORDED,PENDING,PENDING,,,,,,
d94d77596264ab5c,2026-09-04T13:00:00+00:00,2026-09-04T13:00:16.279215+00:00,AUD/USD,H1,SHORT,AUD,USD,-0.0019709356392356,-0.0019709356392356,0.0021955883148362713,-0.004166523954071871,0.71905,LONDON_NY_OVERLAP,RECORDED,PENDING,PENDING,,,,,,
1a1754a93c942f02,2026-09-04T13:00:00+00:00,2026-09-04T13:00:16.279249+00:00,EUR/USD,H1,SHORT,EUR,USD,-0.0020908441675772,-0.0020908441675772,0.0021955883148362713,-0.004286432482413472,1.15978,LONDON_NY_OVERLAP,RECORDED,PENDING,PENDING,,,,,,
c4ce0d29ae9a961f,2026-09-04T13:00:00+00:00,2026-09-04T13:00:16.279270+00:00,GBP/USD,H1,SHORT,GBP,USD,-0.0026745079496423,-0.0026745079496423,0.0021955883148362713,-0.004870096264478572,1.3499,LONDON_NY_OVERLAP,RECORDED,PENDING,PENDING,,,,,,
35fd7c2ea71c3144,2026-09-04T13:00:00+00:00,2026-09-04T13:00:16.279286+00:00,NZD/USD,H1,SHORT,NZD,USD,-0.0026348445441717,-0.0026348445441717,0.0021955883148362713,-0.0048304328590079715,0.58672,LONDON_NY_OVERLAP,RECORDED,PENDING,PENDING,,,,,,
9d2c76876c40ebb6,2026-09-04T13:00:00+00:00,2026-09-04T13:00:16.279303+00:00,USD/CAD,H1,LONG,USD,CAD,0.0049558753206103,0.0021955883148362713,-0.0049558753206103,0.007151463635446571,1.38702,LONDON_NY_OVERLAP,RECORDED,PENDING,PENDING,,,,,,
706eeb57a1d99551,2026-09-04T13:00:00+00:00,2026-09-04T13:00:16.279319+00:00,USD/CHF,H1,LONG,USD,CHF,0.0031271630574508,0.0021955883148362713,-0.0031271630574508,0.0053227513722870715,0.81157,LONDON_NY_OVERLAP,RECORDED,PENDING,PENDING,,,,,,
8c85e98a4871668b,2026-09-04T13:00:00+00:00,2026-09-04T13:00:16.279334+00:00,USD/JPY,H1,NEUTRAL,USD,JPY,-0.002085052474834,0.0021955883148362713,0.002085052474834,0.00011053584000227145,155.90533,LONDON_NY_OVERLAP,NOT_TRACKED,NOT_APPLICABLE,NOT_APPLICABLE,,,,,,
00fde171daa160c1,2026-09-04T13:00:00+00:00,2026-09-04T13:05:05.821454+00:00,AUD/USD,H4,SHORT,AUD,USD,-0.0013191329824902,-0.0013191329824902,0.0016828876583279144,-0.0030020206408181145,0.71922,LONDON_NY_OVERLAP,RECORDED,PENDING,PENDING,,,,,,
eaf677a34acef80f,2026-09-04T13:00:00+00:00,2026-09-04T13:05:05.821491+00:00,EUR/USD,H4,SHORT,EUR,USD,-0.0020730826136324,-0.0020730826136324,0.0016828876583279144,-0.0037559702719603145,1.16011,LONDON_NY_OVERLAP,RECORDED,PENDING,PENDING,,,,,,
6bb21beacdb6e2a8,2026-09-04T13:00:00+00:00,2026-09-04T13:05:05.821512+00:00,GBP/USD,H4,SHORT,GBP,USD,-0.0022979842761718,-0.0022979842761718,0.0016828876583279144,-0.003980871934499714,1.35025,LONDON_NY_OVERLAP,RECORDED,PENDING,PENDING,,,,,,
88a9a8ef6a900577,2026-09-04T13:00:00+00:00,2026-09-04T13:05:05.821530+00:00,NZD/USD,H4,SHORT,NZD,USD,-0.0021927960699655,-0.0021927960699655,0.0016828876583279144,-0.0038756837282934143,0.587,LONDON_NY_OVERLAP,RECORDED,PENDING,PENDING,,,,,,
5e6142f383964bda,2026-09-04T13:00:00+00:00,2026-09-04T13:05:05.821546+00:00,USD/CAD,H4,LONG,USD,CAD,0.0050283660708464,0.0016828876583279144,-0.0050283660708464,0.006711253729174315,1.38711,LONDON_NY_OVERLAP,RECORDED,PENDING,PENDING,,,,,,
17f00ebcd7d131c5,2026-09-04T13:00:00+00:00,2026-09-04T13:05:05.821562+00:00,USD/CHF,H4,LONG,USD,CHF,0.0031407656543673,0.0016828876583279144,-0.0031407656543673,0.004823653312695214,0.81126,LONDON_NY_OVERLAP,RECORDED,PENDING,PENDING,,,,,,
35d96dd4e308dccd,2026-09-04T13:00:00+00:00,2026-09-04T13:05:05.821578+00:00,USD/JPY,H4,SHORT,USD,JPY,-0.0042719140591782,0.0016828876583279144,0.0042719140591782,-0.002589026400850285,155.73715,LONDON_NY_OVERLAP,RECORDED,PENDING,PENDING,,,,,,
dd85da9d19ab7804,2026-09-04T17:00:00+00:00,2026-09-04T17:00:08.224859+00:00,AUD/USD,H1,NEUTRAL,AUD,USD,0.0001248404816068,0.0001248404816068,-6.34047832688635e-05,0.00018824526487566347,0.72101,NEW_YORK,NOT_TRACKED,NOT_APPLICABLE,NOT_APPLICABLE,,,,,,
a46b9308612b9736,2026-09-04T17:00:00+00:00,2026-09-04T17:00:08.224890+00:00,EUR/USD,H1,NEUTRAL,EUR,USD,0.0002237752607841,0.0002237752607841,-6.34047832688635e-05,0.0002871800440529635,1.16214,NEW_YORK,NOT_TRACKED,NOT_APPLICABLE,NOT_APPLICABLE,,,,,,
7ae1fe037a50a9f5,2026-09-04T17:00:00+00:00,2026-09-04T17:00:08.224906+00:00,GBP/USD,H1,NEUTRAL,GBP,USD,-0.0001257238364998,-0.0001257238364998,-6.34047832688635e-05,-6.231905323093652e-05,1.352,NEW_YORK,NOT_TRACKED,NOT_APPLICABLE,NOT_APPLICABLE,,,,,,
e628ab1d90ef1653,2026-09-04T17:00:00+00:00,2026-09-04T17:00:08.224920+00:00,NZD/USD,H1,NEUTRAL,NZD,USD,1.6979658369196333e-05,1.6979658369196333e-05,-6.34047832688635e-05,8.038444163805983e-05,0.58895,NEW_YORK,NOT_TRACKED,NOT_APPLICABLE,NOT_APPLICABLE,,,,,,
e4f08e6314c6c138,2026-09-04T17:00:00+00:00,2026-09-04T17:00:08.224933+00:00,USD/CAD,H1,NEUTRAL,USD,CAD,0.0002457695115692,-6.34047832688635e-05,-0.0002457695115692,0.0001823647283003365,1.38375,NEW_YORK,NOT_TRACKED,NOT_APPLICABLE,NOT_APPLICABLE,,,,,,
ae5dac25fc93f17b,2026-09-04T17:00:00+00:00,2026-09-04T17:00:08.224946+00:00,USD/CHF,H1,SHORT,USD,CHF,-0.0004817015179773,-6.34047832688635e-05,0.0004817015179773,-0.0005451063012461635,0.80924,NEW_YORK,RECORDED,PENDING,PENDING,,,,,,
ec4f2d92b4b0affe,2026-09-04T17:00:00+00:00,2026-09-04T17:00:08.224959+00:00,USD/JPY,H1,NEUTRAL,USD,JPY,3.19700877863519e-05,-6.34047832688635e-05,-3.19700877863519e-05,-3.14346954825116e-05,156.08839,NEW_YORK,NOT_TRACKED,NOT_APPLICABLE,NOT_APPLICABLE,,,,,,
b04f4b11a63c53d0,2026-09-04T17:00:00+00:00,2026-09-04T17:05:06.390153+00:00,AUD/USD,H4,LONG,AUD,USD,0.0025724098613679,0.0025724098613679,-0.0017487863609258285,0.004321196222293729,0.72102,NEW_YORK,RECORDED,PENDING,PENDING,,,,,,
7a82bcf49b48c9c9,2026-09-04T17:00:00+00:00,2026-09-04T17:05:06.390181+00:00,EUR/USD,H4,LONG,EUR,USD,0.0017585903691316,0.0017585903691316,-0.0017487863609258285,0.0035073767300574286,1.16206,NEW_YORK,RECORDED,PENDING,PENDING,,,,,,
d90f7d8aab8af324,2026-09-04T17:00:00+00:00,2026-09-04T17:05:06.390196+00:00,GBP/USD,H4,LONG,GBP,USD,0.0013406017153777,0.0013406017153777,-0.0017487863609258285,0.003089388076303529,1.35195,NEW_YORK,RECORDED,PENDING,PENDING,,,,,,
422de20480a5257c,2026-09-04T17:00:00+00:00,2026-09-04T17:05:06.390209+00:00,NZD/USD,H4,LONG,NZD,USD,0.0035099676265122,0.0035099676265122,-0.0017487863609258285,0.005258753987438029,0.58896,NEW_YORK,RECORDED,PENDING,PENDING,,,,,,
524f4d8f7d726769,2026-09-04T17:00:00+00:00,2026-09-04T17:05:06.390220+00:00,USD/CAD,H4,SHORT,USD,CAD,-0.0024224072672216,-0.0017487863609258285,0.0024224072672216,-0.004171193628147428,1.38369,NEW_YORK,RECORDED,PENDING,PENDING,,,,,,
ad4ff649c2cf3d78,2026-09-04T17:00:00+00:00,2026-09-04T17:05:06.390232+00:00,USD/CHF,H4,SHORT,USD,CHF,-0.0024897697579253,-0.0017487863609258285,0.0024897697579253,-0.004238556118851129,0.8093,NEW_YORK,RECORDED,PENDING,PENDING,,,,,,
d85d16b5afe2f8b6,2026-09-04T17:00:00+00:00,2026-09-04T17:05:06.390244+00:00,USD/JPY,H4,NEUTRAL,USD,JPY,0.0018522420710555,-0.0017487863609258285,-0.0018522420710555,0.00010345571012967156,156.08895,NEW_YORK,NOT_TRACKED,NOT_APPLICABLE,NOT_APPLICABLE,,,,,,
3acd95e7d2bad2c7,2026-09-04T18:00:00+00:00,2026-09-04T18:00:13.771780+00:00,AUD/USD,H1,SHORT,AUD,USD,-0.0008460236886632,-0.0008460236886632,0.0007100862149170857,-0.0015561099035802856,0.72041,NEW_YORK,RECORDED,PENDING,PENDING,,,,,,
76bfa1235d947316,2026-09-04T18:00:00+00:00,2026-09-04T18:00:13.771814+00:00,EUR/USD,H1,SHORT,EUR,USD,-0.0006797979537221,-0.0006797979537221,0.0007100862149170857,-0.0013898841686391856,1.16132,NEW_YORK,RECORDED,PENDING,PENDING,,,,,,
89dca1d9d2ff50dc,2026-09-04T18:00:00+00:00,2026-09-04T18:00:13.771838+00:00,GBP/USD,H1,SHORT,GBP,USD,-0.0004216101068078,-0.0004216101068078,0.0007100862149170857,-0.0011316963217248856,1.35139,NEW_YORK,RECORDED,PENDING,PENDING,,,,,,
be73880588d1751c,2026-09-04T18:00:00+00:00,2026-09-04T18:00:13.771853+00:00,NZD/USD,H1,SHORT,NZD,USD,-0.0014092637870143,-0.0014092637870143,0.0007100862149170857,-0.002119350001931386,0.58813,NEW_YORK,RECORDED,PENDING,PENDING,,,,,,
73a74c764194288d,2026-09-04T18:00:00+00:00,2026-09-04T18:00:13.771867+00:00,USD/CAD,H1,LONG,USD,CAD,0.0001951261815974,0.0007100862149170857,-0.0001951261815974,0.0009052123965144857,1.38399,NEW_YORK,RECORDED,PENDING,PENDING,,,,,,
33c5f2a7993ab92c,2026-09-04T18:00:00+00:00,2026-09-04T18:00:13.771881+00:00,USD/CHF,H1,LONG,USD,CHF,0.0010132964262765,0.0007100862149170857,-0.0010132964262765,0.0017233826411935855,0.81006,NEW_YORK,RECORDED,PENDING,PENDING,,,,,,
0f744bfccfb2fb00,2026-09-04T18:00:00+00:00,2026-09-04T18:00:13.771894+00:00,USD/JPY,H1,LONG,USD,JPY,0.0004054853603383,0.0007100862149170857,-0.0004054853603383,0.0011155715752553857,156.14784,NEW_YORK,RECORDED,PENDING,PENDING,,,,,,
2080b4506aef9dd3,2026-09-04T19:00:00+00:00,2026-09-04T19:00:10.135864+00:00,AUD/USD,H1,NEUTRAL,AUD,USD,-0.0001388136981357,-0.0001388136981357,0.00022572468296283986,-0.00036453838109853985,0.72029,NEW_YORK,NOT_TRACKED,NOT_APPLICABLE,NOT_APPLICABLE,,,,,,
38d01bc7264baabd,2026-09-04T19:00:00+00:00,2026-09-04T19:00:10.135899+00:00,EUR/USD,H1,SHORT,EUR,USD,-0.0001980556105709,-0.0001980556105709,0.00022572468296283986,-0.00042378029353373986,1.16106,NEW_YORK,RECORDED,PENDING,PENDING,,,,,,
a1f6e24484db0595,2026-09-04T19:00:00+00:00,2026-09-04T19:00:10.135918+00:00,GBP/USD,H1,NEUTRAL,GBP,USD,-6.659760248625387e-05,-6.659760248625387e-05,0.00022572468296283986,-0.00029232228544909375,1.35131,NEW_YORK,NOT_TRACKED,NOT_APPLICABLE,NOT_APPLICABLE,,,,,,
c0b695e1b4645ec3,2026-09-04T19:00:00+00:00,2026-09-04T19:00:10.135934+00:00,NZD/USD,H1,NEUTRAL,NZD,USD,-0.000153024790016,-0.000153024790016,0.00022572468296283986,-0.00037874947297883985,0.58805,NEW_YORK,NOT_TRACKED,NOT_APPLICABLE,NOT_APPLICABLE,,,,,,
568627c27070b27a,2026-09-04T19:00:00+00:00,2026-09-04T19:00:10.135949+00:00,USD/CAD,H1,NEUTRAL,USD,CAD,3.612873390472529e-05,0.00022572468296283986,-3.612873390472529e-05,0.00026185341686756514,1.38399,NEW_YORK,NOT_TRACKED,NOT_APPLICABLE,NOT_APPLICABLE,,,,,,
c9f5e38e98d8b530,2026-09-04T19:00:00+00:00,2026-09-04T19:00:10.135964+00:00,USD/CHF,H1,LONG,USD,CHF,0.0003333251030838,0.00022572468296283986,-0.0003333251030838,0.0005590497860466398,0.81029,NEW_YORK,RECORDED,PENDING,PENDING,,,,,,
900de0d6e8c51c46,2026-09-04T19:00:00+00:00,2026-09-04T19:00:10.135978+00:00,USD/JPY,H1,LONG,USD,JPY,0.0006541272425425,0.00022572468296283986,-0.0006541272425425,0.0008798519255053399,156.24913,NEW_YORK,RECORDED,PENDING,PENDING,,,,,,
342f6477af94fda3,2026-09-04T20:00:00+00:00,2026-09-04T20:00:11.492164+00:00,AUD/USD,H1,LONG,AUD,USD,0.0005136748576981,0.0005136748576981,-0.00039636195417413827,0.0009100368118722383,0.72067,NEW_YORK,RECORDED,PENDING,PENDING,,,,,,
55a08ea6298b31e6,2026-09-04T20:00:00+00:00,2026-09-04T20:00:11.492196+00:00,EUR/USD,H1,LONG,EUR,USD,0.000301451272555,0.000301451272555,-0.00039636195417413827,0.0006978132267291383,1.1614,NEW_YORK,RECORDED,PENDING,PENDING,,,,,,
9a1a6b2b3575cfc6,2026-09-04T20:00:00+00:00,2026-09-04T20:00:11.492216+00:00,GBP/USD,H1,LONG,GBP,USD,0.0004144157477985,0.0004144157477985,-0.00039636195417413827,0.0008107777019726383,1.35186,NEW_YORK,RECORDED,PENDING,PENDING,,,,,,
ba045ec0e6781806,2026-09-04T20:00:00+00:00,2026-09-04T20:00:11.492232+00:00,NZD/USD,H1,LONG,NZD,USD,0.00045911340101,0.00045911340101,-0.00039636195417413827,0.0008554753551841382,0.58836,NEW_YORK,RECORDED,PENDING,PENDING,,,,,,
5f2ca6e2b0883fef,2026-09-04T20:00:00+00:00,2026-09-04T20:00:11.492246+00:00,USD/CAD,H1,SHORT,USD,CAD,-0.0006719701731949,-0.00039636195417413827,0.0006719701731949,-0.0010683321273690382,1.38306,NEW_YORK,RECORDED,PENDING,PENDING,,,,,,
1ea876928113cf52,2026-09-04T20:00:00+00:00,2026-09-04T20:00:11.492261+00:00,USD/CHF,H1,SHORT,USD,CHF,-0.0004443073125578,-0.00039636195417413827,0.0004443073125578,-0.0008406692667319382,0.80989,NEW_YORK,RECORDED,PENDING,PENDING,,,,,,
1a8ebb5a70f6992f,2026-09-04T20:00:00+00:00,2026-09-04T20:00:11.492276+00:00,USD/JPY,H1,NEUTRAL,USD,JPY,3.039908559533212e-05,-0.00039636195417413827,-3.039908559533212e-05,-0.00036596286857880616,156.25945,NEW_YORK,NOT_TRACKED,NOT_APPLICABLE,NOT_APPLICABLE,,,,,,
2fd59c1f58360477,2026-09-04T00:00:00+00:00,2026-09-04T21:10:17.933198+00:00,AUD/USD,D1,LONG,AUD,USD,0.0042957363422083,0.0042957363422083,-0.006349131823616557,0.010644868165824857,0.72007,ASIA,RECORDED,PENDING,PENDING,,,,,,
52bef55c6e769904,2026-09-04T00:00:00+00:00,2026-09-04T21:10:17.933240+00:00,EUR/USD,D1,LONG,EUR,USD,0.0032446799330353,0.0032446799330353,-0.006349131823616557,0.009593811756651856,1.16258,ASIA,RECORDED,PENDING,PENDING,,,,,,
bf38bb485084c8f7,2026-09-04T00:00:00+00:00,2026-09-04T21:10:17.933261+00:00,GBP/USD,D1,LONG,GBP,USD,0.0029366615497563,0.0029366615497563,-0.006349131823616557,0.009285793373372857,1.35243,ASIA,RECORDED,PENDING,PENDING,,,,,,
fc2aab872bf8dd17,2026-09-04T00:00:00+00:00,2026-09-04T21:10:17.933279+00:00,NZD/USD,D1,LONG,NZD,USD,0.005332786380884,0.005332786380884,-0.006349131823616557,0.011681918204500557,0.58818,ASIA,RECORDED,PENDING,PENDING,,,,,,
992b645b1b31be44,2026-09-04T00:00:00+00:00,2026-09-04T21:10:17.933297+00:00,USD/CAD,D1,SHORT,USD,CAD,-0.0037197812913058,-0.006349131823616557,0.0037197812913058,-0.010068913114922357,1.37934,ASIA,RECORDED,PENDING,PENDING,,,,,,
d4b0c979d75a8f34,2026-09-04T00:00:00+00:00,2026-09-04T21:10:17.933315+00:00,USD/CHF,D1,SHORT,USD,CHF,-0.0065562881322575,-0.006349131823616557,0.0065562881322575,-0.012905419955874057,0.80763,ASIA,RECORDED,PENDING,PENDING,,,,,,
8321c8b7b704f022,2026-09-04T00:00:00+00:00,2026-09-04T21:10:17.933331+00:00,USD/JPY,D1,SHORT,USD,JPY,-0.0183579891358687,-0.006349131823616557,0.0183579891358687,-0.024707120959485258,155.8121,ASIA,RECORDED,PENDING,PENDING,,,,,,
001c8103c50571e4,2026-09-04T22:00:00+00:00,2026-09-04T22:00:08.466525+00:00,AUD/USD,H1,SHORT,AUD,USD,-0.0004302627378588,-0.0004302627378588,1.7895591272834406e-06,-0.00043205229698608345,0.72018,LATE_NY,RECORDED,PENDING,PENDING,,,,,,
0e367a2ea213cb8d,2026-09-04T22:00:00+00:00,2026-09-04T22:00:08.466561+00:00,EUR/USD,H1,NEUTRAL,EUR,USD,0.0002583044893321,0.0002583044893321,1.7895591272834406e-06,0.00025651493020481655,1.16172,LATE_NY,NOT_TRACKED,NOT_APPLICABLE,NOT_APPLICABLE,,,,,,
b61606679e6a58d1,2026-09-04T22:00:00+00:00,2026-09-04T22:00:08.466581+00:00,GBP/USD,H1,NEUTRAL,GBP,USD,-6.657937370996803e-05,-6.657937370996803e-05,1.7895591272834406e-06,-6.836893283725147e-05,1.35168,LATE_NY,NOT_TRACKED,NOT_APPLICABLE,NOT_APPLICABLE,,,,,,
cb7a060ecce2f9b6,2026-09-04T22:00:00+00:00,2026-09-04T22:00:08.466597+00:00,NZD/USD,H1,NEUTRAL,NZD,USD,8.501955449752508e-05,8.501955449752508e-05,1.7895591272834406e-06,8.322999537024163e-05,0.58815,LATE_NY,NOT_TRACKED,NOT_APPLICABLE,NOT_APPLICABLE,,,,,,
b7de0544c77d3d12,2026-09-04T22:00:00+00:00,2026-09-04T22:00:08.466611+00:00,USD/CAD,H1,NEUTRAL,USD,CAD,-0.000310752019888,1.7895591272834406e-06,0.000310752019888,-0.00030896246076071656,1.38331,LATE_NY,NOT_TRACKED,NOT_APPLICABLE,NOT_APPLICABLE,,,,,,
7b405fb2c4df5fbd,2026-09-04T22:00:00+00:00,2026-09-04T22:00:08.466626+00:00,USD/CHF,H1,NEUTRAL,USD,CHF,-6.17299192572588e-05,1.7895591272834406e-06,6.17299192572588e-05,-5.9940360129975366e-05,0.80993,LATE_NY,NOT_TRACKED,NOT_APPLICABLE,NOT_APPLICABLE,,,,,,
24e1bd57e774dbde,2026-09-04T22:00:00+00:00,2026-09-04T22:00:08.466640+00:00,USD/JPY,H1,NEUTRAL,USD,JPY,0.0002314907852971,1.7895591272834406e-06,-0.0002314907852971,0.00023328034442438343,156.28429,LATE_NY,NOT_TRACKED,NOT_APPLICABLE,NOT_APPLICABLE,,,,,,
67696381e2137b75,2026-09-04T23:00:00+00:00,2026-09-04T23:00:05.696066+00:00,AUD/USD,H1,NEUTRAL,AUD,USD,2.777276325095327e-05,2.777276325095327e-05,-9.143420021009418e-05,0.00011920696346104744,0.72015,LATE_NY,NOT_TRACKED,NOT_APPLICABLE,NOT_APPLICABLE,,,,,,
9d22422b695915fa,2026-09-04T23:00:00+00:00,2026-09-04T23:00:05.696101+00:00,EUR/USD,H1,NEUTRAL,EUR,USD,0.0002496427526127,0.0002496427526127,-9.143420021009418e-05,0.00034107695282279413,1.16195,LATE_NY,NOT_TRACKED,NOT_APPLICABLE,NOT_APPLICABLE,,,,,,
14d8e47c3e70d7c8,2026-09-04T23:00:00+00:00,2026-09-04T23:00:05.696120+00:00,GBP/USD,H1,NEUTRAL,GBP,USD,-2.959324090380717e-05,-2.959324090380717e-05,-9.143420021009418e-05,6.184095930628701e-05,1.35162,LATE_NY,NOT_TRACKED,NOT_APPLICABLE,NOT_APPLICABLE,,,,,,
2c3f2f886730a71c,2026-09-04T23:00:00+00:00,2026-09-04T23:00:05.696137+00:00,NZD/USD,H1,NEUTRAL,NZD,USD,-5.101260011218434e-05,-5.101260011218434e-05,-9.143420021009418e-05,4.0421600097909846e-05,0.58806,LATE_NY,NOT_TRACKED,NOT_APPLICABLE,NOT_APPLICABLE,,,,,,
a3181f97d737d49b,2026-09-04T23:00:00+00:00,2026-09-04T23:00:05.696151+00:00,USD/CAD,H1,NEUTRAL,USD,CAD,-0.0002674743911342,-9.143420021009418e-05,0.0002674743911342,-0.0003589085913442942,1.38294,LATE_NY,NOT_TRACKED,NOT_APPLICABLE,NOT_APPLICABLE,,,,,,
69fd434942526b9a,2026-09-04T23:00:00+00:00,2026-09-04T23:00:05.696166+00:00,USD/CHF,H1,NEUTRAL,USD,CHF,-4.938210639379761e-05,-9.143420021009418e-05,4.938210639379761e-05,-0.00014081630660389179,0.80997,LATE_NY,NOT_TRACKED,NOT_APPLICABLE,NOT_APPLICABLE,,,,,,
3fbc329a2f54fdf2,2026-09-04T23:00:00+00:00,2026-09-04T23:00:05.696181+00:00,USD/JPY,H1,NEUTRAL,USD,JPY,-0.000126373229095,-9.143420021009418e-05,0.000126373229095,-0.00021780742930509417,156.26335,LATE_NY,NOT_TRACKED,NOT_APPLICABLE,NOT_APPLICABLE,,,,,,
7ac6295da34771dc,2026-09-05T00:00:00+00:00,2026-09-05T00:00:07.940955+00:00,AUD/USD,H1,NEUTRAL,AUD,USD,-0.0001805154410132,-0.0001805154410132,2.8949408861878165e-05,-0.00020946484987507816,0.72003,ASIA,NOT_TRACKED,NOT_APPLICABLE,NOT_APPLICABLE,,,,,,
32a5fc63c71bca65,2026-09-05T00:00:00+00:00,2026-09-05T00:00:07.940990+00:00,EUR/USD,H1,NEUTRAL,EUR,USD,3.4430222849651825e-05,3.4430222849651825e-05,2.8949408861878165e-05,5.4808139877736605e-06,1.16181,ASIA,NOT_TRACKED,NOT_APPLICABLE,NOT_APPLICABLE,,,,,,
c2da4c2b57ba6445,2026-09-05T00:00:00+00:00,2026-09-05T00:00:07.941011+00:00,GBP/USD,H1,NEUTRAL,GBP,USD,-2.959302196528588e-05,-2.959302196528588e-05,2.8949408861878165e-05,-5.854243082716405e-05,1.35163,ASIA,NOT_TRACKED,NOT_APPLICABLE,NOT_APPLICABLE,,,,,,
c096bbec64a851f1,2026-09-05T00:00:00+00:00,2026-09-05T00:00:07.941027+00:00,NZD/USD,H1,NEUTRAL,NZD,USD,-5.101346755558004e-05,-5.101346755558004e-05,2.8949408861878165e-05,-7.996287641745821e-05,0.58805,ASIA,NOT_TRACKED,NOT_APPLICABLE,NOT_APPLICABLE,,,,,,
8f47ae2f588c8f9d,2026-09-05T00:00:00+00:00,2026-09-05T00:00:07.941043+00:00,USD/CAD,H1,NEUTRAL,USD,CAD,-0.0001301349065198,2.8949408861878165e-05,0.0001301349065198,-0.00010118549765792183,1.383,ASIA,NOT_TRACKED,NOT_APPLICABLE,NOT_APPLICABLE,,,,,,
4173de1ce241d6a4,2026-09-05T00:00:00+00:00,2026-09-05T00:00:07.941058+00:00,USD/CHF,H1,NEUTRAL,USD,CHF,4.9387593836477686e-05,2.8949408861878165e-05,-4.9387593836477686e-05,7.833700269835585e-05,0.80996,ASIA,NOT_TRACKED,NOT_APPLICABLE,NOT_APPLICABLE,,,,,,
157d96d3f5bc6a73,2026-09-05T00:00:00+00:00,2026-09-05T00:00:07.941072+00:00,USD/JPY,H1,NEUTRAL,USD,JPY,5.6701467032055375e-05,2.8949408861878165e-05,-5.6701467032055375e-05,8.565087589393354e-05,156.26584,ASIA,NOT_TRACKED,NOT_APPLICABLE,NOT_APPLICABLE,,,,,,
7afb5a3e608796fe,2026-09-05T01:00:00+00:00,2026-09-05T01:00:05.676157+00:00,AUD/USD,H1,NEUTRAL,AUD,USD,0.000388818685515,0.000388818685515,-1.0643169280190364e-05,0.00039946185479519035,0.72041,ASIA,NOT_TRACKED,NOT_APPLICABLE,NOT_APPLICABLE,,,,,,
2f26f8ccaa07f59d,2026-09-05T01:00:00+00:00,2026-09-05T01:00:05.676185+00:00,EUR/USD,H1,NEUTRAL,EUR,USD,-0.0003356975623191,-0.0003356975623191,-1.0643169280190364e-05,-0.00032505439303890965,1.16137,ASIA,NOT_TRACKED,NOT_APPLICABLE,NOT_APPLICABLE,,,,,,
98beb976e953e256,2026-09-05T01:00:00+00:00,2026-09-05T01:00:05.676202+00:00,GBP/USD,H1,NEUTRAL,GBP,USD,2.9592803030332623e-05,2.9592803030332623e-05,-1.0643169280190364e-05,4.0235972310522986e-05,1.35172,ASIA,NOT_TRACKED,NOT_APPLICABLE,NOT_APPLICABLE,,,,,,
7caab92b795ba476,2026-09-05T01:00:00+00:00,2026-09-05T01:00:05.676215+00:00,NZD/USD,H1,NEUTRAL,NZD,USD,-0.000119033448399,-0.000119033448399,-1.0643169280190364e-05,-0.00010839027911880963,0.588,ASIA,NOT_TRACKED,NOT_APPLICABLE,NOT_APPLICABLE,,,,,,
5710ba46271732f2,2026-09-05T01:00:00+00:00,2026-09-05T01:00:05.676226+00:00,USD/CAD,H1,NEUTRAL,USD,CAD,0.0003108845750641,-1.0643169280190364e-05,-0.0003108845750641,0.00030024140578390965,1.38358,ASIA,NOT_TRACKED,NOT_APPLICABLE,NOT_APPLICABLE,,,,,,
220d7b28f3c3544d,2026-09-05T01:00:00+00:00,2026-09-05T01:00:05.676236+00:00,USD/CHF,H1,NEUTRAL,USD,CHF,-0.000283985677244,-1.0643169280190364e-05,0.000283985677244,-0.00029462884652419033,0.80967,ASIA,NOT_TRACKED,NOT_APPLICABLE,NOT_APPLICABLE,,,,,,
20259ba9bfaa6ba2,2026-09-05T01:00:00+00:00,2026-09-05T01:00:05.676246+00:00,USD/JPY,H1,NEUTRAL,USD,JPY,-0.0001377206049542,-1.0643169280190364e-05,0.0001377206049542,-0.00014836377423439035,156.23687,ASIA,NOT_TRACKED,NOT_APPLICABLE,NOT_APPLICABLE,,,,,,
8dbb455892b82b08,2026-09-05T05:00:00+00:00,2026-09-05T06:41:12.014505+00:00,AUD/USD,H4,NEUTRAL,AUD,USD,1.388098443935327e-05,1.388098443935327e-05,7.578912187236383e-07,1.3123093220629632e-05,0.72042,ASIA,NOT_TRACKED,NOT_APPLICABLE,NOT_APPLICABLE,,,,,,
28a8fbc348d2c677,2026-09-05T05:00:00+00:00,2026-09-05T06:41:12.014537+00:00,EUR/USD,H4,NEUTRAL,EUR,USD,1.7220892386565103e-05,1.7220892386565103e-05,7.578912187236383e-07,1.6463001167841463e-05,1.1614,ASIA,NOT_TRACKED,NOT_APPLICABLE,NOT_APPLICABLE,,,,,,
ca2301fae7281b8d,2026-09-05T05:00:00+00:00,2026-09-05T06:41:12.014558+00:00,GBP/USD,H4,NEUTRAL,GBP,USD,-2.2193288749463283e-05,-2.2193288749463283e-05,7.578912187236383e-07,-2.2951179968186923e-05,1.35173,ASIA,NOT_TRACKED,NOT_APPLICABLE,NOT_APPLICABLE,,,,,,
e19f0d850b350b02,2026-09-05T05:00:00+00:00,2026-09-05T06:41:12.014573+00:00,NZD/USD,H4,NEUTRAL,NZD,USD,1.7005935071262503e-05,1.7005935071262503e-05,7.578912187236383e-07,1.6248043852538863e-05,0.58804,ASIA,NOT_TRACKED,NOT_APPLICABLE,NOT_APPLICABLE,,,,,,
9c4702f11505b402,2026-09-05T05:00:00+00:00,2026-09-05T06:41:12.014588+00:00,USD/CAD,H4,NEUTRAL,USD,CAD,1.445514928548846e-05,7.578912187236383e-07,-1.445514928548846e-05,1.5213040504212097e-05,1.38361,ASIA,NOT_TRACKED,NOT_APPLICABLE,NOT_APPLICABLE,,,,,,
b384338771d0ba85,2026-09-05T05:00:00+00:00,2026-09-05T06:41:12.014603+00:00,USD/CHF,H4,NEUTRAL,USD,CHF,2.4701421566835872e-05,7.578912187236383e-07,-2.4701421566835872e-05,2.5459312785559512e-05,0.80969,ASIA,NOT_TRACKED,NOT_APPLICABLE,NOT_APPLICABLE,,,,,,
a28e7e075502470d,2026-09-05T05:00:00+00:00,2026-09-05T06:41:12.014617+00:00,USD/JPY,H4,NEUTRAL,USD,JPY,-7.93680917354127e-06,7.578912187236383e-07,7.93680917354127e-06,-7.178917954817632e-06,156.23283,ASIA,NOT_TRACKED,NOT_APPLICABLE,NOT_APPLICABLE,,,,,,
1d6a5ace7ea7ab6f,2026-09-05T07:00:00+00:00,2026-09-05T07:00:07.179071+00:00,AUD/USD,H1,NEUTRAL,AUD,USD,2.776235424751385e-05,2.776235424751385e-05,2.4338161069587375e-05,3.4241931779264748e-06,0.72042,LONDON,NOT_TRACKED,NOT_APPLICABLE,NOT_APPLICABLE,,,,,,
512a3b7a9cbb55a6,2026-09-05T07:00:00+00:00,2026-09-05T07:00:07.179101+00:00,EUR/USD,H1,NEUTRAL,EUR,USD,-1.7220447559544883e-05,-1.7220447559544883e-05,2.4338161069587375e-05,-4.155860862913226e-05,1.16139,LONDON,NOT_TRACKED,NOT_APPLICABLE,NOT_APPLICABLE,,,,,,
5e11709f60defc9e,2026-09-05T07:00:00+00:00,2026-09-05T07:00:07.179117+00:00,GBP/USD,H1,NEUTRAL,GBP,USD,2.2194273877485047e-05,2.2194273877485047e-05,2.4338161069587375e-05,-2.1438871921023284e-06,1.35173,LONDON,NOT_TRACKED,NOT_APPLICABLE,NOT_APPLICABLE,,,,,,
9aea127f542f9a70,2026-09-05T07:00:00+00:00,2026-09-05T07:00:07.179131+00:00,NZD/USD,H1,NEUTRAL,NZD,USD,-0.0001870430198944,-0.0001870430198944,2.4338161069587375e-05,-0.00021138118096398738,0.58799,LONDON,NOT_TRACKED,NOT_APPLICABLE,NOT_APPLICABLE,,,,,,
c851c74e4390856f,2026-09-05T07:00:00+00:00,2026-09-05T07:00:07.179143+00:00,USD/CAD,H1,NEUTRAL,USD,CAD,7.227470168664228e-06,2.4338161069587375e-05,-7.227470168664228e-06,3.1565631238251604e-05,1.38362,LONDON,NOT_TRACKED,NOT_APPLICABLE,NOT_APPLICABLE,,,,,,
6653035057964895,2026-09-05T07:00:00+00:00,2026-09-05T07:00:07.179156+00:00,USD/CHF,H1,NEUTRAL,USD,CHF,0.0,2.4338161069587375e-05,0.0,2.4338161069587375e-05,0.80968,LONDON,NOT_TRACKED,NOT_APPLICABLE,NOT_APPLICABLE,,,,,,
9aca4a6421c15bdc,2026-09-05T07:00:00+00:00,2026-09-05T07:00:07.179167+00:00,USD/JPY,H1,NEUTRAL,USD,JPY,8.832817989501386e-06,2.4338161069587375e-05,-8.832817989501386e-06,3.317097905908876e-05,156.23691,LONDON,NOT_TRACKED,NOT_APPLICABLE,NOT_APPLICABLE,,,,,,
6af990fee0591b01,2026-09-05T08:00:00+00:00,2026-09-05T08:00:07.730601+00:00,AUD/USD,H1,NEUTRAL,AUD,USD,-9.716689107593525e-05,-9.716689107593525e-05,3.888868546221269e-05,-0.00013605557653814795,0.72034,LONDON,NOT_TRACKED,NOT_APPLICABLE,NOT_APPLICABLE,,,,,,
e095badf0ea71f20,2026-09-05T08:00:00+00:00,2026-09-05T08:00:07.730638+00:00,EUR/USD,H1,NEUTRAL,EUR,USD,9.471490812639484e-05,9.471490812639484e-05,3.888868546221269e-05,5.5826222664182154e-05,1.16149,LONDON,NOT_TRACKED,NOT_APPLICABLE,NOT_APPLICABLE,,,,,,
def960f2eb89e3ea,2026-09-05T08:00:00+00:00,2026-09-05T08:00:07.730663+00:00,GBP/USD,H1,NEUTRAL,GBP,USD,-4.438821936654237e-05,-4.438821936654237e-05,3.888868546221269e-05,-8.327690482875506e-05,1.35165,LONDON,NOT_TRACKED,NOT_APPLICABLE,NOT_APPLICABLE,,,,,,
a62812a3052d9859,2026-09-05T08:00:00+00:00,2026-09-05T08:00:07.730682+00:00,NZD/USD,H1,NEUTRAL,NZD,USD,-6.802489711241114e-05,-6.802489711241114e-05,3.888868546221269e-05,-0.00010691358257462383,0.58798,LONDON,NOT_TRACKED,NOT_APPLICABLE,NOT_APPLICABLE,,,,,,
89238319e608ad53,2026-09-05T08:00:00+00:00,2026-09-05T08:00:07.730699+00:00,USD/CAD,H1,NEUTRAL,USD,CAD,2.1682253797989688e-05,3.888868546221269e-05,-2.1682253797989688e-05,6.057093926020238e-05,1.38365,LONDON,NOT_TRACKED,NOT_APPLICABLE,NOT_APPLICABLE,,,,,,
94b94e85dd7f912e,2026-09-05T08:00:00+00:00,2026-09-05T08:00:07.730715+00:00,USD/CHF,H1,NEUTRAL,USD,CHF,9.880568626720638e-05,3.888868546221269e-05,-9.880568626720638e-05,0.00013769437172941906,0.80975,LONDON,NOT_TRACKED,NOT_APPLICABLE,NOT_APPLICABLE,,,,,,
93ca33d4aed16edb,2026-09-05T08:00:00+00:00,2026-09-05T08:00:07.730731+00:00,USD/JPY,H1,NEUTRAL,USD,JPY,3.6867758741798846e-05,3.888868546221269e-05,-3.6867758741798846e-05,7.575644420401153e-05,156.23983,LONDON,NOT_TRACKED,NOT_APPLICABLE,NOT_APPLICABLE,,,,,,
7105430db91ce722,2026-09-05T09:00:00+00:00,2026-09-05T09:00:39.136961+00:00,AUD/USD,H1,NEUTRAL,AUD,USD,1.3881177123756923e-05,1.3881177123756923e-05,-7.602769635478543e-06,2.1483946759235467e-05,0.72041,LONDON,NOT_TRACKED,NOT_APPLICABLE,NOT_APPLICABLE,,,,,,
7e69094a2ea95846,2026-09-05T09:00:00+00:00,2026-09-05T09:00:39.137009+00:00,EUR/USD,H1,NEUTRAL,EUR,USD,-3.444059857744654e-05,-3.444059857744654e-05,-7.602769635478543e-06,-2.6837828941968e-05,1.16138,LONDON,NOT_TRACKED,NOT_APPLICABLE,NOT_APPLICABLE,,,,,,
0cff304f0285a180,2026-09-05T09:00:00+00:00,2026-09-05T09:00:39.137036+00:00,GBP/USD,H1,NEUTRAL,GBP,USD,6.658331422139948e-05,6.658331422139948e-05,-7.602769635478543e-06,7.418608385687802e-05,1.35178,LONDON,NOT_TRACKED,NOT_APPLICABLE,NOT_APPLICABLE,,,,,,
5f8bebe15a4a33cd,2026-09-05T09:00:00+00:00,2026-09-05T09:00:39.137057+00:00,NZD/USD,H1,NEUTRAL,NZD,USD,-3.4013605442210887e-05,-3.4013605442210887e-05,-7.602769635478543e-06,-2.6410835806732343e-05,0.58798,LONDON,NOT_TRACKED,NOT_APPLICABLE,NOT_APPLICABLE,,,,,,
b051e724d121969b,2026-09-05T09:00:00+00:00,2026-09-05T09:00:39.137077+00:00,USD/CAD,H1,NEUTRAL,USD,CAD,-7.227417932716723e-06,-7.602769635478543e-06,7.227417932716723e-06,-1.4830187568195265e-05,1.38361,LONDON,NOT_TRACKED,NOT_APPLICABLE,NOT_APPLICABLE,,,,,,
521704cd14381a34,2026-09-05T09:00:00+00:00,2026-09-05T09:00:39.137096+00:00,USD/CHF,H1,NEUTRAL,USD,CHF,-2.4700811421679905e-05,-7.602769635478543e-06,2.4700811421679905e-05,-3.230358105715845e-05,0.80967,LONDON,NOT_TRACKED,NOT_APPLICABLE,NOT_APPLICABLE,,,,,,
7775233c2637dcfe,2026-09-05T09:00:00+00:00,2026-09-05T09:00:39.137115+00:00,USD/JPY,H1,NEUTRAL,USD,JPY,-9.280870768454196e-06,-7.602769635478543e-06,9.280870768454196e-06,-1.6883640403932738e-05,156.23389,LONDON,NOT_TRACKED,NOT_APPLICABLE,NOT_APPLICABLE,,,,,,
2e011ad9f96bde3e,2026-09-05T09:00:00+00:00,2026-09-05T09:05:07.215739+00:00,AUD/USD,H4,NEUTRAL,AUD,USD,0.0,0.0,9.142670929625235e-06,-9.142670929625235e-06,0.72041,LONDON,NOT_TRACKED,NOT_APPLICABLE,NOT_APPLICABLE,,,,,,
cb64b9ce7cad90f4,2026-09-05T09:00:00+00:00,2026-09-05T09:05:07.215771+00:00,EUR/USD,H4,NEUTRAL,EUR,USD,0.0,0.0,9.142670929625235e-06,-9.142670929625235e-06,1.16138,LONDON,NOT_TRACKED,NOT_APPLICABLE,NOT_APPLICABLE,,,,,,
a81785466636dd29,2026-09-05T09:00:00+00:00,2026-09-05T09:05:07.215789+00:00,GBP/USD,H4,NEUTRAL,GBP,USD,5.178625592768752e-05,5.178625592768752e-05,9.142670929625235e-06,4.2643584998062285e-05,1.35178,LONDON,NOT_TRACKED,NOT_APPLICABLE,NOT_APPLICABLE,,,,,,
6f79bb9f7477a4c9,2026-09-05T09:00:00+00:00,2026-09-05T09:05:07.215806+00:00,NZD/USD,H4,NEUTRAL,NZD,USD,-0.0001020338752466,-0.0001020338752466,9.142670929625235e-06,-0.00011117654617622524,0.58798,LONDON,NOT_TRACKED,NOT_APPLICABLE,NOT_APPLICABLE,,,,,,
2fdf2509fd25f4ca,2026-09-05T09:00:00+00:00,2026-09-05T09:05:07.215821+00:00,USD/CAD,H4,NEUTRAL,USD,CAD,1.445514928548846e-05,9.142670929625235e-06,-1.445514928548846e-05,2.3597820215113694e-05,1.38361,LONDON,NOT_TRACKED,NOT_APPLICABLE,NOT_APPLICABLE,,,,,,
8903372e3e743221,2026-09-05T09:00:00+00:00,2026-09-05T09:05:07.215835+00:00,USD/CHF,H4,NEUTRAL,USD,CHF,0.0,9.142670929625235e-06,0.0,9.142670929625235e-06,0.80967,LONDON,NOT_TRACKED,NOT_APPLICABLE,NOT_APPLICABLE,,,,,,
b6f803f5f27d3fa2,2026-09-05T09:00:00+00:00,2026-09-05T09:05:07.215850+00:00,USD/JPY,H4,NEUTRAL,USD,JPY,-7.040720970242955e-07,9.142670929625235e-06,7.040720970242955e-07,8.43859883260094e-06,156.23389,LONDON,NOT_TRACKED,NOT_APPLICABLE,NOT_APPLICABLE,,,,,,
d18aaaf90d468432,2026-09-05T11:00:00+00:00,2026-09-05T11:00:10.244432+00:00,AUD/USD,H1,NEUTRAL,AUD,USD,0.0,0.0,-1.8086530932824858e-06,1.8086530932824858e-06,0.72041,LONDON,NOT_TRACKED,NOT_APPLICABLE,NOT_APPLICABLE,,,,,,
9cb03e21728213a6,2026-09-05T11:00:00+00:00,2026-09-05T11:00:10.244461+00:00,EUR/USD,H1,NEUTRAL,EUR,USD,6.88835695464516e-05,6.88835695464516e-05,-1.8086530932824858e-06,7.069222263973409e-05,1.16146,LONDON,NOT_TRACKED,NOT_APPLICABLE,NOT_APPLICABLE,,,,,,
231afdef91fce417,2026-09-05T11:00:00+00:00,2026-09-05T11:00:10.244477+00:00,GBP/USD,H1,NEUTRAL,GBP,USD,5.178395733002989e-05,5.178395733002989e-05,-1.8086530932824858e-06,5.359261042331237e-05,1.35184,LONDON,NOT_TRACKED,NOT_APPLICABLE,NOT_APPLICABLE,,,,,,
28e3d16ed111eefb,2026-09-05T11:00:00+00:00,2026-09-05T11:00:10.244489+00:00,NZD/USD,H1,NEUTRAL,NZD,USD,6.803068183757675e-05,6.803068183757675e-05,-1.8086530932824858e-06,6.983933493085924e-05,0.58801,LONDON,NOT_TRACKED,NOT_APPLICABLE,NOT_APPLICABLE,,,,,,
e69280ee87d5c828,2026-09-05T11:00:00+00:00,2026-09-05T11:00:10.244500+00:00,USD/CAD,H1,NEUTRAL,USD,CAD,4.33648210116644e-05,-1.8086530932824858e-06,-4.33648210116644e-05,4.155616791838192e-05,1.38367,LONDON,NOT_TRACKED,NOT_APPLICABLE,NOT_APPLICABLE,,,,,,
f25c47cca6b9824d,2026-09-05T11:00:00+00:00,2026-09-05T11:00:10.244511+00:00,USD/CHF,H1,NEUTRAL,USD,CHF,6.175355391702113e-05,-1.8086530932824858e-06,-6.175355391702113e-05,5.994490082373864e-05,0.80972,LONDON,NOT_TRACKED,NOT_APPLICABLE,NOT_APPLICABLE,,,,,,
48bdd1b6dcee88a6,2026-09-05T11:00:00+00:00,2026-09-05T11:00:10.244522+00:00,USD/JPY,H1,NEUTRAL,USD,JPY,7.091926213239532e-05,-1.8086530932824858e-06,-7.091926213239532e-05,6.911060903911282e-05,156.24508,LONDON,NOT_TRACKED,NOT_APPLICABLE,NOT_APPLICABLE,,,,,,
eb3a7ed9b36d7feb,2026-09-05T13:00:00+00:00,2026-09-05T13:00:41.723381+00:00,AUD/USD,H1,NEUTRAL,AUD,USD,-0.0001526908288335,-0.0001526908288335,5.9892602615276265e-05,-0.00021258343144877625,0.7203,LONDON_NY_OVERLAP,NOT_TRACKED,NOT_APPLICABLE,NOT_APPLICABLE,,,,,,
ad4d0d7bf8610b8a,2026-09-05T13:00:00+00:00,2026-09-05T13:00:41.723417+00:00,EUR/USD,H1,NEUTRAL,EUR,USD,-2.582577929286821e-05,-2.582577929286821e-05,5.9892602615276265e-05,-8.571838190814447e-05,1.1616,LONDON_NY_OVERLAP,NOT_TRACKED,NOT_APPLICABLE,NOT_APPLICABLE,,,,,,
d649066f9cc27ea2,2026-09-05T13:00:00+00:00,2026-09-05T13:00:41.723437+00:00,GBP/USD,H1,NEUTRAL,GBP,USD,-4.439018976802352e-05,-4.439018976802352e-05,5.9892602615276265e-05,-0.00010428279238329979,1.35159,LONDON_NY_OVERLAP,NOT_TRACKED,NOT_APPLICABLE,NOT_APPLICABLE,,,,,,
321bb6e3a8540b16,2026-09-05T13:00:00+00:00,2026-09-05T13:00:41.723453+00:00,NZD/USD,H1,NEUTRAL,NZD,USD,0.0,0.0,5.9892602615276265e-05,-5.9892602615276265e-05,0.58799,LONDON_NY_OVERLAP,NOT_TRACKED,NOT_APPLICABLE,NOT_APPLICABLE,,,,,,
dacf4ad02f0b627a,2026-09-05T13:00:00+00:00,2026-09-05T13:00:41.723468+00:00,USD/CAD,H1,NEUTRAL,USD,CAD,0.0002096360284815,5.9892602615276265e-05,-0.0002096360284815,0.0002695286310967763,1.38364,LONDON_NY_OVERLAP,NOT_TRACKED,NOT_APPLICABLE,NOT_APPLICABLE,,,,,,
ac039e27cc38ffa8,2026-09-05T13:00:00+00:00,2026-09-05T13:00:41.723483+00:00,USD/CHF,H1,NEUTRAL,USD,CHF,-4.939430236727134e-05,5.9892602615276265e-05,4.939430236727134e-05,1.0498300248004925e-05,0.80977,LONDON_NY_OVERLAP,NOT_TRACKED,NOT_APPLICABLE,NOT_APPLICABLE,,,,,,
7f7a0fb6a4cfee73,2026-09-05T13:00:00+00:00,2026-09-05T13:00:41.723498+00:00,USD/JPY,H1,NEUTRAL,USD,JPY,3.609969429831344e-05,5.9892602615276265e-05,-3.609969429831344e-05,9.59922969135897e-05,156.23965,LONDON_NY_OVERLAP,NOT_TRACKED,NOT_APPLICABLE,NOT_APPLICABLE,,,,,,
fe563fdfba505502,2026-09-05T13:00:00+00:00,2026-09-05T13:05:33.258812+00:00,AUD/USD,H4,NEUTRAL,AUD,USD,-0.0001665695011242,-0.0001665695011242,3.9192450877890545e-05,-0.00020576195200209055,0.7203,LONDON_NY_OVERLAP,NOT_TRACKED,NOT_APPLICABLE,NOT_APPLICABLE,,,,,,
09db28e558d668b3,2026-09-05T13:00:00+00:00,2026-09-05T13:05:33.258839+00:00,EUR/USD,H4,NEUTRAL,EUR,USD,0.0001894298162529,0.0001894298162529,3.9192450877890545e-05,0.00015023736537500947,1.1616,LONDON_NY_OVERLAP,NOT_TRACKED,NOT_APPLICABLE,NOT_APPLICABLE,,,,,,
4fb64f096f7efe5d,2026-09-05T13:00:00+00:00,2026-09-05T13:05:33.258855+00:00,GBP/USD,H4,NEUTRAL,GBP,USD,-0.0001257619695804,-0.0001257619695804,3.9192450877890545e-05,-0.00016495442045829053,1.35159,LONDON_NY_OVERLAP,NOT_TRACKED,NOT_APPLICABLE,NOT_APPLICABLE,,,,,,
b961368a612f7e30,2026-09-05T13:00:00+00:00,2026-09-05T13:05:33.258868+00:00,NZD/USD,H4,NEUTRAL,NZD,USD,1.7007381203553714e-05,1.7007381203553714e-05,3.9192450877890545e-05,-2.218506967433683e-05,0.58799,LONDON_NY_OVERLAP,NOT_TRACKED,NOT_APPLICABLE,NOT_APPLICABLE,,,,,,
d85892ec4cbd1777,2026-09-05T13:00:00+00:00,2026-09-05T13:05:33.258880+00:00,USD/CAD,H4,NEUTRAL,USD,CAD,2.891008962130674e-05,3.9192450877890545e-05,-2.891008962130674e-05,6.810254049919729e-05,1.38364,LONDON_NY_OVERLAP,NOT_TRACKED,NOT_APPLICABLE,NOT_APPLICABLE,,,,,,
4d0fee4b36d0cd3b,2026-09-05T13:00:00+00:00,2026-09-05T13:05:33.258891+00:00,USD/CHF,H4,NEUTRAL,USD,CHF,0.000123507107834,3.9192450877890545e-05,-0.000123507107834,0.00016269955871189054,0.80977,LONDON_NY_OVERLAP,NOT_TRACKED,NOT_APPLICABLE,NOT_APPLICABLE,,,,,,
0cad7a9605f726af,2026-09-05T13:00:00+00:00,2026-09-05T13:05:33.258906+00:00,USD/JPY,H4,NEUTRAL,USD,JPY,3.603568544178082e-05,3.9192450877890545e-05,-3.603568544178082e-05,7.522813631967136e-05,156.23965,LONDON_NY_OVERLAP,NOT_TRACKED,NOT_APPLICABLE,NOT_APPLICABLE,,,,,,
ba94ec5c265caf82,2026-09-05T15:00:00+00:00,2026-09-05T15:01:31.854954+00:00,AUD/USD,H1,NEUTRAL,AUD,USD,0.0,0.0,1.1613775200569018e-05,-1.1613775200569018e-05,0.7203,LONDON_NY_OVERLAP,NOT_TRACKED,NOT_APPLICABLE,NOT_APPLICABLE,,,,,,
24a61493231f9d52,2026-09-05T15:00:00+00:00,2026-09-05T15:01:31.855002+00:00,EUR/USD,H1,NEUTRAL,EUR,USD,-8.608815426996297e-05,-8.608815426996297e-05,1.1613775200569018e-05,-9.770192947053199e-05,1.1615,LONDON_NY_OVERLAP,NOT_TRACKED,NOT_APPLICABLE,NOT_APPLICABLE,,,,,,
a2eb2d8c8a78226d,2026-09-05T15:00:00+00:00,2026-09-05T15:01:31.855022+00:00,GBP/USD,H1,NEUTRAL,GBP,USD,0.0,0.0,1.1613775200569018e-05,-1.1613775200569018e-05,1.35162,LONDON_NY_OVERLAP,NOT_TRACKED,NOT_APPLICABLE,NOT_APPLICABLE,,,,,,
94792b5408ba133b,2026-09-05T15:00:00+00:00,2026-09-05T15:01:31.855038+00:00,NZD/USD,H1,NEUTRAL,NZD,USD,0.0,0.0,1.1613775200569018e-05,-1.1613775200569018e-05,0.58799,LONDON_NY_OVERLAP,NOT_TRACKED,NOT_APPLICABLE,NOT_APPLICABLE,,,,,,
592c0fbb8a49061a,2026-09-05T15:00:00+00:00,2026-09-05T15:01:31.855052+00:00,USD/CAD,H1,NEUTRAL,USD,CAD,0.0,1.1613775200569018e-05,0.0,1.1613775200569018e-05,1.38359,LONDON_NY_OVERLAP,NOT_TRACKED,NOT_APPLICABLE,NOT_APPLICABLE,,,,,,
61c973316e7eb468,2026-09-05T15:00:00+00:00,2026-09-05T15:01:31.855066+00:00,USD/CHF,H1,NEUTRAL,USD,CHF,-2.469776114797664e-05,1.1613775200569018e-05,2.469776114797664e-05,-1.3083985947407623e-05,0.80977,LONDON_NY_OVERLAP,NOT_TRACKED,NOT_APPLICABLE,NOT_APPLICABLE,,,,,,
aadd5c922adfb651,2026-09-05T15:00:00+00:00,2026-09-05T15:01:31.855080+00:00,USD/JPY,H1,NEUTRAL,USD,JPY,1.9906033281996796e-05,1.1613775200569018e-05,-1.9906033281996796e-05,3.1519808482565815e-05,156.23715,LONDON_NY_OVERLAP,NOT_TRACKED,NOT_APPLICABLE,NOT_APPLICABLE,,,,,,
a69e44c6419df697,2026-09-05T16:00:00+00:00,2026-09-05T16:00:09.602489+00:00,AUD/USD,H1,NEUTRAL,AUD,USD,1.3883104262049826e-05,1.3883104262049826e-05,-1.0313239639626013e-05,2.4196343901675837e-05,0.72031,NEW_YORK,NOT_TRACKED,NOT_APPLICABLE,NOT_APPLICABLE,,,,,,
bb102c9162399161,2026-09-05T16:00:00+00:00,2026-09-05T16:00:09.602516+00:00,EUR/USD,H1,NEUTRAL,EUR,USD,1.7218964967937407e-05,1.7218964967937407e-05,-1.0313239639626013e-05,2.7532204607563422e-05,1.16153,NEW_YORK,NOT_TRACKED,NOT_APPLICABLE,NOT_APPLICABLE,,,,,,
b586a3145f872cf2,2026-09-05T16:00:00+00:00,2026-09-05T16:00:09.602535+00:00,GBP/USD,H1,NEUTRAL,GBP,USD,0.0001257740653875,0.0001257740653875,-1.0313239639626013e-05,0.00013608730502712602,1.3518,NEW_YORK,NOT_TRACKED,NOT_APPLICABLE,NOT_APPLICABLE,,,,,,
4468605c69ce193b,2026-09-05T16:00:00+00:00,2026-09-05T16:00:09.602549+00:00,NZD/USD,H1,NEUTRAL,NZD,USD,5.1021275871995256e-05,5.1021275871995256e-05,-1.0313239639626013e-05,6.133451551162127e-05,0.58802,NEW_YORK,NOT_TRACKED,NOT_APPLICABLE,NOT_APPLICABLE,,,,,,
af0fffd9e8f47806,2026-09-05T16:00:00+00:00,2026-09-05T16:00:09.602562+00:00,USD/CAD,H1,NEUTRAL,USD,CAD,7.950274645855341e-05,-1.0313239639626013e-05,-7.950274645855341e-05,6.91895068189274e-05,1.38371,NEW_YORK,NOT_TRACKED,NOT_APPLICABLE,NOT_APPLICABLE,,,,,,
11105c1a94a3ce81,2026-09-05T16:00:00+00:00,2026-09-05T16:00:09.602574+00:00,USD/CHF,H1,NEUTRAL,USD,CHF,-1.2349033070791465e-05,-1.0313239639626013e-05,1.2349033070791465e-05,-2.2662272710417478e-05,0.80977,NEW_YORK,NOT_TRACKED,NOT_APPLICABLE,NOT_APPLICABLE,,,,,,
04a43e7a66ef1bd6,2026-09-05T16:00:00+00:00,2026-09-05T16:00:09.602586+00:00,USD/JPY,H1,NEUTRAL,USD,JPY,6.855101962433845e-05,-1.0313239639626013e-05,-6.855101962433845e-05,5.8237779984712436e-05,156.24471,NEW_YORK,NOT_TRACKED,NOT_APPLICABLE,NOT_APPLICABLE,,,,,,
bc32b65c0a6b39fb,2026-09-05T17:00:00+00:00,2026-09-05T17:00:09.956848+00:00,AUD/USD,H1,NEUTRAL,AUD,USD,-0.0001527120267663,-0.0001527120267663,3.9554292406677724e-06,-0.00015666745600696776,0.7202,NEW_YORK,NOT_TRACKED,NOT_APPLICABLE,NOT_APPLICABLE,,,,,,
feeb69d4ca979d61,2026-09-05T17:00:00+00:00,2026-09-05T17:00:09.956879+00:00,EUR/USD,H1,NEUTRAL,EUR,USD,4.304741241993911e-05,4.304741241993911e-05,3.9554292406677724e-06,3.9091983179271336e-05,1.16156,NEW_YORK,NOT_TRACKED,NOT_APPLICABLE,NOT_APPLICABLE,,,,,,
e8ebb88406be1c40,2026-09-05T17:00:00+00:00,2026-09-05T17:00:09.956899+00:00,GBP/USD,H1,NEUTRAL,GBP,USD,-2.95910516660058e-05,-2.95910516660058e-05,3.9554292406677724e-06,-3.3546480906673574e-05,1.35172,NEW_YORK,NOT_TRACKED,NOT_APPLICABLE,NOT_APPLICABLE,,,,,,
a6035f5b87eb35e4,2026-09-05T17:00:00+00:00,2026-09-05T17:00:09.956915+00:00,NZD/USD,H1,NEUTRAL,NZD,USD,-1.7006802721011036e-05,-1.7006802721011036e-05,3.9554292406677724e-06,-2.0962231961678808e-05,0.58799,NEW_YORK,NOT_TRACKED,NOT_APPLICABLE,NOT_APPLICABLE,,,,,,
99b3c3b599776693,2026-09-05T17:00:00+00:00,2026-09-05T17:00:09.956930+00:00,USD/CAD,H1,NEUTRAL,USD,CAD,-0.0001084065679926,3.9554292406677724e-06,0.0001084065679926,-0.00010445113875193222,1.38353,NEW_YORK,NOT_TRACKED,NOT_APPLICABLE,NOT_APPLICABLE,,,,,,
12f89dcf595e74e1,2026-09-05T17:00:00+00:00,2026-09-05T17:00:09.956946+00:00,USD/CHF,H1,NEUTRAL,USD,CHF,2.4698981167051563e-05,3.9554292406677724e-06,-2.4698981167051563e-05,2.8654410407719335e-05,0.80977,NEW_YORK,NOT_TRACKED,NOT_APPLICABLE,NOT_APPLICABLE,,,,,,
3d1e1d8f62d09e70,2026-09-05T17:00:00+00:00,2026-09-05T17:00:09.956960+00:00,USD/JPY,H1,NEUTRAL,USD,JPY,-4.4866877223154895e-05,3.9554292406677724e-06,4.4866877223154895e-05,-4.091144798248712e-05,156.23297,NEW_YORK,NOT_TRACKED,NOT_APPLICABLE,NOT_APPLICABLE,,,,,,
90623e2687451de5,2026-09-05T17:00:00+00:00,2026-09-05T17:05:25.319769+00:00,AUD/USD,H4,NEUTRAL,AUD,USD,9.717768245111893e-05,9.717768245111893e-05,-1.9317859093426102e-05,0.00011649554154454504,0.7204,NEW_YORK,NOT_TRACKED,NOT_APPLICABLE,NOT_APPLICABLE,,,,,,
0391076446b8c62c,2026-09-05T17:00:00+00:00,2026-09-05T17:05:25.319803+00:00,EUR/USD,H4,NEUTRAL,EUR,USD,-0.0001377446042855,-0.0001377446042855,-1.9317859093426102e-05,-0.00011842674519207391,1.16141,NEW_YORK,NOT_TRACKED,NOT_APPLICABLE,NOT_APPLICABLE,,,,,,
44ea92059b51a191,2026-09-05T17:00:00+00:00,2026-09-05T17:05:25.319823+00:00,GBP/USD,H4,NEUTRAL,GBP,USD,0.0001109795797573,0.0001109795797573,-1.9317859093426102e-05,0.0001302974388507261,1.35175,NEW_YORK,NOT_TRACKED,NOT_APPLICABLE,NOT_APPLICABLE,,,,,,
3db429b0a4557eb2,2026-09-05T17:00:00+00:00,2026-09-05T17:05:25.319839+00:00,NZD/USD,H4,NEUTRAL,NZD,USD,0.0,0.0,-1.9317859093426102e-05,1.9317859093426102e-05,0.58799,NEW_YORK,NOT_TRACKED,NOT_APPLICABLE,NOT_APPLICABLE,,,,,,
22c6c9118351ac5f,2026-09-05T17:00:00+00:00,2026-09-05T17:05:25.319855+00:00,USD/CAD,H4,NEUTRAL,USD,CAD,-7.227522405206322e-06,-1.9317859093426102e-05,7.227522405206322e-06,-2.6545381498632426e-05,1.38359,NEW_YORK,NOT_TRACKED,NOT_APPLICABLE,NOT_APPLICABLE,,,,,,
b719c2222c76bc43,2026-09-05T17:00:00+00:00,2026-09-05T17:05:25.319870+00:00,USD/CHF,H4,NEUTRAL,USD,CHF,-6.174516535368311e-05,-1.9317859093426102e-05,6.174516535368311e-05,-8.106302444710922e-05,0.80973,NEW_YORK,NOT_TRACKED,NOT_APPLICABLE,NOT_APPLICABLE,,,,,,
873669799f45ca7d,2026-09-05T17:00:00+00:00,2026-09-05T17:05:25.319885+00:00,USD/JPY,H4,NEUTRAL,USD,JPY,4.160332027825625e-06,-1.9317859093426102e-05,-4.160332027825625e-06,-1.5157527065600478e-05,156.23818,NEW_YORK,NOT_TRACKED,NOT_APPLICABLE,NOT_APPLICABLE,,,,,,
f69a742c4f3ff4f4,2026-09-05T18:00:00+00:00,2026-09-05T18:00:09.744441+00:00,AUD/USD,H1,NEUTRAL,AUD,USD,6.941070313041506e-05,6.941070313041506e-05,-4.741845980026068e-06,7.415254911044112e-05,0.7204,NEW_YORK,NOT_TRACKED,NOT_APPLICABLE,NOT_APPLICABLE,,,,,,
40e25ba05a9e43d3,2026-09-05T18:00:00+00:00,2026-09-05T18:00:09.744493+00:00,EUR/USD,H1,NEUTRAL,EUR,USD,-2.58300041327787e-05,-2.58300041327787e-05,-4.741845980026068e-06,-2.1088158152752632e-05,1.16141,NEW_YORK,NOT_TRACKED,NOT_APPLICABLE,NOT_APPLICABLE,,,,,,
9bd49f7213676098,2026-09-05T18:00:00+00:00,2026-09-05T18:00:09.744523+00:00,GBP/USD,H1,NEUTRAL,GBP,USD,0.0,0.0,-4.741845980026068e-06,4.741845980026068e-06,1.35173,NEW_YORK,NOT_TRACKED,NOT_APPLICABLE,NOT_APPLICABLE,,,,,,
c4489c0f1233c19d,2026-09-05T18:00:00+00:00,2026-09-05T18:00:09.744550+00:00,NZD/USD,H1,NEUTRAL,NZD,USD,-1.7007381203364893e-05,-1.7007381203364893e-05,-4.741845980026068e-06,-1.2265535223338826e-05,0.58797,NEW_YORK,NOT_TRACKED,NOT_APPLICABLE,NOT_APPLICABLE,,,,,,
0a30dd9264adde8b,2026-09-05T18:00:00+00:00,2026-09-05T18:00:09.744578+00:00,USD/CAD,H1,NEUTRAL,USD,CAD,6.50495822372326e-05,-4.741845980026068e-06,-6.50495822372326e-05,6.0307736257206525e-05,1.38365,NEW_YORK,NOT_TRACKED,NOT_APPLICABLE,NOT_APPLICABLE,,,,,,
d0bc72a1bee283bb,2026-09-05T18:00:00+00:00,2026-09-05T18:00:09.744603+00:00,USD/CHF,H1,NEUTRAL,USD,CHF,-6.174821547656593e-05,-4.741845980026068e-06,6.174821547656593e-05,-6.6490061456592e-05,0.80969,NEW_YORK,NOT_TRACKED,NOT_APPLICABLE,NOT_APPLICABLE,,,,,,
d33ae307cc989012,2026-09-05T18:00:00+00:00,2026-09-05T18:00:09.744625+00:00,USD/JPY,H1,NEUTRAL,USD,JPY,-9.920970826577667e-06,-4.741845980026068e-06,9.920970826577667e-06,-1.4662816806603734e-05,156.23316,NEW_YORK,NOT_TRACKED,NOT_APPLICABLE,NOT_APPLICABLE,,,,,,
f8c9a5927e78187c,2026-09-05T19:00:00+00:00,2026-09-05T19:00:15.959272+00:00,AUD/USD,H1,NEUTRAL,AUD,USD,-0.0002359832868307,-0.0002359832868307,2.7911099607714503e-05,-0.0002638943864384145,0.72022,NEW_YORK,NOT_TRACKED,NOT_APPLICABLE,NOT_APPLICABLE,,,,,,
2497146a3d851a3b,2026-09-05T19:00:00+00:00,2026-09-05T19:00:15.959312+00:00,EUR/USD,H1,NEUTRAL,EUR,USD,0.0002583089374892,0.0002583089374892,2.7911099607714503e-05,0.0002303978378814855,1.1617,NEW_YORK,NOT_TRACKED,NOT_APPLICABLE,NOT_APPLICABLE,,,,,,
5febd9125d643fd8,2026-09-05T19:00:00+00:00,2026-09-05T19:00:15.959336+00:00,GBP/USD,H1,NEUTRAL,GBP,USD,-6.658282163196233e-05,-6.658282163196233e-05,2.7911099607714503e-05,-9.449392123967683e-05,1.35161,NEW_YORK,NOT_TRACKED,NOT_APPLICABLE,NOT_APPLICABLE,,,,,,
76ed4af560af75c9,2026-09-05T19:00:00+00:00,2026-09-05T19:00:15.959357+00:00,NZD/USD,H1,NEUTRAL,NZD,USD,3.4015340918788377e-05,3.4015340918788377e-05,2.7911099607714503e-05,6.1042413110738735e-06,0.58799,NEW_YORK,NOT_TRACKED,NOT_APPLICABLE,NOT_APPLICABLE,,,,,,
5c1650c6a7f2d627,2026-09-05T19:00:00+00:00,2026-09-05T19:00:15.959375+00:00,USD/CAD,H1,NEUTRAL,USD,CAD,-1.4454835865433444e-05,2.7911099607714503e-05,1.4454835865433444e-05,1.345626374228106e-05,1.3836,NEW_YORK,NOT_TRACKED,NOT_APPLICABLE,NOT_APPLICABLE,,,,,,
1f63461665974936,2026-09-05T19:00:00+00:00,2026-09-05T19:00:15.959450+00:00,USD/CHF,H1,NEUTRAL,USD,CHF,0.0001976064913731,2.7911099607714503e-05,-0.0001976064913731,0.0002255175909808145,0.80985,NEW_YORK,NOT_TRACKED,NOT_APPLICABLE,NOT_APPLICABLE,,,,,,
32f684065a424841,2026-09-05T19:00:00+00:00,2026-09-05T19:00:15.959643+00:00,USD/JPY,H1,NEUTRAL,USD,JPY,1.984211691661012e-06,2.7911099607714503e-05,-1.984211691661012e-06,2.9895311299375516e-05,156.23364,NEW_YORK,NOT_TRACKED,NOT_APPLICABLE,NOT_APPLICABLE,,,,,,
5020bf7442b63d34,2026-09-09T08:00:00+00:00,2026-09-09T08:00:03.201851+00:00,AUD/USD,H1,NEUTRAL,AUD,USD,6.913334439466082e-05,6.913334439466082e-05,-0.00015075594747842425,0.00021988929187308508,0.72329,LONDON,NOT_TRACKED,NOT_APPLICABLE,NOT_APPLICABLE,,,,,,
fedbb421a52175cb,2026-09-09T08:00:00+00:00,2026-09-09T08:00:03.201882+00:00,EUR/USD,H1,LONG,EUR,USD,0.0003264717000582,0.0003264717000582,-0.00015075594747842425,0.00047722764753662425,1.16434,LONDON,RECORDED,PENDING,PENDING,,,,,,
ec890f876367bd19,2026-09-09T08:00:00+00:00,2026-09-09T08:00:03.201897+00:00,GBP/USD,H1,NEUTRAL,GBP,USD,-7.374794427489891e-06,-7.374794427489891e-06,-0.00015075594747842425,0.00014338115305093435,1.35596,LONDON,NOT_TRACKED,NOT_APPLICABLE,NOT_APPLICABLE,,,,,,
4f679360f1285a7d,2026-09-09T08:00:00+00:00,2026-09-09T08:00:03.201909+00:00,NZD/USD,H1,NEUTRAL,NZD,USD,-0.0002901122905216,-0.0002901122905216,-0.00015075594747842425,-0.00013935634304317577,0.58581,LONDON,NOT_TRACKED,NOT_APPLICABLE,NOT_APPLICABLE,,,,,,
d93293cf88a0baf0,2026-09-09T08:00:00+00:00,2026-09-09T08:00:03.201920+00:00,USD/CAD,H1,NEUTRAL,USD,CAD,0.0001888080403178,-0.00015075594747842425,-0.0001888080403178,3.8052092839375735e-05,1.37732,LONDON,NOT_TRACKED,NOT_APPLICABLE,NOT_APPLICABLE,,,,,,
d4b249190a84b7b7,2026-09-09T08:00:00+00:00,2026-09-09T08:00:03.201931+00:00,USD/CHF,H1,NEUTRAL,USD,CHF,-4.948290365669873e-05,-0.00015075594747842425,4.948290365669873e-05,-0.00020023885113512298,0.80832,LONDON,NOT_TRACKED,NOT_APPLICABLE,NOT_APPLICABLE,,,,,,
bb8b7670d8170993,2026-09-09T08:00:00+00:00,2026-09-09T08:00:03.201943+00:00,USD/JPY,H1,SHORT,USD,JPY,-0.0010964988095063,-0.00015075594747842425,0.0010964988095063,-0.0012472547569847244,153.13804,LONDON,RECORDED,PENDING,PENDING,,,,,,
1188f9c28420798d,2026-09-09T09:00:00+00:00,2026-09-09T09:00:15.634162+00:00,AUD/USD,H1,SHORT,AUD,USD,-0.0011890935235882,-0.0011890935235882,0.0014573543781442714,-0.0026464479017324714,0.72238,LONDON,RECORDED,PENDING,PENDING,,,,,,
df8d0d7df1227420,2026-09-09T09:00:00+00:00,2026-09-09T09:00:15.634195+00:00,EUR/USD,H1,SHORT,EUR,USD,-0.0006527527269602,-0.0006527527269602,0.0014573543781442714,-0.0021101071051044715,1.16354,LONDON,RECORDED,PENDING,PENDING,,,,,,
7ad27209edd5f036,2026-09-09T09:00:00+00:00,2026-09-09T09:00:15.634211+00:00,GBP/USD,H1,SHORT,GBP,USD,-0.0010029942327831,-0.0010029942327831,0.0014573543781442714,-0.0024603486109273714,1.35458,LONDON,RECORDED,PENDING,PENDING,,,,,,
03705836885444a8,2026-09-09T09:00:00+00:00,2026-09-09T09:00:15.634224+00:00,NZD/USD,H1,SHORT,NZD,USD,-0.0021853445332241,-0.0021853445332241,0.0014573543781442714,-0.003642698911368371,0.58444,LONDON,RECORDED,PENDING,PENDING,,,,,,
5bd618598b1ab819,2026-09-09T09:00:00+00:00,2026-09-09T09:00:15.634263+00:00,USD/CAD,H1,LONG,USD,CAD,0.0003049311726782,0.0014573543781442714,-0.0003049311726782,0.0017622855508224716,1.37778,LONDON,RECORDED,PENDING,PENDING,,,,,,
adee18ce2e8af09b,2026-09-09T09:00:00+00:00,2026-09-09T09:00:15.634287+00:00,USD/CHF,H1,LONG,USD,CHF,0.001496950427435,0.0014573543781442714,-0.001496950427435,0.0029543048055792713,0.80952,LONDON,RECORDED,PENDING,PENDING,,,,,,
1c9f7baa42ae178f,2026-09-09T09:00:00+00:00,2026-09-09T09:00:15.634414+00:00,USD/JPY,H1,LONG,USD,JPY,0.0033694140303411,0.0014573543781442714,-0.0033694140303411,0.004826768408485372,153.63751,LONDON,RECORDED,PENDING,PENDING,,,,,,
782a430f22bff897,2026-09-09T09:00:00+00:00,2026-09-09T09:05:06.107917+00:00,AUD/USD,H4,SHORT,AUD,USD,-0.0008022795806014,-0.0008022795806014,0.0008973857199307019,-0.0016996653005321018,0.72236,LONDON,RECORDED,PENDING,PENDING,,,,,,
0c1a90e3ee9cdc1f,2026-09-09T09:00:00+00:00,2026-09-09T09:05:06.107940+00:00,EUR/USD,H4,SHORT,EUR,USD,6.017416121518667e-05,6.017416121518667e-05,0.0008973857199307019,-0.0008372115587155152,1.16336,LONDON,RECORDED,PENDING,PENDING,,,,,,
2e3776a9c313e7b7,2026-09-09T09:00:00+00:00,2026-09-09T09:05:06.107954+00:00,GBP/USD,H4,SHORT,GBP,USD,-0.0005461012796481,-0.0005461012796481,0.0008973857199307019,-0.001443486999578802,1.35432,LONDON,RECORDED,PENDING,PENDING,,,,,,
97df50ed3d9a2d1e,2026-09-09T09:00:00+00:00,2026-09-09T09:05:06.107966+00:00,NZD/USD,H4,SHORT,NZD,USD,-0.0021004098360656,-0.0021004098360656,0.0008973857199307019,-0.002997795555996302,0.58437,LONDON,RECORDED,PENDING,PENDING,,,,,,
6a0c95c945c625de,2026-09-09T09:00:00+00:00,2026-09-09T09:05:06.107977+00:00,USD/CAD,H4,LONG,USD,CAD,0.0004283650250848,0.0008973857199307019,-0.0004283650250848,0.0013257507450155019,1.37792,LONDON,RECORDED,PENDING,PENDING,,,,,,
7acd22c8f79d925d,2026-09-09T09:00:00+00:00,2026-09-09T09:05:06.107988+00:00,USD/CHF,H4,LONG,USD,CHF,0.0010262751159196,0.0008973857199307019,-0.0010262751159196,0.001923660835850302,0.80958,LONDON,RECORDED,PENDING,PENDING,,,,,,
f7aa2ef203852cbc,2026-09-09T09:00:00+00:00,2026-09-09T09:05:06.107998+00:00,USD/JPY,H4,LONG,USD,JPY,0.0014384433634106,0.0008973857199307019,-0.0014384433634106,0.002335829083341302,153.66437,LONDON,RECORDED,PENDING,PENDING,,,,,,
266a56a06ef9b398,2026-09-09T10:00:00+00:00,2026-09-09T10:00:14.712970+00:00,AUD/USD,H1,SHORT,AUD,USD,-0.0009690459050889,-0.0009690459050889,0.0006572699199032429,-0.0016263158249921429,0.72166,LONDON,RECORDED,PENDING,PENDING,,,,,,
e3bfc597b6601fb6,2026-09-09T10:00:00+00:00,2026-09-09T10:00:14.712992+00:00,EUR/USD,H1,SHORT,EUR,USD,-0.0009454883017309,-0.0009454883017309,0.0006572699199032429,-0.001602758221634143,1.16232,LONDON,RECORDED,PENDING,PENDING,,,,,,
be7d1d76a9846d01,2026-09-09T10:00:00+00:00,2026-09-09T10:00:14.713011+00:00,GBP/USD,H1,SHORT,GBP,USD,-0.0007162107283936,-0.0007162107283936,0.0006572699199032429,-0.001373480648296843,1.35338,LONDON,RECORDED,PENDING,PENDING,,,,,,
8ab9cd2874f6467b,2026-09-09T10:00:00+00:00,2026-09-09T10:00:14.713025+00:00,NZD/USD,H1,SHORT,NZD,USD,-0.000889801505818,-0.000889801505818,0.0006572699199032429,-0.0015470714257212429,0.58388,LONDON,RECORDED,PENDING,PENDING,,,,,,
1bd571b9a114abae,2026-09-09T10:00:00+00:00,2026-09-09T10:00:14.713035+00:00,USD/CAD,H1,LONG,USD,CAD,0.0002757979997387,0.0006572699199032429,-0.0002757979997387,0.000933067919641943,1.3782,LONDON,RECORDED,PENDING,PENDING,,,,,,
5d83334aa98ce609,2026-09-09T10:00:00+00:00,2026-09-09T10:00:14.713046+00:00,USD/CHF,H1,LONG,USD,CHF,0.0009882155298069,0.0006572699199032429,-0.0009882155298069,0.0016454854497101427,0.81034,LONDON,RECORDED,PENDING,PENDING,,,,,,
29c37fadfd1b3fa2,2026-09-09T10:00:00+00:00,2026-09-09T10:00:14.713056+00:00,USD/JPY,H1,LONG,USD,JPY,-0.0001836705312543,0.0006572699199032429,0.0001836705312543,0.0004735993886489429,153.61646,LONDON,RECORDED,PENDING,PENDING,,,,,,
0e482f410c260a0a,2026-09-09T15:00:00+00:00,2026-09-09T15:00:11.185205+00:00,AUD/USD,H1,NEUTRAL,AUD,USD,0.0003735834959113,0.0003735834959113,6.485103659476577e-05,0.0003087324593165342,0.723,LONDON_NY_OVERLAP,NOT_TRACKED,NOT_APPLICABLE,NOT_APPLICABLE,,,,,,
d975c7ab2de0064a,2026-09-09T15:00:00+00:00,2026-09-09T15:00:11.185232+00:00,EUR/USD,H1,NEUTRAL,EUR,USD,3.434567201603943e-05,3.434567201603943e-05,6.485103659476577e-05,-3.050536457872634e-05,1.16467,LONDON_NY_OVERLAP,NOT_TRACKED,NOT_APPLICABLE,NOT_APPLICABLE,,,,,,
aacf79bbae93faa8,2026-09-09T15:00:00+00:00,2026-09-09T15:00:11.185248+00:00,GBP/USD,H1,NEUTRAL,GBP,USD,0.000295059233141,0.000295059233141,6.485103659476577e-05,0.00023020819654623423,1.35606,LONDON_NY_OVERLAP,NOT_TRACKED,NOT_APPLICABLE,NOT_APPLICABLE,,,,,,
c7d0d8a5477f0b36,2026-09-09T15:00:00+00:00,2026-09-09T15:00:11.185261+00:00,NZD/USD,H1,SHORT,NZD,USD,-0.0004782074053833,-0.0004782074053833,6.485103659476577e-05,-0.0005430584419780657,0.58524,LONDON_NY_OVERLAP,RECORDED,PENDING,PENDING,,,,,,
1ef66aebdbc408e2,2026-09-09T15:00:00+00:00,2026-09-09T15:00:11.185274+00:00,USD/CAD,H1,LONG,USD,CAD,0.000369830530598,6.485103659476577e-05,-0.000369830530598,0.00043468156719276576,1.37952,LONDON_NY_OVERLAP,RECORDED,PENDING,PENDING,,,,,,
31a8a73797ae647f,2026-09-09T15:00:00+00:00,2026-09-09T15:00:11.185285+00:00,USD/CHF,H1,LONG,USD,CHF,0.0007681633462187,6.485103659476577e-05,-0.0007681633462187,0.0008330143828134657,0.80774,LONDON_NY_OVERLAP,RECORDED,PENDING,PENDING,,,,,,
2fbcd61a33654665,2026-09-09T15:00:00+00:00,2026-09-09T15:00:11.185295+00:00,USD/JPY,H1,NEUTRAL,USD,JPY,-0.0004592556249683,6.485103659476577e-05,0.0004592556249683,-0.0003944045883735342,153.2429,LONDON_NY_OVERLAP,NOT_TRACKED,NOT_APPLICABLE,NOT_APPLICABLE,,,,,,
ffd86b5bff3e1255,2026-09-09T16:00:00+00:00,2026-09-09T16:00:11.989206+00:00,AUD/USD,H1,SHORT,AUD,USD,-0.0017288355946502,-0.0017288355946502,0.0017845415767210858,-0.003513377171371286,0.72178,NEW_YORK,RECORDED,PENDING,PENDING,,,,,,
1128b4c5f2588ad8,2026-09-09T16:00:00+00:00,2026-09-09T16:00:11.989230+00:00,EUR/USD,H1,SHORT,EUR,USD,-0.0018030394092899,-0.0018030394092899,0.0017845415767210858,-0.0035875809860109855,1.1626,NEW_YORK,RECORDED,PENDING,PENDING,,,,,,
d54a86c14a6eae3a,2026-09-09T16:00:00+00:00,2026-09-09T16:00:11.989246+00:00,GBP/USD,H1,SHORT,GBP,USD,-0.0010249452502267,-0.0010249452502267,0.0017845415767210858,-0.002809486826947786,1.35478,NEW_YORK,RECORDED,PENDING,PENDING,,,,,,
504830def462b3df,2026-09-09T16:00:00+00:00,2026-09-09T16:00:11.989258+00:00,NZD/USD,H1,SHORT,NZD,USD,-0.0019650393862241,-0.0019650393862241,0.0017845415767210858,-0.003749580962945186,0.58408,NEW_YORK,RECORDED,PENDING,PENDING,,,,,,
b8f883b09ae1cd0e,2026-09-09T16:00:00+00:00,2026-09-09T16:00:11.989269+00:00,USD/CAD,H1,LONG,USD,CAD,0.000761123272975,0.0017845415767210858,-0.000761123272975,0.0025456648496960856,1.38059,NEW_YORK,RECORDED,PENDING,PENDING,,,,,,
25de479017733169,2026-09-09T16:00:00+00:00,2026-09-09T16:00:11.989281+00:00,USD/CHF,H1,LONG,USD,CHF,0.0032683379758589,0.0017845415767210858,-0.0032683379758589,0.005052879552579986,0.81039,NEW_YORK,RECORDED,PENDING,PENDING,,,,,,
edee1a4e75fe2bca,2026-09-09T16:00:00+00:00,2026-09-09T16:00:11.989292+00:00,USD/JPY,H1,LONG,USD,JPY,0.0019404701478228,0.0017845415767210858,-0.0019404701478228,0.0037250117245438857,153.53341,NEW_YORK,RECORDED,PENDING,PENDING,,,,,,
ec8d4205b0ac40cd,2026-09-09T19:00:00+00:00,2026-09-09T19:00:12.837664+00:00,AUD/USD,H1,SHORT,AUD,USD,-0.0007338280903855,-0.0007338280903855,0.0008815935113915572,-0.0016154216017770571,0.72171,NEW_YORK,RECORDED,PENDING,PENDING,,,,,,
fb4beda6ed9e153d,2026-09-09T19:00:00+00:00,2026-09-09T19:00:12.837690+00:00,EUR/USD,H1,SHORT,EUR,USD,-0.0008420039694472,-0.0008420039694472,0.0008815935113915572,-0.0017235974808387572,1.16291,NEW_YORK,RECORDED,PENDING,PENDING,,,,,,
d150125d869f2b73,2026-09-09T19:00:00+00:00,2026-09-09T19:00:12.837706+00:00,GBP/USD,H1,SHORT,GBP,USD,-0.0009882588943301,-0.0009882588943301,0.0008815935113915572,-0.0018698524057216572,1.35458,NEW_YORK,RECORDED,PENDING,PENDING,,,,,,
023fb7ec7f3c4f93,2026-09-09T19:00:00+00:00,2026-09-09T19:00:12.837721+00:00,NZD/USD,H1,SHORT,NZD,USD,-0.0010267994660641,-0.0010267994660641,0.0008815935113915572,-0.0019083929774556573,0.58374,NEW_YORK,RECORDED,PENDING,PENDING,,,,,,
a9e66e849757dfad,2026-09-09T19:00:00+00:00,2026-09-09T19:00:12.837733+00:00,USD/CAD,H1,LONG,USD,CAD,0.0001883744013678,0.0008815935113915572,-0.0001883744013678,0.0010699679127593573,1.38049,NEW_YORK,RECORDED,PENDING,PENDING,,,,,,
211c34897a3d93ad,2026-09-09T19:00:00+00:00,2026-09-09T19:00:12.837749+00:00,USD/CHF,H1,LONG,USD,CHF,0.001136447859278,0.0008815935113915572,-0.001136447859278,0.002018041370669557,0.81046,NEW_YORK,RECORDED,PENDING,PENDING,,,,,,
2d593e0c55ec26d8,2026-09-09T19:00:00+00:00,2026-09-09T19:00:12.837762+00:00,USD/JPY,H1,LONG,USD,JPY,0.0012554418988682,0.0008815935113915572,-0.0012554418988682,0.0021370354102597574,153.66852,NEW_YORK,RECORDED,PENDING,PENDING,,,,,,
b7cbaadf14f13d21,2026-09-09T20:00:00+00:00,2026-09-09T20:00:11.018942+00:00,AUD/USD,H1,NEUTRAL,AUD,USD,1.3855788948559676e-05,1.3855788948559676e-05,-5.516501891806976e-05,6.902080786662943e-05,0.72173,NEW_YORK,NOT_TRACKED,NOT_APPLICABLE,NOT_APPLICABLE,,,,,,
ceef4189b3206221,2026-09-09T20:00:00+00:00,2026-09-09T20:00:11.018976+00:00,EUR/USD,H1,NEUTRAL,EUR,USD,0.0002493765586034,0.0002493765586034,-5.516501891806976e-05,0.0003045415775214698,1.16319,NEW_YORK,NOT_TRACKED,NOT_APPLICABLE,NOT_APPLICABLE,,,,,,
0ec323e2e3bed2fa,2026-09-09T20:00:00+00:00,2026-09-09T20:00:11.018997+00:00,GBP/USD,H1,NEUTRAL,GBP,USD,-7.382307561745998e-06,-7.382307561745998e-06,-5.516501891806976e-05,4.778271135632376e-05,1.35458,NEW_YORK,NOT_TRACKED,NOT_APPLICABLE,NOT_APPLICABLE,,,,,,
a8301096791826dd,2026-09-09T20:00:00+00:00,2026-09-09T20:00:11.019015+00:00,NZD/USD,H1,NEUTRAL,NZD,USD,-1.7130914448325473e-05,-1.7130914448325473e-05,-5.516501891806976e-05,3.8034104469744286e-05,0.58373,NEW_YORK,NOT_TRACKED,NOT_APPLICABLE,NOT_APPLICABLE,,,,,,
420894e2800b4ccd,2026-09-09T20:00:00+00:00,2026-09-09T20:00:11.019031+00:00,USD/CAD,H1,NEUTRAL,USD,CAD,0.0002317816037839,-5.516501891806976e-05,-0.0002317816037839,0.00017661658486583024,1.38093,NEW_YORK,NOT_TRACKED,NOT_APPLICABLE,NOT_APPLICABLE,,,,,,
27f5d6fe11e21944,2026-09-09T20:00:00+00:00,2026-09-09T20:00:11.019047+00:00,USD/CHF,H1,NEUTRAL,USD,CHF,-0.0001604086719395,-5.516501891806976e-05,0.0001604086719395,-0.00021557369085756976,0.8103,NEW_YORK,NOT_TRACKED,NOT_APPLICABLE,NOT_APPLICABLE,,,,,,
0e43c2d0833a66a4,2026-09-09T20:00:00+00:00,2026-09-09T20:00:11.019110+00:00,USD/JPY,H1,NEUTRAL,USD,JPY,-0.000218808938729,-5.516501891806976e-05,0.000218808938729,-0.00027397395764706977,153.61641,NEW_YORK,NOT_TRACKED,NOT_APPLICABLE,NOT_APPLICABLE,,,,,,
fa212d8a8c4c5d80,2026-09-09T21:00:00+00:00,2026-09-09T21:00:28.434294+00:00,AUD/USD,H1,NEUTRAL,AUD,USD,0.0001662671636207,0.0001662671636207,-0.00019505943789421398,0.00036132660151491397,0.72185,LATE_NY,NOT_TRACKED,NOT_APPLICABLE,NOT_APPLICABLE,,,,,,
62e94731da03a09a,2026-09-09T21:00:00+00:00,2026-09-09T21:00:28.434331+00:00,EUR/USD,H1,NEUTRAL,EUR,USD,0.0001461523251115,0.0001461523251115,-0.00019505943789421398,0.00034121176300571396,1.16334,LATE_NY,NOT_TRACKED,NOT_APPLICABLE,NOT_APPLICABLE,,,,,,
7e900b42f35767f2,2026-09-09T21:00:00+00:00,2026-09-09T21:00:28.434352+00:00,GBP/USD,H1,NEUTRAL,GBP,USD,0.0001255057142013,0.0001255057142013,-0.00019505943789421398,0.000320565152095514,1.35469,LATE_NY,NOT_TRACKED,NOT_APPLICABLE,NOT_APPLICABLE,,,,,,
02027c06414322da,2026-09-09T21:00:00+00:00,2026-09-09T21:00:28.434368+00:00,NZD/USD,H1,NEUTRAL,NZD,USD,0.0001199102386213,0.0001199102386213,-0.00019505943789421398,0.000314969676515514,0.58384,LATE_NY,NOT_TRACKED,NOT_APPLICABLE,NOT_APPLICABLE,,,,,,
1b48272033a5fb2a,2026-09-09T21:00:00+00:00,2026-09-09T21:00:28.434384+00:00,USD/CAD,H1,SHORT,USD,CAD,-0.0002968970636154,-0.00019505943789421398,0.0002968970636154,-0.000491956501509614,1.38054,LATE_NY,RECORDED,PENDING,PENDING,,,,,,
0e2d813acf43adf0,2026-09-09T21:00:00+00:00,2026-09-09T21:00:28.434399+00:00,USD/CHF,H1,NEUTRAL,USD,CHF,-4.936382372169785e-05,-0.00019505943789421398,4.936382372169785e-05,-0.00024442326161591184,0.81027,LATE_NY,NOT_TRACKED,NOT_APPLICABLE,NOT_APPLICABLE,,,,,,
d65cef835c6a260d,2026-09-09T21:00:00+00:00,2026-09-09T21:00:28.434415+00:00,USD/JPY,H1,SHORT,USD,JPY,-0.0004613197363676,-0.00019505943789421398,0.0004613197363676,-0.000656379174261814,153.5536,LATE_NY,RECORDED,PENDING,PENDING,,,,,,
487dd137066904f0,2026-09-09T21:00:00+00:00,2026-09-09T21:05:11.636886+00:00,AUD/USD,H4,SHORT,AUD,USD,-0.0002769891281766,-0.0002769891281766,0.0002506213403514186,-0.0005276104685280187,0.72185,LATE_NY,RECORDED,PENDING,PENDING,,,,,,
b13874e8dd1c602c,2026-09-09T21:00:00+00:00,2026-09-09T21:05:11.636930+00:00,EUR/USD,H4,SHORT,EUR,USD,-0.0002578116943384,-0.0002578116943384,0.0002506213403514186,-0.0005084330346898187,1.16334,LATE_NY,RECORDED,PENDING,PENDING,,,,,,
125f39674a478482,2026-09-09T21:00:00+00:00,2026-09-09T21:05:11.636957+00:00,GBP/USD,H4,SHORT,GBP,USD,-0.0003689519550763,-0.0003689519550763,0.0002506213403514186,-0.0006195732954277186,1.35469,LATE_NY,RECORDED,PENDING,PENDING,,,,,,
1e08df7ba9e55f3d,2026-09-09T21:00:00+00:00,2026-09-09T21:05:11.636979+00:00,NZD/USD,H4,SHORT,NZD,USD,-0.0005649040519025,-0.0005649040519025,0.0002506213403514186,-0.0008155253922539186,0.58384,LATE_NY,RECORDED,PENDING,PENDING,,,,,,
5ea8e9b86a89065b,2026-09-09T21:00:00+00:00,2026-09-09T21:05:11.637000+00:00,USD/CAD,H4,NEUTRAL,USD,CAD,-9.415718455529811e-05,0.0002506213403514186,9.415718455529811e-05,0.0001564641557961205,1.38054,LATE_NY,NOT_TRACKED,NOT_APPLICABLE,NOT_APPLICABLE,,,,,,
6f543f417e033e72,2026-09-09T21:00:00+00:00,2026-09-09T21:05:11.637022+00:00,USD/CHF,H4,LONG,USD,CHF,0.0004321414460688,0.0002506213403514186,-0.0004321414460688,0.0006827627864202186,0.81027,LATE_NY,RECORDED,PENDING,PENDING,,,,,,
effc11c441ab4078,2026-09-09T21:00:00+00:00,2026-09-09T21:05:11.637042+00:00,USD/JPY,H4,NEUTRAL,USD,JPY,-5.2291708547371496e-05,0.0002506213403514186,5.2291708547371496e-05,0.00019832963180404714,153.5536,LATE_NY,NOT_TRACKED,NOT_APPLICABLE,NOT_APPLICABLE,,,,,,
f53adf618c77744a,2026-09-09T22:00:00+00:00,2026-09-09T22:08:31.989611+00:00,AUD/USD,H1,NEUTRAL,AUD,USD,-0.000387902968843,-0.000387902968843,-0.00011465600452714019,-0.0002732469643158598,0.72155,LATE_NY,NOT_TRACKED,NOT_APPLICABLE,NOT_APPLICABLE,,,,,,
c8d67be72ef88d7d,2026-09-09T22:00:00+00:00,2026-09-09T22:08:31.989646+00:00,EUR/USD,H1,NEUTRAL,EUR,USD,0.0002320963457719,0.0002320963457719,-0.00011465600452714019,0.0003467523502990402,1.16358,LATE_NY,NOT_TRACKED,NOT_APPLICABLE,NOT_APPLICABLE,,,,,,
3c046f6333a8f137,2026-09-09T22:00:00+00:00,2026-09-09T22:08:31.989665+00:00,GBP/USD,H1,NEUTRAL,GBP,USD,1.47637431993836e-05,1.47637431993836e-05,-0.00011465600452714019,0.0001294197477265238,1.35469,LATE_NY,NOT_TRACKED,NOT_APPLICABLE,NOT_APPLICABLE,,,,,,
c9811dca242df580,2026-09-09T22:00:00+00:00,2026-09-09T22:08:31.989681+00:00,NZD/USD,H1,LONG,NZD,USD,0.0003425654728261,0.0003425654728261,-0.00011465600452714019,0.0004572214773532402,0.58403,LATE_NY,RECORDED,PENDING,PENDING,,,,,,
4c080552148134de,2026-09-09T22:00:00+00:00,2026-09-09T22:08:31.989696+00:00,USD/CAD,H1,NEUTRAL,USD,CAD,-0.0002245546935551,-0.00011465600452714019,0.0002245546935551,-0.0003392106980822402,1.3802,LATE_NY,NOT_TRACKED,NOT_APPLICABLE,NOT_APPLICABLE,,,,,,
e5d1a248a068a5fe,2026-09-09T22:00:00+00:00,2026-09-09T22:08:31.989711+00:00,USD/CHF,H1,SHORT,USD,CHF,-0.0003949447077409,-0.00011465600452714019,0.0003949447077409,-0.0005096007122680401,0.80992,LATE_NY,RECORDED,PENDING,PENDING,,,,,,
011425e2fc3f1709,2026-09-09T22:00:00+00:00,2026-09-09T22:08:31.989725+00:00,USD/JPY,H1,NEUTRAL,USD,JPY,1.842996256040232e-05,-0.00011465600452714019,-1.842996256040232e-05,-9.622604196673786e-05,153.55713,LATE_NY,NOT_TRACKED,NOT_APPLICABLE,NOT_APPLICABLE,,,,,,
6285bbc7d635fb4a,2026-09-09T23:00:00+00:00,2026-09-09T23:04:07.913823+00:00,AUD/USD,H1,LONG,AUD,USD,0.0004019236899366,0.0004019236899366,-0.00045978300767406804,0.0008617066976106681,0.72182,LATE_NY,RECORDED,PENDING,PENDING,,,,,,
614e320b05e0c096,2026-09-09T23:00:00+00:00,2026-09-09T23:04:07.913861+00:00,EUR/USD,H1,LONG,EUR,USD,0.0002062653087533,0.0002062653087533,-0.00045978300767406804,0.0006660483164273681,1.16379,LATE_NY,RECORDED,PENDING,PENDING,,,,,,
9ead1c100a1a1cc6,2026-09-09T23:00:00+00:00,2026-09-09T23:04:07.913880+00:00,GBP/USD,H1,LONG,GBP,USD,0.0004281643560555,0.0004281643560555,-0.00045978300767406804,0.000887947363729568,1.3552,LATE_NY,RECORDED,PENDING,PENDING,,,,,,
2fd1ed00922bdc10,2026-09-09T23:00:00+00:00,2026-09-09T23:04:07.913894+00:00,NZD/USD,H1,LONG,NZD,USD,0.0004280748617317,0.0004280748617317,-0.00045978300767406804,0.000887857869405768,0.58426,LATE_NY,RECORDED,PENDING,PENDING,,,,,,
5f4f3897e9510298,2026-09-09T23:00:00+00:00,2026-09-09T23:04:07.913907+00:00,USD/CAD,H1,SHORT,USD,CAD,7.245326764123653e-06,-0.00045978300767406804,-7.245326764123653e-06,-0.0004525376809099444,1.38021,LATE_NY,RECORDED,PENDING,PENDING,,,,,,
12d2bc53a42b2302,2026-09-09T23:00:00+00:00,2026-09-09T23:04:07.913920+00:00,USD/CHF,H1,SHORT,USD,CHF,-0.00039511050747,-0.00045978300767406804,0.00039511050747,-0.000854893515144068,0.80958,LATE_NY,RECORDED,PENDING,PENDING,,,,,,
f17e6e92734626cc,2026-09-09T23:00:00+00:00,2026-09-09T23:04:07.913932+00:00,USD/JPY,H1,SHORT,USD,JPY,-0.0013661876565355,-0.00045978300767406804,0.0013661876565355,-0.001825970664209568,153.3416,LATE_NY,RECORDED,PENDING,PENDING,,,,,,
5a015824a5f63ad3,2026-09-10T00:00:00+00:00,2026-09-10T00:00:08.909180+00:00,AUD/USD,H1,NEUTRAL,AUD,USD,0.0004987669372939,0.0004987669372939,0.00028501107305057145,0.00021375586424332858,0.72214,ASIA,NOT_TRACKED,NOT_APPLICABLE,NOT_APPLICABLE,,,,,,
5b49bc270b20ff28,2026-09-10T00:00:00+00:00,2026-09-10T00:00:08.909218+00:00,EUR/USD,H1,SHORT,EUR,USD,-0.0003523093447905,-0.0003523093447905,0.00028501107305057145,-0.0006373204178410715,1.16334,ASIA,RECORDED,PENDING,PENDING,,,,,,
91dde21b9dfe0c15,2026-09-10T00:00:00+00:00,2026-09-10T00:00:08.909240+00:00,GBP/USD,H1,SHORT,GBP,USD,-0.0001697241613412,-0.0001697241613412,0.00028501107305057145,-0.00045473523439177146,1.35491,ASIA,RECORDED,PENDING,PENDING,,,,,,
a3b0c5e06a87d8f5,2026-09-10T00:00:00+00:00,2026-09-10T00:00:08.909258+00:00,NZD/USD,H1,NEUTRAL,NZD,USD,0.0004621625785248,0.0004621625785248,0.00028501107305057145,0.00017715150547422857,0.58448,ASIA,NOT_TRACKED,NOT_APPLICABLE,NOT_APPLICABLE,,,,,,
a368004a55da72b6,2026-09-10T00:00:00+00:00,2026-09-10T00:00:08.909274+00:00,USD/CAD,H1,LONG,USD,CAD,0.0002608355431901,0.00028501107305057145,-0.0002608355431901,0.0005458466162406715,1.38054,ASIA,RECORDED,PENDING,PENDING,,,,,,
7d5a747640de523f,2026-09-10T00:00:00+00:00,2026-09-10T00:00:08.909290+00:00,USD/CHF,H1,LONG,USD,CHF,0.0005187490736623,0.00028501107305057145,-0.0005187490736623,0.0008037601467128714,0.81006,ASIA,RECORDED,PENDING,PENDING,,,,,,
6e331935b33f6e99,2026-09-10T00:00:00+00:00,2026-09-10T00:00:08.909306+00:00,USD/JPY,H1,LONG,USD,JPY,0.0016543889041886,0.00028501107305057145,-0.0016543889041886,0.0019393999772391714,153.59732,ASIA,RECORDED,PENDING,PENDING,,,,,,
4f35ed5317e8cf00,2026-09-10T01:00:00+00:00,2026-09-10T01:00:05.870885+00:00,AUD/USD,H1,SHORT,AUD,USD,-0.0004570067443117,-0.0004570067443117,0.00018812483893698855,-0.0006451315832486886,0.72176,ASIA,RECORDED,PENDING,PENDING,,,,,,
2aa3450bdc873578,2026-09-10T01:00:00+00:00,2026-09-10T01:00:05.870925+00:00,EUR/USD,H1,SHORT,EUR,USD,-0.0002148929403371,-0.0002148929403371,0.00018812483893698855,-0.00040301777927408854,1.16312,ASIA,RECORDED,PENDING,PENDING,,,,,,
8603b8c91bfa5795,2026-09-10T01:00:00+00:00,2026-09-10T01:00:05.870949+00:00,GBP/USD,H1,NEUTRAL,GBP,USD,-0.0001476091015771,-0.0001476091015771,0.00018812483893698855,-0.00033573394051408854,1.35473,ASIA,NOT_TRACKED,NOT_APPLICABLE,NOT_APPLICABLE,,,,,,
f9d4ede063590a5f,2026-09-10T01:00:00+00:00,2026-09-10T01:00:05.870968+00:00,NZD/USD,H1,NEUTRAL,NZD,USD,0.0003079818632902,0.0003079818632902,0.00018812483893698855,0.00011985702435321144,0.58463,ASIA,NOT_TRACKED,NOT_APPLICABLE,NOT_APPLICABLE,,,,,,
737a7f60b606647c,2026-09-10T01:00:00+00:00,2026-09-10T01:00:05.870984+00:00,USD/CAD,H1,NEUTRAL,USD,CAD,7.967954336382005e-05,0.00018812483893698855,-7.967954336382005e-05,0.0002678043823008086,1.38064,ASIA,NOT_TRACKED,NOT_APPLICABLE,NOT_APPLICABLE,,,,,,
ba96b557e9a06bf2,2026-09-10T01:00:00+00:00,2026-09-10T01:00:05.871001+00:00,USD/CHF,H1,NEUTRAL,USD,CHF,0.00012344612194,0.00018812483893698855,-0.00012344612194,0.00031157096087698854,0.81017,ASIA,NOT_TRACKED,NOT_APPLICABLE,NOT_APPLICABLE,,,,,,
9671846b883aa57b,2026-09-10T01:00:00+00:00,2026-09-10T01:00:05.871018+00:00,USD/JPY,H1,LONG,USD,JPY,0.0006022212843194,0.00018812483893698855,-0.0006022212843194,0.0007903461232563885,153.67391,ASIA,RECORDED,PENDING,PENDING,,,,,,
1e47b1ad775cdb81,2026-09-10T01:00:00+00:00,2026-09-10T05:05:05.372475+00:00,AUD/USD,H4,NEUTRAL,AUD,USD,-9.697574221078994e-05,-9.697574221078994e-05,-5.250481212005119e-05,-4.447093009073875e-05,0.72176,ASIA,NOT_TRACKED,NOT_APPLICABLE,NOT_APPLICABLE,,,,,,
b0f193664722e8be,2026-09-10T01:00:00+00:00,2026-09-10T05:05:05.372505+00:00,EUR/USD,H4,NEUTRAL,EUR,USD,-0.0001633270581359,-0.0001633270581359,-5.250481212005119e-05,-0.0001108222460158488,1.16312,ASIA,NOT_TRACKED,NOT_APPLICABLE,NOT_APPLICABLE,,,,,,
232e5de6fbb78aec,2026-09-10T01:00:00+00:00,2026-09-10T05:05:05.372525+00:00,GBP/USD,H4,NEUTRAL,GBP,USD,4.429122959831471e-05,4.429122959831471e-05,-5.250481212005119e-05,9.67960417183659e-05,1.35473,ASIA,NOT_TRACKED,NOT_APPLICABLE,NOT_APPLICABLE,,,,,,
42f556722ebac262,2026-09-10T01:00:00+00:00,2026-09-10T05:05:05.372539+00:00,NZD/USD,H4,LONG,NZD,USD,0.001370261891304,0.001370261891304,-5.250481212005119e-05,0.0014227667034240512,0.58463,ASIA,RECORDED,PENDING,PENDING,,,,,,
b93ff31f4f4fcae7,2026-09-10T01:00:00+00:00,2026-09-10T05:05:05.372552+00:00,USD/CAD,H4,NEUTRAL,USD,CAD,9.416809729751e-05,-5.250481212005119e-05,-9.416809729751e-05,4.166328517745881e-05,1.38064,ASIA,NOT_TRACKED,NOT_APPLICABLE,NOT_APPLICABLE,,,,,,
1073173b6e941012,2026-09-10T01:00:00+00:00,2026-09-10T05:05:05.372565+00:00,USD/CHF,H4,NEUTRAL,USD,CHF,-8.639415481834333e-05,-5.250481212005119e-05,8.639415481834333e-05,-0.00013889896693839452,0.81017,ASIA,NOT_TRACKED,NOT_APPLICABLE,NOT_APPLICABLE,,,,,,
29a56fcdf6cfb832,2026-09-10T01:00:00+00:00,2026-09-10T05:05:05.372578+00:00,USD/JPY,H4,LONG,USD,JPY,0.0007789426932361,-5.250481212005119e-05,-0.0007789426932361,0.0007264378811160487,153.67391,ASIA,RECORDED,PENDING,PENDING,,,,,,
0a4df8451cd5eac8,2026-09-10T06:00:00+00:00,2026-09-10T06:00:11.394669+00:00,AUD/USD,H1,LONG,AUD,USD,0.0001385233411829,0.0001385233411829,-0.00029605618838964286,0.00043457952957254287,0.722,ASIA,RECORDED,PENDING,PENDING,,,,,,
5a028fa0ea505ea5,2026-09-10T06:00:00+00:00,2026-09-10T06:00:11.394694+00:00,EUR/USD,H1,LONG,EUR,USD,0.0002577917558196,0.0002577917558196,-0.00029605618838964286,0.0005538479442092428,1.16403,ASIA,RECORDED,PENDING,PENDING,,,,,,
2a4f3e126fc55796,2026-09-10T06:00:00+00:00,2026-09-10T06:00:11.394709+00:00,GBP/USD,H1,LONG,GBP,USD,0.0003098807696848,0.0003098807696848,-0.00029605618838964286,0.0006059369580744429,1.35578,ASIA,RECORDED,PENDING,PENDING,,,,,,
dc7c767c516118b4,2026-09-10T06:00:00+00:00,2026-09-10T06:00:11.394721+00:00,NZD/USD,H1,LONG,NZD,USD,0.0010260093366848,0.0010260093366848,-0.00029605618838964286,0.001322065525074443,0.58539,ASIA,RECORDED,PENDING,PENDING,,,,,,
e010304bfea61c0b,2026-09-10T06:00:00+00:00,2026-09-10T06:00:11.394732+00:00,USD/CAD,H1,SHORT,USD,CAD,-0.0003693457510754,-0.00029605618838964286,0.0003693457510754,-0.0006654019394650428,1.38031,ASIA,RECORDED,PENDING,PENDING,,,,,,
1e12602001bb8408,2026-09-10T06:00:00+00:00,2026-09-10T06:00:11.394742+00:00,USD/CHF,H1,SHORT,USD,CHF,-0.0007413173208792,-0.00029605618838964286,0.0007413173208792,-0.0010373735092688429,0.80877,ASIA,RECORDED,PENDING,PENDING,,,,,,
13286c08d3c0e457,2026-09-10T06:00:00+00:00,2026-09-10T06:00:11.394752+00:00,USD/JPY,H1,LONG,USD,JPY,0.0007704749565992,-0.00029605618838964286,-0.0007704749565992,0.0004744187682095571,153.59501,ASIA,RECORDED,PENDING,PENDING,,,,,,
9d6b6bb6f5bd32af,2026-09-10T07:00:00+00:00,2026-09-10T07:00:10.450434+00:00,AUD/USD,H1,SHORT,AUD,USD,-0.000484757828839,-0.000484757828839,-4.44009996329733e-05,-0.0004403568292060267,0.72166,LONDON,RECORDED,PENDING,PENDING,,,,,,
e41a3243915bedfd,2026-09-10T07:00:00+00:00,2026-09-10T07:00:10.450469+00:00,EUR/USD,H1,NEUTRAL,EUR,USD,2.5773195876266747e-05,2.5773195876266747e-05,-4.44009996329733e-05,7.017419550924005e-05,1.16403,LONDON,NOT_TRACKED,NOT_APPLICABLE,NOT_APPLICABLE,,,,,,
a4688845301d42ff,2026-09-10T07:00:00+00:00,2026-09-10T07:00:10.450484+00:00,GBP/USD,H1,NEUTRAL,GBP,USD,1.4751764679946467e-05,1.4751764679946467e-05,-4.44009996329733e-05,5.915276431291977e-05,1.35579,LONDON,NOT_TRACKED,NOT_APPLICABLE,NOT_APPLICABLE,,,,,,
7e85b765bde20f17,2026-09-10T07:00:00+00:00,2026-09-10T07:00:10.450497+00:00,NZD/USD,H1,LONG,NZD,USD,0.0004953962315721,0.0004953962315721,-4.44009996329733e-05,0.0005397972312050733,0.58568,LONDON,RECORDED,PENDING,PENDING,,,,,,
7499db9371e46803,2026-09-10T07:00:00+00:00,2026-09-10T07:00:10.450546+00:00,USD/CAD,H1,NEUTRAL,USD,CAD,0.0002970261165646,-4.44009996329733e-05,-0.0002970261165646,0.00025262511693162674,1.38076,LONDON,NOT_TRACKED,NOT_APPLICABLE,NOT_APPLICABLE,,,,,,
8825411854625391,2026-09-10T07:00:00+00:00,2026-09-10T07:00:10.450564+00:00,USD/CHF,H1,NEUTRAL,USD,CHF,0.0003214996723175,-4.44009996329733e-05,-0.0003214996723175,0.0002770986726845267,0.80897,LONDON,NOT_TRACKED,NOT_APPLICABLE,NOT_APPLICABLE,,,,,,
43929b797f08f606,2026-09-10T07:00:00+00:00,2026-09-10T07:00:10.450576+00:00,USD/JPY,H1,SHORT,USD,JPY,-0.0008781694230236,-4.44009996329733e-05,0.0008781694230236,-0.0009225704226565733,153.45735,LONDON,RECORDED,PENDING,PENDING,,,,,,
7761c73470af99f5,2026-09-10T08:00:00+00:00,2026-09-10T08:00:10.102532+00:00,AUD/USD,H1,SHORT,AUD,USD,-0.0001801577072852,-0.0001801577072852,0.00029514469157176395,-0.00047530239885696393,0.72146,LONDON,RECORDED,PENDING,PENDING,,,,,,
57a748f0eb7d83d0,2026-09-10T08:00:00+00:00,2026-09-10T08:00:10.102555+00:00,EUR/USD,H1,NEUTRAL,EUR,USD,8.591065292152503e-06,8.591065292152503e-06,0.00029514469157176395,-0.00028655362627961144,1.16401,LONDON,NOT_TRACKED,NOT_APPLICABLE,NOT_APPLICABLE,,,,,,
54a31fbe2056e5b8,2026-09-10T08:00:00+00:00,2026-09-10T08:00:10.102571+00:00,GBP/USD,H1,SHORT,GBP,USD,-0.0002876615330147,-0.0002876615330147,0.00029514469157176395,-0.000582806224586464,1.35537,LONDON,RECORDED,PENDING,PENDING,,,,,,
3a34b1032e37ab28,2026-09-10T08:00:00+00:00,2026-09-10T08:00:10.102583+00:00,NZD/USD,H1,SHORT,NZD,USD,-0.0012977698849082,-0.0012977698849082,0.00029514469157176395,-0.001592914576479964,0.58486,LONDON,RECORDED,PENDING,PENDING,,,,,,
9df5caa80aa6e703,2026-09-10T08:00:00+00:00,2026-09-10T08:00:10.102595+00:00,USD/CAD,H1,LONG,USD,CAD,0.0001810610175629,0.00029514469157176395,-0.0001810610175629,0.0004762057091346639,1.381,LONDON,RECORDED,PENDING,PENDING,,,,,,
5596e78507351494,2026-09-10T08:00:00+00:00,2026-09-10T08:00:10.102606+00:00,USD/CHF,H1,LONG,USD,CHF,0.0004820825968182,0.00029514469157176395,-0.0004820825968182,0.0007772272883899639,0.80938,LONDON,RECORDED,PENDING,PENDING,,,,,,
be83dcc9c42ee637,2026-09-10T08:00:00+00:00,2026-09-10T08:00:10.102617+00:00,USD/JPY,H1,NEUTRAL,USD,JPY,-0.0003541288332947,0.00029514469157176395,0.0003541288332947,-5.8984141722936056e-05,153.39264,LONDON,NOT_TRACKED,NOT_APPLICABLE,NOT_APPLICABLE,,,,,,
45687f08e1b4aa81,2026-09-10T09:00:00+00:00,2026-09-10T09:00:10.983639+00:00,AUD/USD,H1,SHORT,AUD,USD,-0.0003603853350891,-0.0003603853350891,0.0005143669587659012,-0.0008747522938550012,0.72119,LONDON,RECORDED,PENDING,PENDING,,,,,,
ec7f9d5297c4f3e3,2026-09-10T09:00:00+00:00,2026-09-10T09:00:10.983669+00:00,EUR/USD,H1,SHORT,EUR,USD,-0.0002061873383792,-0.0002061873383792,0.0005143669587659012,-0.0007205542971451013,1.16375,LONDON,RECORDED,PENDING,PENDING,,,,,,
9a4ed35ba1f7289f,2026-09-10T09:00:00+00:00,2026-09-10T09:00:10.983685+00:00,GBP/USD,H1,SHORT,GBP,USD,-7.378113563808485e-06,-7.378113563808485e-06,0.0005143669587659012,-0.0005217450723297097,1.35535,LONDON,RECORDED,PENDING,PENDING,,,,,,
1a5a83bb6c3f95ef,2026-09-10T09:00:00+00:00,2026-09-10T09:00:10.983700+00:00,NZD/USD,H1,SHORT,NZD,USD,-0.0005984440454816,-0.0005984440454816,0.0005143669587659012,-0.0011128110042475012,0.5845,LONDON,RECORDED,PENDING,PENDING,,,,,,
917607122e8b1149,2026-09-10T09:00:00+00:00,2026-09-10T09:00:10.983713+00:00,USD/CAD,H1,NEUTRAL,USD,CAD,-0.0002968970636154,0.0005143669587659012,0.0002968970636154,0.00021746989515050122,1.38054,LONDON,NOT_TRACKED,NOT_APPLICABLE,NOT_APPLICABLE,,,,,,
cc4f8d45c929c1e3,2026-09-10T09:00:00+00:00,2026-09-10T09:00:10.983726+00:00,USD/CHF,H1,LONG,USD,CHF,0.0011490560442818,0.0005143669587659012,-0.0011490560442818,0.0016634230030477012,0.81029,LONDON,RECORDED,PENDING,PENDING,,,,,,
1b673f88a8680029,2026-09-10T09:00:00+00:00,2026-09-10T09:00:10.983738+00:00,USD/JPY,H1,LONG,USD,JPY,0.0015760148981812,0.0005143669587659012,-0.0015760148981812,0.002090381856947101,153.63497,LONDON,RECORDED,PENDING,PENDING,,,,,,
d158bd5918caf346,2026-09-10T09:00:00+00:00,2026-09-10T09:05:09.157671+00:00,AUD/USD,H4,SHORT,AUD,USD,-0.0009419587200443,-0.0009419587200443,0.00043135244084466863,-0.0013733111608889687,0.72122,LONDON,RECORDED,PENDING,PENDING,,,,,,
0196cc4326b8cb2f,2026-09-10T09:00:00+00:00,2026-09-10T09:05:09.157701+00:00,EUR/USD,H4,NEUTRAL,EUR,USD,7.733752674601972e-05,7.733752674601972e-05,0.00043135244084466863,-0.0003540149140986489,1.16382,LONDON,NOT_TRACKED,NOT_APPLICABLE,NOT_APPLICABLE,,,,,,
25393446c09132a3,2026-09-10T09:00:00+00:00,2026-09-10T09:05:09.157719+00:00,GBP/USD,H4,NEUTRAL,GBP,USD,0.0001549403848424,0.0001549403848424,0.00043135244084466863,-0.00027641205600226865,1.35557,LONDON,NOT_TRACKED,NOT_APPLICABLE,NOT_APPLICABLE,,,,,,
8e7ae98f60502463,2026-09-10T09:00:00+00:00,2026-09-10T09:05:09.157734+00:00,NZD/USD,H4,SHORT,NZD,USD,-0.0003762034234511,-0.0003762034234511,0.00043135244084466863,-0.0008075558642957686,0.58457,LONDON,RECORDED,PENDING,PENDING,,,,,,
4d0463b61485319a,2026-09-10T09:00:00+00:00,2026-09-10T09:05:09.157748+00:00,USD/CAD,H4,NEUTRAL,USD,CAD,-0.0002245042800654,0.00043135244084466863,0.0002245042800654,0.00020684816077926862,1.38051,LONDON,NOT_TRACKED,NOT_APPLICABLE,NOT_APPLICABLE,,,,,,
983e02b1844f70f9,2026-09-10T09:00:00+00:00,2026-09-10T09:05:09.157761+00:00,USD/CHF,H4,LONG,USD,CHF,0.0010996206926374,0.00043135244084466863,-0.0010996206926374,0.0015309731334820686,0.81026,LONDON,RECORDED,PENDING,PENDING,,,,,,
bcacbe9b2d0d7766,2026-09-10T09:00:00+00:00,2026-09-10T09:05:09.157774+00:00,USD/JPY,H4,LONG,USD,JPY,0.0010584664414337,0.00043135244084466863,-0.0010584664414337,0.0014898188822783686,153.63921,LONDON,RECORDED,PENDING,PENDING,,,,,,
19192e265b563cc4,2026-09-10T10:00:00+00:00,2026-09-10T10:00:18.734853+00:00,AUD/USD,H1,NEUTRAL,AUD,USD,-1.3865971519231396e-05,-1.3865971519231396e-05,0.00026310537170368587,-0.00027697134322291725,0.72118,LONDON,NOT_TRACKED,NOT_APPLICABLE,NOT_APPLICABLE,,,,,,
ee58356add12a86e,2026-09-10T10:00:00+00:00,2026-09-10T10:00:18.734895+00:00,EUR/USD,H1,SHORT,EUR,USD,-0.0002234137622876,-0.0002234137622876,0.00026310537170368587,-0.0004865191339912859,1.1635,LONDON,RECORDED,PENDING,PENDING,,,,,,
12955d835fd82ca7,2026-09-10T10:00:00+00:00,2026-09-10T10:00:18.734916+00:00,GBP/USD,H1,SHORT,GBP,USD,-0.0004205245490427,-0.0004205245490427,0.00026310537170368587,-0.0006836299207463859,1.35488,LONDON,RECORDED,PENDING,PENDING,,,,,,
9bd06ebeb156b71c,2026-09-10T10:00:00+00:00,2026-09-10T10:00:18.734936+00:00,NZD/USD,H1,NEUTRAL,NZD,USD,1.7107469121130313e-05,1.7107469121130313e-05,0.00026310537170368587,-0.00024599790258255554,0.58455,LONDON,NOT_TRACKED,NOT_APPLICABLE,NOT_APPLICABLE,,,,,,
43f2fcbc80d042a4,2026-09-10T10:00:00+00:00,2026-09-10T10:00:18.734953+00:00,USD/CAD,H1,LONG,USD,CAD,0.0003187204821371,0.00026310537170368587,-0.0003187204821371,0.0005818258538407858,1.38096,LONDON,RECORDED,PENDING,PENDING,,,,,,
8747e7c43339dda9,2026-09-10T10:00:00+00:00,2026-09-10T10:00:18.734967+00:00,USD/CHF,H1,LONG,USD,CHF,0.0004566379108198,0.00026310537170368587,-0.0004566379108198,0.0007197432825234858,0.81064,LONDON,RECORDED,PENDING,PENDING,,,,,,
a7e8aa2116bff390,2026-09-10T10:00:00+00:00,2026-09-10T10:00:18.734981+00:00,USD/JPY,H1,LONG,USD,JPY,0.0004256823952405,0.00026310537170368587,-0.0004256823952405,0.0006887877669441858,153.70107,LONDON,RECORDED,PENDING,PENDING,,,,,,
bd45620187fd21ff,2026-09-10T11:00:00+00:00,2026-09-10T11:00:15.299025+00:00,AUD/USD,H1,SHORT,AUD,USD,-0.0010261957260335,-0.0010261957260335,0.0008743392714891428,-0.0019005349975226428,0.72037,LONDON,RECORDED,PENDING,PENDING,,,,,,
fd4ff918f8e918fd,2026-09-10T11:00:00+00:00,2026-09-10T11:00:15.299053+00:00,EUR/USD,H1,SHORT,EUR,USD,-0.0004297526343836,-0.0004297526343836,0.0008743392714891428,-0.0013040919058727428,1.16296,LONDON,RECORDED,PENDING,PENDING,,,,,,
4af5c9531b57b957,2026-09-10T11:00:00+00:00,2026-09-10T11:00:15.299070+00:00,GBP/USD,H1,SHORT,GBP,USD,-0.0003985739908327,-0.0003985739908327,0.0008743392714891428,-0.0012729132623218427,1.35429,LONDON,RECORDED,PENDING,PENDING,,,,,,
7e0f0a008caa8d04,2026-09-10T11:00:00+00:00,2026-09-10T11:00:15.299084+00:00,NZD/USD,H1,SHORT,NZD,USD,-0.0009921313718782,-0.0009921313718782,0.0008743392714891428,-0.0018664706433673428,0.58402,LONDON,RECORDED,PENDING,PENDING,,,,,,
231d6e20772d7732,2026-09-10T11:00:00+00:00,2026-09-10T11:00:15.299095+00:00,USD/CAD,H1,LONG,USD,CAD,0.0004344835077302,0.0008743392714891428,-0.0004344835077302,0.0013088227792193428,1.38155,LONDON,RECORDED,PENDING,PENDING,,,,,,
1d83c7125e799f36,2026-09-10T11:00:00+00:00,2026-09-10T11:00:15.299108+00:00,USD/CHF,H1,LONG,USD,CHF,0.0004070907812442,0.0008743392714891428,-0.0004070907812442,0.001281430052733343,0.81096,LONDON,RECORDED,PENDING,PENDING,,,,,,
1dcad391d3dbb6b3,2026-09-10T11:00:00+00:00,2026-09-10T11:00:15.299119+00:00,USD/JPY,H1,LONG,USD,JPY,0.0024321468883216,0.0008743392714891428,-0.0024321468883216,0.0033064861598107427,154.07754,LONDON,RECORDED,PENDING,PENDING,,,,,,
fcef9691165725f0,2026-09-10T12:00:00+00:00,2026-09-10T12:00:10.851183+00:00,AUD/USD,H1,SHORT,AUD,USD,-0.0014580903182802,-0.0014580903182802,0.0009569955423610856,-0.0024150858606412856,0.71907,LONDON_NY_OVERLAP,RECORDED,PENDING,PENDING,,,,,,
a79dc5f1d75b573a,2026-09-10T12:00:00+00:00,2026-09-10T12:00:10.851209+00:00,EUR/USD,H1,SHORT,EUR,USD,-0.0010061486864169,-0.0010061486864169,0.0009569955423610856,-0.0019631442287779857,1.16168,LONDON_NY_OVERLAP,RECORDED,PENDING,PENDING,,,,,,
9f3adf5ca1ca1ab5,2026-09-10T12:00:00+00:00,2026-09-10T12:00:10.851224+00:00,GBP/USD,H1,SHORT,GBP,USD,-0.0008862498338282,-0.0008862498338282,0.0009569955423610856,-0.0018432453761892858,1.35282,LONDON_NY_OVERLAP,RECORDED,PENDING,PENDING,,,,,,
59b4e1b08bfdb89e,2026-09-10T12:00:00+00:00,2026-09-10T12:00:10.851236+00:00,NZD/USD,H1,SHORT,NZD,USD,-0.0015929840187733,-0.0015929840187733,0.0009569955423610856,-0.0025499795611343854,0.58288,LONDON_NY_OVERLAP,RECORDED,PENDING,PENDING,,,,,,
57a8ec3b70d408f1,2026-09-10T12:00:00+00:00,2026-09-10T12:00:10.851252+00:00,USD/CAD,H1,LONG,USD,CAD,0.0001881862464805,0.0009569955423610856,-0.0001881862464805,0.0011451817888415857,1.38187,LONDON_NY_OVERLAP,RECORDED,PENDING,PENDING,,,,,,
f7788d67dce9f69b,2026-09-10T12:00:00+00:00,2026-09-10T12:00:10.851265+00:00,USD/CHF,H1,LONG,USD,CHF,0.0009863392020516,0.0009569955423610856,-0.0009863392020516,0.0019433347444126857,0.81188,LONDON_NY_OVERLAP,RECORDED,PENDING,PENDING,,,,,,
0a2b5cbb772850ec,2026-09-10T12:00:00+00:00,2026-09-10T12:00:10.851275+00:00,USD/JPY,H1,LONG,USD,JPY,0.0005809704906969,0.0009569955423610856,-0.0005809704906969,0.0015379660330579856,154.17652,LONDON_NY_OVERLAP,RECORDED,PENDING,PENDING,,,,,,
b6cc55b8cabac638,2026-09-10T13:00:00+00:00,2026-09-10T13:00:10.303471+00:00,AUD/USD,H1,SHORT,AUD,USD,-0.0037685996384369,-0.0037685996384369,0.002266578773781514,-0.006035178412218414,0.71639,LONDON_NY_OVERLAP,RECORDED,PENDING,PENDING,,,,,,
d59f44dcb92dc0a3,2026-09-10T13:00:00+00:00,2026-09-10T13:00:10.303507+00:00,EUR/USD,H1,SHORT,EUR,USD,-0.0013257119245205,-0.0013257119245205,0.002266578773781514,-0.003592290698302014,1.1601,LONDON_NY_OVERLAP,RECORDED,PENDING,PENDING,,,,,,
89927459989f761d,2026-09-10T13:00:00+00:00,2026-09-10T13:00:10.303530+00:00,GBP/USD,H1,SHORT,GBP,USD,-0.0019958014251501,-0.0019958014251501,0.002266578773781514,-0.004262380198931614,1.35014,LONDON_NY_OVERLAP,RECORDED,PENDING,PENDING,,,,,,
5b995d748e064685,2026-09-10T13:00:00+00:00,2026-09-10T13:00:10.303549+00:00,NZD/USD,H1,SHORT,NZD,USD,-0.0045977011494253,-0.0045977011494253,0.002266578773781514,-0.006864279923206814,0.58022,LONDON_NY_OVERLAP,RECORDED,PENDING,PENDING,,,,,,
26957bdf245d719b,2026-09-10T13:00:00+00:00,2026-09-10T13:00:10.303566+00:00,USD/CAD,H1,LONG,USD,CAD,0.0008032593514586,0.002266578773781514,-0.0008032593514586,0.0030698381252401144,1.38298,LONDON_NY_OVERLAP,RECORDED,PENDING,PENDING,,,,,,
31447a3d6bc49eaf,2026-09-10T13:00:00+00:00,2026-09-10T13:00:10.303583+00:00,USD/CHF,H1,LONG,USD,CHF,0.001909290236752,0.002266578773781514,-0.001909290236752,0.004175869010533514,0.81337,LONDON_NY_OVERLAP,RECORDED,PENDING,PENDING,,,,,,
a37159013a0ed573,2026-09-10T13:00:00+00:00,2026-09-10T13:00:10.303599+00:00,USD/JPY,H1,LONG,USD,JPY,0.0014656876907272,0.002266578773781514,-0.0014656876907272,0.003732266464508714,154.3925,LONDON_NY_OVERLAP,RECORDED,PENDING,PENDING,,,,,,
e975e8dce1552d8e,2026-09-10T14:00:00+00:00,2026-09-10T14:00:12.117800+00:00,AUD/USD,H1,LONG,AUD,USD,1.3957318519902425e-05,1.3957318519902425e-05,-0.0005234235704305296,0.000537380888950432,0.71648,LONDON_NY_OVERLAP,RECORDED,PENDING,PENDING,,,,,,
d08d6df589913f95,2026-09-10T14:00:00+00:00,2026-09-10T14:00:12.117830+00:00,EUR/USD,H1,LONG,EUR,USD,0.0006807879905552,0.0006807879905552,-0.0005234235704305296,0.0012042115609857296,1.16121,LONDON_NY_OVERLAP,RECORDED,PENDING,PENDING,,,,,,
def5692967ad0d61,2026-09-10T14:00:00+00:00,2026-09-10T14:00:12.117848+00:00,GBP/USD,H1,LONG,GBP,USD,0.0006589615062822,0.0006589615062822,-0.0005234235704305296,0.0011823850767127297,1.3515,LONDON_NY_OVERLAP,RECORDED,PENDING,PENDING,,,,,,
f09849064ff3ec2b,2026-09-10T14:00:00+00:00,2026-09-10T14:00:12.117863+00:00,NZD/USD,H1,LONG,NZD,USD,1.723157513820497e-05,1.723157513820497e-05,-0.0005234235704305296,0.0005406551455687346,0.58034,LONDON_NY_OVERLAP,RECORDED,PENDING,PENDING,,,,,,
17097a28494891d2,2026-09-10T14:00:00+00:00,2026-09-10T14:00:12.117877+00:00,USD/CAD,H1,SHORT,USD,CAD,-0.000419481289688,-0.0005234235704305296,0.000419481289688,-0.0009429048601185296,1.38208,LONDON_NY_OVERLAP,RECORDED,PENDING,PENDING,,,,,,
e8d58b4954f3e267,2026-09-10T14:00:00+00:00,2026-09-10T14:00:12.117891+00:00,USD/CHF,H1,SHORT,USD,CHF,-0.0005042368191265,-0.0005234235704305296,0.0005042368191265,-0.0010276603895570295,0.8127,LONDON_NY_OVERLAP,RECORDED,PENDING,PENDING,,,,,,
35b452faebf12118,2026-09-10T14:00:00+00:00,2026-09-10T14:00:12.117904+00:00,USD/JPY,H1,SHORT,USD,JPY,-0.0013693084937037,-0.0005234235704305296,0.0013693084937037,-0.0018927320641342294,154.13663,LONDON_NY_OVERLAP,RECORDED,PENDING,PENDING,,,,,,
63b0fcf8aa59bb5b,2026-09-10T15:00:00+00:00,2026-09-10T15:00:13.639295+00:00,AUD/USD,H1,LONG,AUD,USD,0.0005163991625959,0.0005163991625959,-0.0008780491916718132,0.0013944483542677132,0.71687,LONDON_NY_OVERLAP,RECORDED,PENDING,PENDING,,,,,,
f6f28318453f2e93,2026-09-10T15:00:00+00:00,2026-09-10T15:00:13.639320+00:00,EUR/USD,H1,LONG,EUR,USD,0.0013778493493968,0.0013778493493968,-0.0008780491916718132,0.002255898541068613,1.16283,LONDON_NY_OVERLAP,RECORDED,PENDING,PENDING,,,,,,
f11d6b5cddc18b80,2026-09-10T15:00:00+00:00,2026-09-10T15:00:13.639335+00:00,GBP/USD,H1,LONG,GBP,USD,0.0007324543880676,0.0007324543880676,-0.0008780491916718132,0.0016105035797394133,1.35261,LONDON_NY_OVERLAP,RECORDED,PENDING,PENDING,,,,,,
8b4f06439a0adff9,2026-09-10T15:00:00+00:00,2026-09-10T15:00:13.639346+00:00,NZD/USD,H1,LONG,NZD,USD,0.0009132420091322,0.0009132420091322,-0.0008780491916718132,0.0017912912008040132,0.58088,LONDON_NY_OVERLAP,RECORDED,PENDING,PENDING,,,,,,
78606430db6f8f04,2026-09-10T15:00:00+00:00,2026-09-10T15:00:13.639358+00:00,USD/CAD,H1,SHORT,USD,CAD,3.617918828380802e-05,-0.0008780491916718132,-3.617918828380802e-05,-0.0008418700033880051,1.38206,LONDON_NY_OVERLAP,RECORDED,PENDING,PENDING,,,,,,
3a8d26b0399769d7,2026-09-10T15:00:00+00:00,2026-09-10T15:00:13.639369+00:00,USD/CHF,H1,SHORT,USD,CHF,-0.0014644171250661,-0.0008780491916718132,0.0014644171250661,-0.0023424663167379133,0.81142,LONDON_NY_OVERLAP,RECORDED,PENDING,PENDING,,,,,,
5710bfe6f18a092c,2026-09-10T15:00:00+00:00,2026-09-10T15:00:13.639380+00:00,USD/JPY,H1,SHORT,USD,JPY,-0.0011781614957279,-0.0008780491916718132,0.0011781614957279,-0.0020562106873997133,153.92295,LONDON_NY_OVERLAP,RECORDED,PENDING,PENDING,,,,,,
4712b29071c10423,2026-09-10T18:00:00+00:00,2026-09-10T18:00:14.727586+00:00,AUD/USD,H1,SHORT,AUD,USD,-0.0002930096274592,-0.0002930096274592,0.0001816632595035937,-0.00047467288696279367,0.71649,NEW_YORK,RECORDED,PENDING,PENDING,,,,,,
c82cb76a32169b59,2026-09-10T18:00:00+00:00,2026-09-10T18:00:14.727621+00:00,EUR/USD,H1,NEUTRAL,EUR,USD,2.5818666896143973e-05,2.5818666896143973e-05,0.0001816632595035937,-0.00015584459260744972,1.16198,NEW_YORK,NOT_TRACKED,NOT_APPLICABLE,NOT_APPLICABLE,,,,,,
9feba643a42dd4b4,2026-09-10T18:00:00+00:00,2026-09-10T18:00:14.727643+00:00,GBP/USD,H1,NEUTRAL,GBP,USD,-0.0001035219651426,-0.0001035219651426,0.0001816632595035937,-0.0002851852246461937,1.35223,NEW_YORK,NOT_TRACKED,NOT_APPLICABLE,NOT_APPLICABLE,,,,,,
92c97b921bc138d8,2026-09-10T18:00:00+00:00,2026-09-10T18:00:14.727659+00:00,NZD/USD,H1,SHORT,NZD,USD,-0.0003445246421249,-0.0003445246421249,0.0001816632595035937,-0.0005261879016284937,0.58031,NEW_YORK,RECORDED,PENDING,PENDING,,,,,,
0c99f967ec7e39fc,2026-09-10T18:00:00+00:00,2026-09-10T18:00:14.727675+00:00,USD/CAD,H1,LONG,USD,CAD,0.0004414851270174,0.0001816632595035937,-0.0004414851270174,0.0006231483865209937,1.38231,NEW_YORK,RECORDED,PENDING,PENDING,,,,,,
0f24bc0996d34ec8,2026-09-10T18:00:00+00:00,2026-09-10T18:00:14.727690+00:00,USD/CHF,H1,LONG,USD,CHF,0.0003447172087755,0.0001816632595035937,-0.0003447172087755,0.0005263804682790937,0.81254,NEW_YORK,RECORDED,PENDING,PENDING,,,,,,
168d58e3e6fa19d3,2026-09-10T18:00:00+00:00,2026-09-10T18:00:14.727705+00:00,USD/JPY,H1,NEUTRAL,USD,JPY,-0.0002297970870983,0.0001816632595035937,0.0002297970870983,-4.813382759470629e-05,154.27459,NEW_YORK,NOT_TRACKED,NOT_APPLICABLE,NOT_APPLICABLE,,,,,,
ac857e2d5884ac5f,2026-09-10T19:00:00+00:00,2026-09-10T19:00:13.105683+00:00,AUD/USD,H1,SHORT,AUD,USD,-0.0005025055484988,-0.0005025055484988,0.0004261140156064143,-0.0009286195641052142,0.71605,NEW_YORK,RECORDED,PENDING,PENDING,,,,,,
4910f12c1174f880,2026-09-10T19:00:00+00:00,2026-09-10T19:00:13.105710+00:00,EUR/USD,H1,SHORT,EUR,USD,-0.0004819484487285,-0.0004819484487285,0.0004261140156064143,-0.0009080624643349143,1.16139,NEW_YORK,RECORDED,PENDING,PENDING,,,,,,
df04ee068229e11f,2026-09-10T19:00:00+00:00,2026-09-10T19:00:13.105724+00:00,GBP/USD,H1,SHORT,GBP,USD,-0.0004881187459786,-0.0004881187459786,0.0004261140156064143,-0.0009142327615850143,1.35147,NEW_YORK,RECORDED,PENDING,PENDING,,,,,,
c68e2584c8f11116,2026-09-10T19:00:00+00:00,2026-09-10T19:00:13.105736+00:00,NZD/USD,H1,SHORT,NZD,USD,-0.0007755277897459,-0.0007755277897459,0.0004261140156064143,-0.0012016418053523142,0.5798,NEW_YORK,RECORDED,PENDING,PENDING,,,,,,
ce1a977f500f37a0,2026-09-10T19:00:00+00:00,2026-09-10T19:00:13.105747+00:00,USD/CAD,H1,LONG,USD,CAD,0.0002170217383441,0.0004261140156064143,-0.0002170217383441,0.0006431357539505143,1.38265,NEW_YORK,RECORDED,PENDING,PENDING,,,,,,
7585b06b9e6dcefd,2026-09-10T19:00:00+00:00,2026-09-10T19:00:13.105758+00:00,USD/CHF,H1,LONG,USD,CHF,0.0002215221029832,0.0004261140156064143,-0.0002215221029832,0.0006476361185896143,0.81274,NEW_YORK,RECORDED,PENDING,PENDING,,,,,,
f6acff430214de05,2026-09-10T19:00:00+00:00,2026-09-10T19:00:13.105770+00:00,USD/JPY,H1,LONG,USD,JPY,0.0002961537349658,0.0004261140156064143,-0.0002961537349658,0.0007222677505722143,154.32367,NEW_YORK,RECORDED,PENDING,PENDING,,,,,,
d223a093ce17896c,2026-09-10T20:00:00+00:00,2026-09-10T20:00:11.737121+00:00,AUD/USD,H1,SHORT,AUD,USD,-0.0002514001592201,-0.0002514001592201,0.0002091614400173928,-0.0004605615992374928,0.71581,NEW_YORK,RECORDED,PENDING,PENDING,,,,,,
dbe19d4f91b760b6,2026-09-10T20:00:00+00:00,2026-09-10T20:00:11.737157+00:00,EUR/USD,H1,SHORT,EUR,USD,-0.0003013656167663,-0.0003013656167663,0.0002091614400173928,-0.0005105270567836928,1.16103,NEW_YORK,RECORDED,PENDING,PENDING,,,,,,
4cdff75f2ba0ee7b,2026-09-10T20:00:00+00:00,2026-09-10T20:00:11.737180+00:00,GBP/USD,H1,SHORT,GBP,USD,-0.0003182003182004,-0.0003182003182004,0.0002091614400173928,-0.0005273617582177928,1.35092,NEW_YORK,RECORDED,PENDING,PENDING,,,,,,
f429c352d3c055fc,2026-09-10T20:00:00+00:00,2026-09-10T20:00:11.737198+00:00,NZD/USD,H1,NEUTRAL,NZD,USD,0.0,0.0,0.0002091614400173928,-0.0002091614400173928,0.5797,NEW_YORK,NOT_TRACKED,NOT_APPLICABLE,NOT_APPLICABLE,,,,,,
f1dc7fbb501a0a65,2026-09-10T20:00:00+00:00,2026-09-10T20:00:11.737216+00:00,USD/CAD,H1,LONG,USD,CAD,0.0003615668862582,0.0002091614400173928,-0.0003615668862582,0.0005707283262755928,1.38337,NEW_YORK,RECORDED,PENDING,PENDING,,,,,,
9dd2b77bb0f77b5d,2026-09-10T20:00:00+00:00,2026-09-10T20:00:11.737234+00:00,USD/CHF,H1,NEUTRAL,USD,CHF,0.0001353113390902,0.0002091614400173928,-0.0001353113390902,0.0003444727791075928,0.81305,NEW_YORK,NOT_TRACKED,NOT_APPLICABLE,NOT_APPLICABLE,,,,,,
76be285c4a176bdb,2026-09-10T20:00:00+00:00,2026-09-10T20:00:11.737255+00:00,USD/JPY,H1,NEUTRAL,USD,JPY,9.62857605865498e-05,0.0002091614400173928,-9.62857605865498e-05,0.0003054472006039426,154.34713,NEW_YORK,NOT_TRACKED,NOT_APPLICABLE,NOT_APPLICABLE,,,,,,
6084d3117bb40e44,2026-09-10T21:00:00+00:00,2026-09-10T21:00:06.777128+00:00,AUD/USD,H1,NEUTRAL,AUD,USD,-0.00020954110498,-0.00020954110498,0.0001822851351070615,-0.0003918262400870615,0.7157,LATE_NY,NOT_TRACKED,NOT_APPLICABLE,NOT_APPLICABLE,,,,,,
85662cb80dcf4c9b,2026-09-10T21:00:00+00:00,2026-09-10T21:00:06.777153+00:00,EUR/USD,H1,NEUTRAL,EUR,USD,4.306558026571938e-05,4.306558026571938e-05,0.0001822851351070615,-0.0001392195548413421,1.16107,LATE_NY,NOT_TRACKED,NOT_APPLICABLE,NOT_APPLICABLE,,,,,,
1555682f117d6945,2026-09-10T21:00:00+00:00,2026-09-10T21:00:06.777168+00:00,GBP/USD,H1,NEUTRAL,GBP,USD,0.0001998652759991,0.0001998652759991,0.0001822851351070615,1.758014089203852e-05,1.35118,LATE_NY,NOT_TRACKED,NOT_APPLICABLE,NOT_APPLICABLE,,,,,,
ffbf9c776d1bbdf2,2026-09-10T21:00:00+00:00,2026-09-10T21:00:06.777180+00:00,NZD/USD,H1,NEUTRAL,NZD,USD,-0.0001552527169226,-0.0001552527169226,0.0001822851351070615,-0.0003375378520296615,0.57961,LATE_NY,NOT_TRACKED,NOT_APPLICABLE,NOT_APPLICABLE,,,,,,
3bdcbcac3b0b3f6a,2026-09-10T21:00:00+00:00,2026-09-10T21:00:06.777192+00:00,USD/CAD,H1,NEUTRAL,USD,CAD,7.228776312744983e-05,0.0001822851351070615,-7.228776312744983e-05,0.0002545728982345113,1.38346,LATE_NY,NOT_TRACKED,NOT_APPLICABLE,NOT_APPLICABLE,,,,,,
3187705f48c2f0bd,2026-09-10T21:00:00+00:00,2026-09-10T21:00:06.777203+00:00,USD/CHF,H1,NEUTRAL,USD,CHF,0.0001106956607301,0.0001822851351070615,-0.0001106956607301,0.0002929807958371615,0.81313,LATE_NY,NOT_TRACKED,NOT_APPLICABLE,NOT_APPLICABLE,,,,,,
2efe34cbabb48bb3,2026-09-10T21:00:00+00:00,2026-09-10T21:00:06.777214+00:00,USD/JPY,H1,LONG,USD,JPY,0.0009711495562541,0.0001822851351070615,-0.0009711495562541,0.0011534346913611615,154.49275,LATE_NY,RECORDED,PENDING,PENDING,,,,,,
b68b252aba3988f5,2026-09-10T21:00:00+00:00,2026-09-10T21:05:07.045812+00:00,AUD/USD,H4,SHORT,AUD,USD,-0.0014650481372959,-0.0014650481372959,0.0011273789635159858,-0.0025924271008118858,0.71565,LATE_NY,RECORDED,PENDING,PENDING,,,,,,
b763599e659a11a0,2026-09-10T21:00:00+00:00,2026-09-10T21:05:07.045842+00:00,EUR/USD,H4,SHORT,EUR,USD,-0.000774560006885,-0.000774560006885,0.0011273789635159858,-0.0019019389704009858,1.16105,LATE_NY,RECORDED,PENDING,PENDING,,,,,,
9e6e730be7f23b53,2026-09-10T21:00:00+00:00,2026-09-10T21:05:07.045860+00:00,GBP/USD,H4,SHORT,GBP,USD,-0.000894725555876,-0.000894725555876,0.0011273789635159858,-0.002022104519391986,1.35116,LATE_NY,RECORDED,PENDING,PENDING,,,,,,
476c8ca1e8bc0f8e,2026-09-10T21:00:00+00:00,2026-09-10T21:05:07.045874+00:00,NZD/USD,H4,SHORT,NZD,USD,-0.0014986821932437,-0.0014986821932437,0.0011273789635159858,-0.002626061156759686,0.57964,LATE_NY,RECORDED,PENDING,PENDING,,,,,,
fad684179682f579,2026-09-10T21:00:00+00:00,2026-09-10T21:05:07.045887+00:00,USD/CAD,H4,LONG,USD,CAD,0.0011869436201781,0.0011273789635159858,-0.0011869436201781,0.002314322583694086,1.38334,LATE_NY,RECORDED,PENDING,PENDING,,,,,,
d1f3d370f2eadc31,2026-09-10T21:00:00+00:00,2026-09-10T21:05:07.045900+00:00,USD/CHF,H4,LONG,USD,CHF,0.0008741043508236,0.0011273789635159858,-0.0008741043508236,0.0020014833143395857,0.81297,LATE_NY,RECORDED,PENDING,PENDING,,,,,,
0571fda3dcd114ae,2026-09-10T21:00:00+00:00,2026-09-10T21:05:07.045914+00:00,USD/JPY,H4,LONG,USD,JPY,0.0011975888803096,0.0011273789635159858,-0.0011975888803096,0.0023249678438255856,154.49485,LATE_NY,RECORDED,PENDING,PENDING,,,,,,
6e2ed5e735c33df4,2026-09-10T00:00:00+00:00,2026-09-10T21:10:14.559064+00:00,AUD/USD,D1,NEUTRAL,AUD,USD,0.0002355614676865,0.0002355614676865,7.271729028811428e-05,0.00016284417739838574,0.72185,ASIA,NOT_TRACKED,NOT_APPLICABLE,NOT_APPLICABLE,,,,,,
caba3c7a1ceeab86,2026-09-10T00:00:00+00:00,2026-09-10T21:10:14.559096+00:00,EUR/USD,D1,LONG,EUR,USD,0.0008086717136957,0.0008086717136957,7.271729028811428e-05,0.0007359544234075857,1.16334,ASIA,RECORDED,PENDING,PENDING,,,,,,
e7afb93efab03218,2026-09-10T00:00:00+00:00,2026-09-10T21:10:14.559116+00:00,GBP/USD,D1,NEUTRAL,GBP,USD,0.0004800449026616,0.0004800449026616,7.271729028811428e-05,0.0004073276123734857,1.35469,ASIA,NOT_TRACKED,NOT_APPLICABLE,NOT_APPLICABLE,,,,,,
c34693093766a47a,2026-09-10T00:00:00+00:00,2026-09-10T21:10:14.559132+00:00,NZD/USD,D1,SHORT,NZD,USD,-0.0025796531989408,-0.0025796531989408,7.271729028811428e-05,-0.002652370489228914,0.58384,ASIA,RECORDED,PENDING,PENDING,,,,,,
80ba701193fe75a1,2026-09-10T00:00:00+00:00,2026-09-10T21:10:14.559147+00:00,USD/CAD,D1,LONG,USD,CAD,0.0015597907703916,7.271729028811428e-05,-0.0015597907703916,0.0016325080606797143,1.38054,ASIA,RECORDED,PENDING,PENDING,,,,,,
f498b0ada50fd438,2026-09-10T00:00:00+00:00,2026-09-10T21:10:14.559163+00:00,USD/CHF,D1,LONG,USD,CHF,0.0007904845423219,7.271729028811428e-05,-0.0007904845423219,0.0008632018326100143,0.81027,ASIA,RECORDED,PENDING,PENDING,,,,,,
0e9cf3b9b7c3bad4,2026-09-10T00:00:00+00:00,2026-09-10T21:10:14.559178+00:00,USD/JPY,D1,SHORT,USD,JPY,-0.0028966293955937,7.271729028811428e-05,0.0028966293955937,-0.002823912105305586,153.5536,ASIA,RECORDED,PENDING,PENDING,,,,,,
736dc71f4d441107,2026-09-10T22:00:00+00:00,2026-09-10T22:00:06.915157+00:00,AUD/USD,H1,NEUTRAL,AUD,USD,2.794662195209949e-05,2.794662195209949e-05,-0.0001281070242681285,0.00015605364622022798,0.71567,LATE_NY,NOT_TRACKED,NOT_APPLICABLE,NOT_APPLICABLE,,,,,,
01c5ae90de673979,2026-09-10T22:00:00+00:00,2026-09-10T22:00:06.915182+00:00,EUR/USD,H1,NEUTRAL,EUR,USD,-0.0001981016692218,-0.0001981016692218,-0.0001281070242681285,-6.99946449536715e-05,1.16079,LATE_NY,NOT_TRACKED,NOT_APPLICABLE,NOT_APPLICABLE,,,,,,
2d072b4198098d24,2026-09-10T22:00:00+00:00,2026-09-10T22:00:06.915196+00:00,GBP/USD,H1,NEUTRAL,GBP,USD,-8.141333550423162e-05,-8.141333550423162e-05,-0.0001281070242681285,4.669368876389688e-05,1.35102,LATE_NY,NOT_TRACKED,NOT_APPLICABLE,NOT_APPLICABLE,,,,,,
1952d193e5ff25cf,2026-09-10T22:00:00+00:00,2026-09-10T22:00:06.915208+00:00,NZD/USD,H1,LONG,NZD,USD,0.0003795590214278,0.0003795590214278,-0.0001281070242681285,0.0005076660456959285,0.57984,LATE_NY,RECORDED,PENDING,PENDING,,,,,,
a36ea835dc9bfad7,2026-09-10T22:00:00+00:00,2026-09-10T22:00:06.915219+00:00,USD/CAD,H1,SHORT,USD,CAD,-0.0002819202382586,-0.0001281070242681285,0.0002819202382586,-0.0004100272625267285,1.38298,LATE_NY,RECORDED,PENDING,PENDING,,,,,,
501d15b1fc8d030b,2026-09-10T22:00:00+00:00,2026-09-10T22:00:06.915231+00:00,USD/CHF,H1,NEUTRAL,USD,CHF,3.689855357666842e-05,-0.0001281070242681285,-3.689855357666842e-05,-9.120847069146008e-05,0.81307,LATE_NY,NOT_TRACKED,NOT_APPLICABLE,NOT_APPLICABLE,,,,,,
8fd1f187e9cefd09,2026-09-10T22:00:00+00:00,2026-09-10T22:00:06.915242+00:00,USD/JPY,H1,SHORT,USD,JPY,-0.0005237368465411,-0.0001281070242681285,0.0005237368465411,-0.0006518438708092286,154.40507,LATE_NY,RECORDED,PENDING,PENDING,,,,,,
244aed51dc0285a3,2026-09-10T23:00:00+00:00,2026-09-10T23:00:05.618691+00:00,AUD/USD,H1,LONG,AUD,USD,0.0005589402492872,0.0005589402492872,-0.0002889365088615211,0.0008478767581487211,0.71604,LATE_NY,RECORDED,PENDING,PENDING,,,,,,
5f37d414423dcc6d,2026-09-10T23:00:00+00:00,2026-09-10T23:00:05.618716+00:00,EUR/USD,H1,LONG,EUR,USD,0.00015505345037,0.00015505345037,-0.0002889365088615211,0.00044398995923152114,1.16107,LATE_NY,RECORDED,PENDING,PENDING,,,,,,
e35a7e19b66cdc79,2026-09-10T23:00:00+00:00,2026-09-10T23:00:05.618731+00:00,GBP/USD,H1,LONG,GBP,USD,0.0001554392639581,0.0001554392639581,-0.0002889365088615211,0.0004443757728196211,1.35122,LATE_NY,RECORDED,PENDING,PENDING,,,,,,
dba2e3d1caad7f2f,2026-09-10T23:00:00+00:00,2026-09-10T23:00:05.618742+00:00,NZD/USD,H1,LONG,NZD,USD,0.0014485755673588,0.0014485755673588,-0.0002889365088615211,0.0017375120762203212,0.58072,LATE_NY,RECORDED,PENDING,PENDING,,,,,,
7e30e7739d083a34,2026-09-10T23:00:00+00:00,2026-09-10T23:00:05.618753+00:00,USD/CAD,H1,NEUTRAL,USD,CAD,0.0003760159662164,-0.0002889365088615211,-0.0003760159662164,8.70794573548789e-05,1.38344,LATE_NY,NOT_TRACKED,NOT_APPLICABLE,NOT_APPLICABLE,,,,,,
b0549dd20951a05f,2026-09-10T23:00:00+00:00,2026-09-10T23:00:05.618765+00:00,USD/CHF,H1,NEUTRAL,USD,CHF,-1.2299517858843956e-05,-0.0002889365088615211,1.2299517858843956e-05,-0.0003012360267203651,0.81303,LATE_NY,NOT_TRACKED,NOT_APPLICABLE,NOT_APPLICABLE,,,,,,
8d772f63d961763e,2026-09-10T23:00:00+00:00,2026-09-10T23:00:05.618776+00:00,USD/JPY,H1,NEUTRAL,USD,JPY,-6.826347941410361e-05,-0.0002889365088615211,6.826347941410361e-05,-0.00035719998827562474,154.3912,LATE_NY,NOT_TRACKED,NOT_APPLICABLE,NOT_APPLICABLE,,,,,,
fe32e3d4865ad170,2026-09-11T00:00:00+00:00,2026-09-11T00:00:06.194733+00:00,AUD/USD,H1,SHORT,AUD,USD,-0.000446908649079,-0.000446908649079,0.0002540463860098858,-0.0007009550350888859,0.71571,ASIA,RECORDED,PENDING,PENDING,,,,,,
ccb0069fac509bc4,2026-09-11T00:00:00+00:00,2026-09-11T00:00:06.194762+00:00,EUR/USD,H1,NEUTRAL,EUR,USD,-4.30626130394501e-05,-4.30626130394501e-05,0.0002540463860098858,-0.0002971089990493359,1.16105,ASIA,NOT_TRACKED,NOT_APPLICABLE,NOT_APPLICABLE,,,,,,
5a00cf89d7fdf2c1,2026-09-11T00:00:00+00:00,2026-09-11T00:00:06.194776+00:00,GBP/USD,H1,SHORT,GBP,USD,-0.0002146192728106,-0.0002146192728106,0.0002540463860098858,-0.0004686656588204858,1.35094,ASIA,RECORDED,PENDING,PENDING,,,,,,
405ad80c513374bd,2026-09-11T00:00:00+00:00,2026-09-11T00:00:06.194788+00:00,NZD/USD,H1,SHORT,NZD,USD,-0.0002583089374892,-0.0002583089374892,0.0002540463860098858,-0.0005123553234990857,0.58055,ASIA,RECORDED,PENDING,PENDING,,,,,,
df3e630cb07847bb,2026-09-11T00:00:00+00:00,2026-09-11T00:00:06.194798+00:00,USD/CAD,H1,NEUTRAL,USD,CAD,8.674092653775039e-05,0.0002540463860098858,-8.674092653775039e-05,0.00034078731254763616,1.38355,ASIA,NOT_TRACKED,NOT_APPLICABLE,NOT_APPLICABLE,,,,,,
2dadef302465987f,2026-09-11T00:00:00+00:00,2026-09-11T00:00:06.194809+00:00,USD/CHF,H1,LONG,USD,CHF,0.0001967922857424,0.0002540463860098858,-0.0001967922857424,0.0004508386717522858,0.8132,ASIA,RECORDED,PENDING,PENDING,,,,,,
3aef4b921379d4f1,2026-09-11T00:00:00+00:00,2026-09-11T00:00:06.194819+00:00,USD/JPY,H1,LONG,USD,JPY,0.0005318920173708,0.0002540463860098858,-0.0005318920173708,0.0007859384033806858,154.47436,ASIA,RECORDED,PENDING,PENDING,,,,,,
a22bea8883476043,2026-09-11T01:00:00+00:00,2026-09-11T01:00:11.406083+00:00,AUD/USD,H1,LONG,AUD,USD,0.001089994410285,0.001089994410285,-0.0003845701785421857,0.0014745645888271856,0.71638,ASIA,RECORDED,PENDING,PENDING,,,,,,
2adcedc7b8983146,2026-09-11T01:00:00+00:00,2026-09-11T01:00:11.406108+00:00,EUR/USD,H1,LONG,EUR,USD,0.0003014616583835,0.0003014616583835,-0.0003845701785421857,0.0006860318369256857,1.16136,ASIA,RECORDED,PENDING,PENDING,,,,,,
e1feef95c14e6df1,2026-09-11T01:00:00+00:00,2026-09-11T01:00:11.406122+00:00,GBP/USD,H1,LONG,GBP,USD,0.0003183039580726,0.0003183039580726,-0.0003845701785421857,0.0007028741366147857,1.35134,ASIA,RECORDED,PENDING,PENDING,,,,,,
6a7b4192843ccca4,2026-09-11T01:00:00+00:00,2026-09-11T01:00:11.406134+00:00,NZD/USD,H1,LONG,NZD,USD,0.0014125510327126,0.0014125510327126,-0.0003845701785421857,0.0017971212112547856,0.58133,ASIA,RECORDED,PENDING,PENDING,,,,,,
4c1c2e69eb9087ca,2026-09-11T01:00:00+00:00,2026-09-11T01:00:11.406145+00:00,USD/CAD,H1,NEUTRAL,USD,CAD,0.0,-0.0003845701785421857,0.0,-0.0003845701785421857,1.38361,ASIA,NOT_TRACKED,NOT_APPLICABLE,NOT_APPLICABLE,,,,,,
425ea470b9561e1b,2026-09-11T01:00:00+00:00,2026-09-11T01:00:11.406157+00:00,USD/CHF,H1,SHORT,USD,CHF,-0.0002213341530895,-0.0003845701785421857,0.0002213341530895,-0.0006059043316316856,0.81307,ASIA,RECORDED,PENDING,PENDING,,,,,,
75f6bff525254eba,2026-09-11T01:00:00+00:00,2026-09-11T01:00:11.406167+00:00,USD/JPY,H1,NEUTRAL,USD,JPY,0.0006516539627479,-0.0003845701785421857,-0.0006516539627479,0.00026708378420571435,154.5845,ASIA,NOT_TRACKED,NOT_APPLICABLE,NOT_APPLICABLE,,,,,,
9dce92ad93630558,2026-09-11T01:00:00+00:00,2026-09-11T01:05:06.138901+00:00,AUD/USD,H4,LONG,AUD,USD,0.0011318381890588,0.0011318381890588,-0.0006000634812083537,0.0017319016702671535,0.71646,ASIA,RECORDED,PENDING,PENDING,,,,,,
15f2e71c86c5dc5d,2026-09-11T01:00:00+00:00,2026-09-11T01:05:06.138928+00:00,EUR/USD,H4,LONG,EUR,USD,0.0004048164544968,0.0004048164544968,-0.0006000634812083537,0.0010048799357051537,1.16149,ASIA,RECORDED,PENDING,PENDING,,,,,,
dba36150736a7840,2026-09-11T01:00:00+00:00,2026-09-11T01:05:06.138943+00:00,GBP/USD,H4,LONG,GBP,USD,0.0002516412188316,0.0002516412188316,-0.0006000634812083537,0.0008517047000399537,1.35147,ASIA,RECORDED,PENDING,PENDING,,,,,,
891bd56fac5410d8,2026-09-11T01:00:00+00:00,2026-09-11T01:05:06.138958+00:00,NZD/USD,H4,LONG,NZD,USD,0.0030882302197991,0.0030882302197991,-0.0006000634812083537,0.0036882937010074535,0.58141,ASIA,RECORDED,PENDING,PENDING,,,,,,
6bb2491f664ea79c,2026-09-11T01:00:00+00:00,2026-09-11T01:05:06.138969+00:00,USD/CAD,H4,NEUTRAL,USD,CAD,0.000166260653332,-0.0006000634812083537,-0.000166260653332,-0.00043380282787635374,1.3836,ASIA,NOT_TRACKED,NOT_APPLICABLE,NOT_APPLICABLE,,,,,,
10a9aa4c37494d8b,2026-09-11T01:00:00+00:00,2026-09-11T01:05:06.138982+00:00,USD/CHF,H4,SHORT,USD,CHF,2.4599035717824463e-05,-0.0006000634812083537,-2.4599035717824463e-05,-0.0005754644454905293,0.81306,ASIA,RECORDED,PENDING,PENDING,,,,,,
8251a7c6a25912be,2026-09-11T01:00:00+00:00,2026-09-11T01:05:06.138994+00:00,USD/JPY,H4,NEUTRAL,USD,JPY,0.000485222024678,-0.0006000634812083537,-0.000485222024678,-0.00011484145653035374,154.56094,ASIA,NOT_TRACKED,NOT_APPLICABLE,NOT_APPLICABLE,,,,,,
51618c437d246e1d,2026-09-11T07:00:00+00:00,2026-09-11T07:00:05.080022+00:00,AUD/USD,H1,NEUTRAL,AUD,USD,0.0002091700133868,0.0002091700133868,0.00015421357972918428,5.4956433657615724e-05,0.71727,LONDON,NOT_TRACKED,NOT_APPLICABLE,NOT_APPLICABLE,,,,,,
7dce9ee7e494e445,2026-09-11T07:00:00+00:00,2026-09-11T07:00:05.080046+00:00,EUR/USD,H1,NEUTRAL,EUR,USD,-7.751203589681039e-05,-7.751203589681039e-05,0.00015421357972918428,-0.00023172561562599466,1.16102,LONDON,NOT_TRACKED,NOT_APPLICABLE,NOT_APPLICABLE,,,,,,
d1a6199d8187e936,2026-09-11T07:00:00+00:00,2026-09-11T07:00:05.080062+00:00,GBP/USD,H1,LONG,GBP,USD,0.0009547351905029,0.0009547351905029,0.00015421357972918428,0.0008005216107737157,1.35245,LONDON,RECORDED,PENDING,PENDING,,,,,,
876d34a5e4514efd,2026-09-11T07:00:00+00:00,2026-09-11T07:00:05.080075+00:00,NZD/USD,H1,SHORT,NZD,USD,-0.0004971883143601,-0.0004971883143601,0.00015421357972918428,-0.0006514018940892843,0.58299,LONDON,RECORDED,PENDING,PENDING,,,,,,
f4d1856021de3d52,2026-09-11T07:00:00+00:00,2026-09-11T07:00:05.080087+00:00,USD/CAD,H1,NEUTRAL,USD,CAD,2.8906746834579664e-05,0.00015421357972918428,-2.8906746834579664e-05,0.00018312032656376393,1.3838,LONDON,NOT_TRACKED,NOT_APPLICABLE,NOT_APPLICABLE,,,,,,
9516dcb499caca14,2026-09-11T07:00:00+00:00,2026-09-11T07:00:05.080099+00:00,USD/CHF,H1,LONG,USD,CHF,0.0006151801862766,0.00015421357972918428,-0.0006151801862766,0.0007693937660057844,0.81327,LONDON,RECORDED,PENDING,PENDING,,,,,,
b1fe80751682f333,2026-09-11T07:00:00+00:00,2026-09-11T07:00:05.080110+00:00,USD/JPY,H1,LONG,USD,JPY,0.0010246129786259,0.00015421357972918428,-0.0010246129786259,0.0011788265583550842,154.19648,LONDON,RECORDED,PENDING,PENDING,,,,,,
300d5d83c3730002,2026-09-11T08:00:00+00:00,2026-09-11T08:00:06.447332+00:00,AUD/USD,H1,SHORT,AUD,USD,-0.0002091204394317,-0.0002091204394317,0.00030650000562188715,-0.0005156204450535871,0.71714,LONDON,RECORDED,PENDING,PENDING,,,,,,
eab5ce510c3efe80,2026-09-11T08:00:00+00:00,2026-09-11T08:00:06.447354+00:00,EUR/USD,H1,SHORT,EUR,USD,-0.0004048129677958,-0.0004048129677958,0.00030650000562188715,-0.0007113129734176871,1.16056,LONDON,RECORDED,PENDING,PENDING,,,,,,
083bd64737c1abfc,2026-09-11T08:00:00+00:00,2026-09-11T08:00:06.447373+00:00,GBP/USD,H1,SHORT,GBP,USD,-0.0004880032533549,-0.0004880032533549,0.00030650000562188715,-0.0007945032589767871,1.35179,LONDON,RECORDED,PENDING,PENDING,,,,,,
180b7a6a761bb972,2026-09-11T08:00:00+00:00,2026-09-11T08:00:06.447385+00:00,NZD/USD,H1,SHORT,NZD,USD,-0.0001029124215291,-0.0001029124215291,0.00030650000562188715,-0.00040941242715098716,0.58296,LONDON,RECORDED,PENDING,PENDING,,,,,,
04f1eb70fe7a1598,2026-09-11T08:00:00+00:00,2026-09-11T08:00:06.447397+00:00,USD/CAD,H1,NEUTRAL,USD,CAD,-4.335980690428972e-05,0.00030650000562188715,4.335980690428972e-05,0.0002631401987175974,1.38371,LONDON,NOT_TRACKED,NOT_APPLICABLE,NOT_APPLICABLE,,,,,,
f4b252a7e43ea51c,2026-09-11T08:00:00+00:00,2026-09-11T08:00:06.447408+00:00,USD/CHF,H1,LONG,USD,CHF,0.0006025355680434,0.00030650000562188715,-0.0006025355680434,0.0009090355736652872,0.81372,LONDON,RECORDED,PENDING,PENDING,,,,,,
da4c0aaf86657971,2026-09-11T08:00:00+00:00,2026-09-11T08:00:06.447418+00:00,USD/JPY,H1,LONG,USD,JPY,0.0003814751961026,0.00030650000562188715,-0.0003814751961026,0.0006879752017244871,154.24971,LONDON,RECORDED,PENDING,PENDING,,,,,,
a680e80f77cf787e,2026-09-11T09:00:00+00:00,2026-09-11T09:05:05.461374+00:00,AUD/USD,H4,LONG,AUD,USD,0.0009496013070982,0.0009496013070982,-3.901941954328566e-06,0.0009535032490525286,0.71677,LONDON,RECORDED,PENDING,PENDING,,,,,,
198f1ef7c8499822,2026-09-11T09:00:00+00:00,2026-09-11T09:05:05.461396+00:00,EUR/USD,H4,SHORT,EUR,USD,-0.0005170185264973,-0.0005170185264973,-3.901941954328566e-06,-0.0005131165845429714,1.1599,LONDON,RECORDED,PENDING,PENDING,,,,,,
1bfe16e61d180921,2026-09-11T09:00:00+00:00,2026-09-11T09:05:05.461409+00:00,GBP/USD,H4,NEUTRAL,GBP,USD,0.0002295752118016,0.0002295752118016,-3.901941954328566e-06,0.00023347715375592856,1.35063,LONDON,NOT_TRACKED,NOT_APPLICABLE,NOT_APPLICABLE,,,,,,
61e9e0293447c979,2026-09-11T09:00:00+00:00,2026-09-11T09:05:05.461421+00:00,NZD/USD,H4,SHORT,NZD,USD,-0.000532033569602,-0.000532033569602,-3.901941954328566e-06,-0.0005281316276476714,0.58236,LONDON,RECORDED,PENDING,PENDING,,,,,,
8ee8769d3f699216,2026-09-11T09:00:00+00:00,2026-09-11T09:05:05.461432+00:00,USD/CAD,H4,NEUTRAL,USD,CAD,0.0004985333005793,-3.901941954328566e-06,-0.0004985333005793,0.0004946313586249713,1.38475,LONDON,NOT_TRACKED,NOT_APPLICABLE,NOT_APPLICABLE,,,,,,
dd49af0a4d70589f,2026-09-11T09:00:00+00:00,2026-09-11T09:05:05.461442+00:00,USD/CHF,H4,LONG,USD,CHF,0.0010941053537401,-3.901941954328566e-06,-0.0010941053537401,0.0010902034117857716,0.81434,LONDON,RECORDED,PENDING,PENDING,,,,,,
5cd815616a7fa601,2026-09-11T09:00:00+00:00,2026-09-11T09:05:05.461452+00:00,USD/JPY,H4,SHORT,USD,JPY,-0.0014898278251992,-3.901941954328566e-06,0.0014898278251992,-0.0014937297671535285,154.10334,LONDON,RECORDED,PENDING,PENDING,,,,,,
74b03207a375c2ce,2026-09-11T11:00:00+00:00,2026-09-11T11:00:06.060131+00:00,AUD/USD,H1,NEUTRAL,AUD,USD,-4.184275492694882e-05,-4.184275492694882e-05,0.00025225880669857843,-0.00029410156162552723,0.71694,LONDON,NOT_TRACKED,NOT_APPLICABLE,NOT_APPLICABLE,,,,,,
348f2f521575be8f,2026-09-11T11:00:00+00:00,2026-09-11T11:00:06.060153+00:00,EUR/USD,H1,SHORT,EUR,USD,-0.0003708207211168,-0.0003708207211168,0.00025225880669857843,-0.0006230795278153784,1.15916,LONDON,RECORDED,PENDING,PENDING,,,,,,
aa1f1d34407bf7a6,2026-09-11T11:00:00+00:00,2026-09-11T11:00:06.060168+00:00,GBP/USD,H1,NEUTRAL,GBP,USD,0.0,0.0,0.00025225880669857843,-0.00025225880669857843,1.35061,LONDON,NOT_TRACKED,NOT_APPLICABLE,NOT_APPLICABLE,,,,,,
a73199fe1082e74c,2026-09-11T11:00:00+00:00,2026-09-11T11:00:06.060180+00:00,NZD/USD,H1,SHORT,NZD,USD,-0.0003778964907157,-0.0003778964907157,0.00025225880669857843,-0.0006301552974142784,0.58195,LONDON,RECORDED,PENDING,PENDING,,,,,,
f0b552fb00fe75c7,2026-09-11T11:00:00+00:00,2026-09-11T11:00:06.060190+00:00,USD/CAD,H1,LONG,USD,CAD,0.0008304028536974,0.00025225880669857843,-0.0008304028536974,0.0010826616603959785,1.38602,LONDON,RECORDED,PENDING,PENDING,,,,,,
59dd0582b4486653,2026-09-11T11:00:00+00:00,2026-09-11T11:00:06.060201+00:00,USD/CHF,H1,LONG,USD,CHF,0.0008222674946614,0.00025225880669857843,-0.0008222674946614,0.0010745263013599783,0.81549,LONDON,RECORDED,PENDING,PENDING,,,,,,
faa16aed19c8870c,2026-09-11T11:00:00+00:00,2026-09-11T11:00:06.060211+00:00,USD/JPY,H1,SHORT,USD,JPY,-0.0006774186682282,0.00025225880669857843,0.0006774186682282,-0.0004251598615296216,153.99529,LONDON,RECORDED,PENDING,PENDING,,,,,,
c4b3159bb1c794dd,2026-09-11T12:00:00+00:00,2026-09-11T12:00:07.372547+00:00,AUD/USD,H1,LONG,AUD,USD,0.0006695027547249,0.0006695027547249,-0.00017994707778188937,0.0008494498325067894,0.71743,LONDON_NY_OVERLAP,RECORDED,PENDING,PENDING,,,,,,
0a2226dd627f44ef,2026-09-11T12:00:00+00:00,2026-09-11T12:00:07.372573+00:00,EUR/USD,H1,NEUTRAL,EUR,USD,-2.5880140442873463e-05,-2.5880140442873463e-05,-0.00017994707778188937,0.0001540669373390159,1.15916,LONDON_NY_OVERLAP,NOT_TRACKED,NOT_APPLICABLE,NOT_APPLICABLE,,,,,,
a787ba6571561263,2026-09-11T12:00:00+00:00,2026-09-11T12:00:07.372589+00:00,GBP/USD,H1,NEUTRAL,GBP,USD,-0.0001184720072859,-0.0001184720072859,-0.00017994707778188937,6.147507049598937e-05,1.35037,LONDON_NY_OVERLAP,NOT_TRACKED,NOT_APPLICABLE,NOT_APPLICABLE,,,,,,
5a6dd0bbe97ecbfb,2026-09-11T12:00:00+00:00,2026-09-11T12:00:07.372602+00:00,NZD/USD,H1,LONG,NZD,USD,0.0004982989106153,0.0004982989106153,-0.00017994707778188937,0.0006782459883971894,0.58227,LONDON_NY_OVERLAP,RECORDED,PENDING,PENDING,,,,,,
73dd36a2c6a36d5d,2026-09-11T12:00:00+00:00,2026-09-11T12:00:07.372614+00:00,USD/CAD,H1,NEUTRAL,USD,CAD,7.214955159100954e-06,-0.00017994707778188937,-7.214955159100954e-06,-0.00017273212262278843,1.38602,LONDON_NY_OVERLAP,NOT_TRACKED,NOT_APPLICABLE,NOT_APPLICABLE,,,,,,
b473b5ec358f4092,2026-09-11T12:00:00+00:00,2026-09-11T12:00:07.372626+00:00,USD/CHF,H1,SHORT,USD,CHF,-0.0004169272461955,-0.00017994707778188937,0.0004169272461955,-0.0005968743239773894,0.81515,LONDON_NY_OVERLAP,RECORDED,PENDING,PENDING,,,,,,
630f15637991e6a9,2026-09-11T12:00:00+00:00,2026-09-11T12:00:07.372637+00:00,USD/JPY,H1,NEUTRAL,USD,JPY,0.0001735322641746,-0.00017994707778188937,-0.0001735322641746,-6.414813607289366e-06,154.00385,LONDON_NY_OVERLAP,NOT_TRACKED,NOT_APPLICABLE,NOT_APPLICABLE,,,,,,
a3563bdfc1dd5321,2026-09-11T13:00:00+00:00,2026-09-11T13:00:09.210784+00:00,AUD/USD,H1,LONG,AUD,USD,0.0014496793978253,0.0014496793978253,-0.0010277200341688001,0.0024773994319941,0.71844,LONDON_NY_OVERLAP,RECORDED,PENDING,PENDING,,,,,,
10201b0ef1ef5c13,2026-09-11T13:00:00+00:00,2026-09-11T13:00:09.210809+00:00,EUR/USD,H1,LONG,EUR,USD,0.0008799551395419,0.0008799551395419,-0.0010277200341688001,0.0019076751737107,1.16017,LONDON_NY_OVERLAP,RECORDED,PENDING,PENDING,,,,,,
e12e8c913603f30f,2026-09-11T13:00:00+00:00,2026-09-11T13:00:09.210824+00:00,GBP/USD,H1,LONG,GBP,USD,0.0013181962927579,0.0013181962927579,-0.0010277200341688001,0.0023459163269267,1.35211,LONDON_NY_OVERLAP,RECORDED,PENDING,PENDING,,,,,,
2a95a7259767b7cf,2026-09-11T13:00:00+00:00,2026-09-11T13:00:09.210836+00:00,NZD/USD,H1,LONG,NZD,USD,0.0003091296283574,0.0003091296283574,-0.0010277200341688001,0.0013368496625262001,0.58246,LONDON_NY_OVERLAP,RECORDED,PENDING,PENDING,,,,,,
d6820ed7bac5b309,2026-09-11T13:00:00+00:00,2026-09-11T13:00:09.210847+00:00,USD/CAD,H1,SHORT,USD,CAD,0.0004762042194579,-0.0010277200341688001,-0.0004762042194579,-0.0005515158147109001,1.38662,LONDON_NY_OVERLAP,RECORDED,PENDING,PENDING,,,,,,
933644fdf529721b,2026-09-11T13:00:00+00:00,2026-09-11T13:00:09.210858+00:00,USD/CHF,H1,SHORT,USD,CHF,-0.000858727121056,-0.0010277200341688001,0.000858727121056,-0.0018864471552248,0.81446,LONDON_NY_OVERLAP,RECORDED,PENDING,PENDING,,,,,,
6826e72e7ac8b2e2,2026-09-11T13:00:00+00:00,2026-09-11T13:00:09.210872+00:00,USD/JPY,H1,SHORT,USD,JPY,-0.002854556879101,-0.0010277200341688001,0.002854556879101,-0.0038822769132698005,153.56677,LONDON_NY_OVERLAP,RECORDED,PENDING,PENDING,,,,,,
95f8af6ac6a3c8e8,2026-09-11T13:00:00+00:00,2026-09-11T13:05:04.837898+00:00,AUD/USD,H4,LONG,AUD,USD,0.002176369648014,0.002176369648014,-0.0008677033911488858,0.003044073039162886,0.71835,LONDON_NY_OVERLAP,RECORDED,PENDING,PENDING,,,,,,
3d9bdb3e69e6249f,2026-09-11T13:00:00+00:00,2026-09-11T13:05:04.837922+00:00,EUR/USD,H4,LONG,EUR,USD,0.0001206969386083,0.0001206969386083,-0.0008677033911488858,0.0009884003297571857,1.16007,LONDON_NY_OVERLAP,RECORDED,PENDING,PENDING,,,,,,
62cf91430bfa1b27,2026-09-11T13:00:00+00:00,2026-09-11T13:05:04.837936+00:00,GBP/USD,H4,LONG,GBP,USD,0.0011697984688967,0.0011697984688967,-0.0008677033911488858,0.0020375018600455857,1.35224,LONDON_NY_OVERLAP,RECORDED,PENDING,PENDING,,,,,,
cac46d73882558d9,2026-09-11T13:00:00+00:00,2026-09-11T13:05:04.837948+00:00,NZD/USD,H4,LONG,NZD,USD,0.0004292656123904,0.0004292656123904,-0.0008677033911488858,0.0012969690035392859,0.58264,LONDON_NY_OVERLAP,RECORDED,PENDING,PENDING,,,,,,
3ec6f0af71e1b371,2026-09-11T13:00:00+00:00,2026-09-11T13:05:04.837959+00:00,USD/CAD,H4,NEUTRAL,USD,CAD,0.001357675197874,-0.0008677033911488858,-0.001357675197874,0.0004899718067251142,1.3866,LONDON_NY_OVERLAP,NOT_TRACKED,NOT_APPLICABLE,NOT_APPLICABLE,,,,,,
95665a576413715e,2026-09-11T13:00:00+00:00,2026-09-11T13:05:04.837970+00:00,USD/CHF,H4,SHORT,USD,CHF,0.0002333292398379,-0.0008677033911488858,-0.0002333292398379,-0.0006343741513109858,0.81449,LONDON_NY_OVERLAP,RECORDED,PENDING,PENDING,,,,,,
e1befc9f62cf0b4a,2026-09-11T13:00:00+00:00,2026-09-11T13:05:04.837980+00:00,USD/JPY,H4,SHORT,USD,JPY,-0.0037687975078447,-0.0008677033911488858,0.0037687975078447,-0.004636500898993585,153.51878,LONDON_NY_OVERLAP,RECORDED,PENDING,PENDING,,,,,,
7e7ac3859f7f96af,2026-09-11T14:00:00+00:00,2026-09-11T14:00:09.315862+00:00,AUD/USD,H1,SHORT,AUD,USD,-0.0005567928730513,-0.0005567928730513,-8.85651421116576e-05,-0.00046822773093964235,0.718,LONDON_NY_OVERLAP,RECORDED,PENDING,PENDING,,,,,,
88f1ace5f0e3b8b0,2026-09-11T14:00:00+00:00,2026-09-11T14:00:09.315886+00:00,EUR/USD,H1,LONG,EUR,USD,0.0005775165066284,0.0005775165066284,-8.85651421116576e-05,0.0006660816487400576,1.16081,LONDON_NY_OVERLAP,RECORDED,PENDING,PENDING,,,,,,
5bb2f450000da5b3,2026-09-11T14:00:00+00:00,2026-09-11T14:00:09.315899+00:00,GBP/USD,H1,LONG,GBP,USD,0.0005546721887364,0.0005546721887364,-8.85651421116576e-05,0.0006432373308480576,1.3529,LONDON_NY_OVERLAP,RECORDED,PENDING,PENDING,,,,,,
8395e5623167ed8c,2026-09-11T14:00:00+00:00,2026-09-11T14:00:09.315911+00:00,NZD/USD,H1,NEUTRAL,NZD,USD,-0.0002574930476876,-0.0002574930476876,-8.85651421116576e-05,-0.0001689279055759424,0.58239,LONDON_NY_OVERLAP,NOT_TRACKED,NOT_APPLICABLE,NOT_APPLICABLE,,,,,,
54a2eae660516bfe,2026-09-11T14:00:00+00:00,2026-09-11T14:00:09.315922+00:00,USD/CAD,H1,NEUTRAL,USD,CAD,3.60599460543968e-05,-8.85651421116576e-05,-3.60599460543968e-05,-5.25051960572608e-05,1.38663,LONDON_NY_OVERLAP,NOT_TRACKED,NOT_APPLICABLE,NOT_APPLICABLE,,,,,,
6d175844494361e3,2026-09-11T14:00:00+00:00,2026-09-11T14:00:09.315932+00:00,USD/CHF,H1,NEUTRAL,USD,CHF,0.0002332862668058,-8.85651421116576e-05,-0.0002332862668058,0.0001447211246941424,0.81464,LONDON_NY_OVERLAP,NOT_TRACKED,NOT_APPLICABLE,NOT_APPLICABLE,,,,,,
a048d0bcf43eb6d2,2026-09-11T14:00:00+00:00,2026-09-11T14:00:09.315942+00:00,USD/JPY,H1,SHORT,USD,JPY,-0.0005713994330159,-8.85651421116576e-05,0.0005713994330159,-0.0006599645751275576,153.46509,LONDON_NY_OVERLAP,RECORDED,PENDING,PENDING,,,,,,
493ffd3600c24a8e,2026-09-11T15:00:00+00:00,2026-09-11T15:00:07.666497+00:00,AUD/USD,H1,SHORT,AUD,USD,-0.0009470488287234,-0.0009470488287234,0.0004358686739261399,-0.00138291750264954,0.71734,LONDON_NY_OVERLAP,RECORDED,PENDING,PENDING,,,,,,
64b9f01c7cab73b6,2026-09-11T15:00:00+00:00,2026-09-11T15:00:07.666520+00:00,EUR/USD,H1,NEUTRAL,EUR,USD,0.0003703671802998,0.0003703671802998,0.0004358686739261399,-6.550149362633987e-05,1.16144,LONDON_NY_OVERLAP,NOT_TRACKED,NOT_APPLICABLE,NOT_APPLICABLE,,,,,,
686f6cf63fe9d132,2026-09-11T15:00:00+00:00,2026-09-11T15:00:07.666535+00:00,GBP/USD,H1,SHORT,GBP,USD,-7.390873748978928e-06,-7.390873748978928e-06,0.0004358686739261399,-0.00044325954767511884,1.35301,LONDON_NY_OVERLAP,RECORDED,PENDING,PENDING,,,,,,
dc0c1e60622b10a5,2026-09-11T15:00:00+00:00,2026-09-11T15:00:07.666551+00:00,NZD/USD,H1,SHORT,NZD,USD,-0.0009958791208791,-0.0009958791208791,0.0004358686739261399,-0.00143174779480524,0.58182,LONDON_NY_OVERLAP,RECORDED,PENDING,PENDING,,,,,,
43ae4e2222fbcad2,2026-09-11T15:00:00+00:00,2026-09-11T15:00:07.666562+00:00,USD/CAD,H1,LONG,USD,CAD,0.0005769591368692,0.0004358686739261399,-0.0005769591368692,0.00101282781079534,1.38738,LONDON_NY_OVERLAP,RECORDED,PENDING,PENDING,,,,,,
521ffa8751366799,2026-09-11T15:00:00+00:00,2026-09-11T15:00:07.666572+00:00,USD/CHF,H1,LONG,USD,CHF,0.0006752111569436,0.0004358686739261399,-0.0006752111569436,0.0011110798308697398,0.81511,LONDON_NY_OVERLAP,RECORDED,PENDING,PENDING,,,,,,
248f5f8b7f115009,2026-09-11T15:00:00+00:00,2026-09-11T15:00:07.666583+00:00,USD/JPY,H1,LONG,USD,JPY,0.0002189587806185,0.0004358686739261399,-0.0002189587806185,0.0006548274545446399,153.48714,LONDON_NY_OVERLAP,RECORDED,PENDING,PENDING,,,,,,
02b1e63f1a749196,2026-09-11T16:00:00+00:00,2026-09-11T16:00:12.464603+00:00,AUD/USD,H1,SHORT,AUD,USD,-1.3940973916374356e-05,-1.3940973916374356e-05,0.0006723564350992964,-0.0006862974090156707,0.7173,NEW_YORK,RECORDED,PENDING,PENDING,,,,,,
1e5749daf77b1c10,2026-09-11T16:00:00+00:00,2026-09-11T16:00:12.464632+00:00,EUR/USD,H1,SHORT,EUR,USD,-0.0011278810472934,-0.0011278810472934,0.0006723564350992964,-0.0018002374823926962,1.16016,NEW_YORK,RECORDED,PENDING,PENDING,,,,,,
be95339e23dfbed8,2026-09-11T16:00:00+00:00,2026-09-11T16:00:12.464647+00:00,GBP/USD,H1,SHORT,GBP,USD,-0.0007686622320768,-0.0007686622320768,0.0006723564350992964,-0.0014410186671760963,1.35196,NEW_YORK,RECORDED,PENDING,PENDING,,,,,,
7df93657da440708,2026-09-11T16:00:00+00:00,2026-09-11T16:00:12.464661+00:00,NZD/USD,H1,SHORT,NZD,USD,-0.0004125341629854,-0.0004125341629854,0.0006723564350992964,-0.0010848905980846964,0.58153,NEW_YORK,RECORDED,PENDING,PENDING,,,,,,
4dc846246fbc0926,2026-09-11T16:00:00+00:00,2026-09-11T16:00:12.464673+00:00,USD/CAD,H1,NEUTRAL,USD,CAD,-0.0004108848441161,0.0006723564350992964,0.0004108848441161,0.00026147159098319634,1.38668,NEW_YORK,NOT_TRACKED,NOT_APPLICABLE,NOT_APPLICABLE,,,,,,
e690b46346e1ebea,2026-09-11T16:00:00+00:00,2026-09-11T16:00:12.464686+00:00,USD/CHF,H1,LONG,USD,CHF,0.0012145599980371,0.0006723564350992964,-0.0012145599980371,0.0018869164331363963,0.8161,NEW_YORK,RECORDED,PENDING,PENDING,,,,,,
1ee6b2448d21dd00,2026-09-11T16:00:00+00:00,2026-09-11T16:00:12.464698+00:00,USD/JPY,H1,LONG,USD,JPY,0.0015798014755021,0.0006723564350992964,-0.0015798014755021,0.0022521579106013962,153.72378,NEW_YORK,RECORDED,PENDING,PENDING,,,,,,
237ed78652e0b74d,2026-09-11T17:00:00+00:00,2026-09-11T17:00:06.006527+00:00,AUD/USD,H1,LONG,AUD,USD,0.0004043051527994,0.0004043051527994,-0.00013602694094597164,0.0005403320937453716,0.71757,NEW_YORK,RECORDED,PENDING,PENDING,,,,,,
7bf88b3b9d5d4caf,2026-09-11T17:00:00+00:00,2026-09-11T17:00:06.006553+00:00,EUR/USD,H1,NEUTRAL,EUR,USD,-0.0002241070197215,-0.0002241070197215,-0.00013602694094597164,-8.808007877552835e-05,1.1599,NEW_YORK,NOT_TRACKED,NOT_APPLICABLE,NOT_APPLICABLE,,,,,,
04e40c696098145a,2026-09-11T17:00:00+00:00,2026-09-11T17:00:06.006567+00:00,GBP/USD,H1,LONG,GBP,USD,0.0003180708632294,0.0003180708632294,-0.00013602694094597164,0.0004540978041753717,1.35233,NEW_YORK,RECORDED,PENDING,PENDING,,,,,,
c946b031cf029833,2026-09-11T17:00:00+00:00,2026-09-11T17:00:06.006579+00:00,NZD/USD,H1,NEUTRAL,NZD,USD,0.0002407608041411,0.0002407608041411,-0.00013602694094597164,0.00037678774508707164,0.58163,NEW_YORK,NOT_TRACKED,NOT_APPLICABLE,NOT_APPLICABLE,,,,,,
8eb1db958280623c,2026-09-11T17:00:00+00:00,2026-09-11T17:00:06.006590+00:00,USD/CAD,H1,NEUTRAL,USD,CAD,-0.0001442314626512,-0.00013602694094597164,0.0001442314626512,-0.00028025840359717166,1.38646,NEW_YORK,NOT_TRACKED,NOT_APPLICABLE,NOT_APPLICABLE,,,,,,
c391c3ccaab4a06c,2026-09-11T17:00:00+00:00,2026-09-11T17:00:06.006600+00:00,USD/CHF,H1,NEUTRAL,USD,CHF,1.225325017455305e-05,-0.00013602694094597164,-1.225325017455305e-05,-0.0001237736907714186,0.81612,NEW_YORK,NOT_TRACKED,NOT_APPLICABLE,NOT_APPLICABLE,,,,,,
3a884c79e05b847e,2026-09-11T17:00:00+00:00,2026-09-11T17:00:06.006611+00:00,USD/JPY,H1,NEUTRAL,USD,JPY,-8.118057369675441e-05,-0.00013602694094597164,8.118057369675441e-05,-0.00021720751464272605,153.71888,NEW_YORK,NOT_TRACKED,NOT_APPLICABLE,NOT_APPLICABLE,,,,,,
661632cdf9d43e7b,2026-09-11T17:00:00+00:00,2026-09-11T17:05:04.689035+00:00,AUD/USD,H4,SHORT,AUD,USD,-0.0011553452115812,-0.0011553452115812,0.0008051297470591858,-0.0019604749586403856,0.71757,NEW_YORK,RECORDED,PENDING,PENDING,,,,,,
e089f33bd0f18eeb,2026-09-11T17:00:00+00:00,2026-09-11T17:05:04.689060+00:00,EUR/USD,H4,SHORT,EUR,USD,-0.0001723929870532,-0.0001723929870532,0.0008051297470591858,-0.0009775227341123859,1.15994,NEW_YORK,RECORDED,PENDING,PENDING,,,,,,
2ac0ec69ca88a52f,2026-09-11T17:00:00+00:00,2026-09-11T17:05:04.689074+00:00,GBP/USD,H4,SHORT,GBP,USD,0.0001627038420294,0.0001627038420294,0.0008051297470591858,-0.0006424259050297858,1.35237,NEW_YORK,RECORDED,PENDING,PENDING,,,,,,
e75a4f1bbb695b7a,2026-09-11T17:00:00+00:00,2026-09-11T17:05:04.689085+00:00,NZD/USD,H4,SHORT,NZD,USD,-0.0014934596765886,-0.0014934596765886,0.0008051297470591858,-0.002298589423647786,0.58167,NEW_YORK,RECORDED,PENDING,PENDING,,,,,,
b2ba24b8acb6dcff,2026-09-11T17:00:00+00:00,2026-09-11T17:05:04.689096+00:00,USD/CAD,H4,LONG,USD,CAD,-0.0001153918273737,0.0008051297470591858,0.0001153918273737,0.0006897379196854858,1.38642,NEW_YORK,RECORDED,PENDING,PENDING,,,,,,
c34cdf80e743ad88,2026-09-11T17:00:00+00:00,2026-09-11T17:05:04.689106+00:00,USD/CHF,H4,LONG,USD,CHF,0.0020381852784087,0.0008051297470591858,-0.0020381852784087,0.0028433150254678855,0.81611,NEW_YORK,RECORDED,PENDING,PENDING,,,,,,
f4f9dcf7de016858,2026-09-11T17:00:00+00:00,2026-09-11T17:05:04.689117+00:00,USD/JPY,H4,LONG,USD,JPY,0.0010546207451857,0.0008051297470591858,-0.0010546207451857,0.0018597504922448858,153.71477,NEW_YORK,RECORDED,PENDING,PENDING,,,,,,
f79456e9c326e2b2,2026-09-11T18:00:00+00:00,2026-09-11T18:00:05.610549+00:00,AUD/USD,H1,NEUTRAL,AUD,USD,-4.180835052117522e-05,-4.180835052117522e-05,-5.115165816799195e-05,9.343307646816729e-06,0.71753,NEW_YORK,NOT_TRACKED,NOT_APPLICABLE,NOT_APPLICABLE,,,,,,
72439ede6704fab0,2026-09-11T18:00:00+00:00,2026-09-11T18:00:05.610571+00:00,EUR/USD,H1,NEUTRAL,EUR,USD,-3.448454230394676e-05,-3.448454230394676e-05,-5.115165816799195e-05,1.6667115864045187e-05,1.1599,NEW_YORK,NOT_TRACKED,NOT_APPLICABLE,NOT_APPLICABLE,,,,,,
860b39d9cfff5784,2026-09-11T18:00:00+00:00,2026-09-11T18:00:05.610585+00:00,GBP/USD,H1,NEUTRAL,GBP,USD,0.00012570896157,0.00012570896157,-5.115165816799195e-05,0.00017686061973799197,1.3525,NEW_YORK,NOT_TRACKED,NOT_APPLICABLE,NOT_APPLICABLE,,,,,,
9d0e27f3bebe923e,2026-09-11T18:00:00+00:00,2026-09-11T18:00:05.610597+00:00,NZD/USD,H1,NEUTRAL,NZD,USD,0.0002922820349706,0.0002922820349706,-5.115165816799195e-05,0.0003434336931385919,0.5818,NEW_YORK,NOT_TRACKED,NOT_APPLICABLE,NOT_APPLICABLE,,,,,,
bb1566d8b3fbef99,2026-09-11T18:00:00+00:00,2026-09-11T18:00:05.610607+00:00,USD/CAD,H1,NEUTRAL,USD,CAD,-7.212769487099167e-05,-5.115165816799195e-05,7.212769487099167e-05,-0.00012327935303898364,1.38633,NEW_YORK,NOT_TRACKED,NOT_APPLICABLE,NOT_APPLICABLE,,,,,,
f956cc21a6114b28,2026-09-11T18:00:00+00:00,2026-09-11T18:00:05.610618+00:00,USD/CHF,H1,NEUTRAL,USD,CHF,0.0001102806028672,-5.115165816799195e-05,-0.0001102806028672,5.9128944699208055e-05,0.81619,NEW_YORK,NOT_TRACKED,NOT_APPLICABLE,NOT_APPLICABLE,,,,,,
f6302fd6d43b302b,2026-09-11T18:00:00+00:00,2026-09-11T18:00:05.610628+00:00,USD/JPY,H1,NEUTRAL,USD,JPY,-5.451641145667401e-05,-5.115165816799195e-05,5.451641145667401e-05,-0.00010566806962466596,153.7068,NEW_YORK,NOT_TRACKED,NOT_APPLICABLE,NOT_APPLICABLE,,,,,,
5e9e35b8b9041424,2026-09-11T19:00:00+00:00,2026-09-11T19:00:05.256233+00:00,AUD/USD,H1,SHORT,AUD,USD,-0.0003902493414541,-0.0003902493414541,0.00033537295974694307,-0.000725622301201043,0.71721,NEW_YORK,RECORDED,PENDING,PENDING,,,,,,
ebcd53954fadbcc6,2026-09-11T19:00:00+00:00,2026-09-11T19:00:05.256255+00:00,EUR/USD,H1,SHORT,EUR,USD,-0.0002586541363107,-0.0002586541363107,0.00033537295974694307,-0.0005940270960576431,1.15955,NEW_YORK,RECORDED,PENDING,PENDING,,,,,,
47df245c96a31a0c,2026-09-11T19:00:00+00:00,2026-09-11T19:00:05.256270+00:00,GBP/USD,H1,NEUTRAL,GBP,USD,-2.2182622133801506e-05,-2.2182622133801506e-05,0.00033537295974694307,-0.00035755558188074456,1.35238,NEW_YORK,NOT_TRACKED,NOT_APPLICABLE,NOT_APPLICABLE,,,,,,
02022d5a4b7928a2,2026-09-11T19:00:00+00:00,2026-09-11T19:00:05.256282+00:00,NZD/USD,H1,SHORT,NZD,USD,-0.0007735547418904,-0.0007735547418904,0.00033537295974694307,-0.001108927701637343,0.58128,NEW_YORK,RECORDED,PENDING,PENDING,,,,,,
946b0e457f535bad,2026-09-11T19:00:00+00:00,2026-09-11T19:00:05.256292+00:00,USD/CAD,H1,LONG,USD,CAD,0.0001081915423064,0.00033537295974694307,-0.0001081915423064,0.00044356450205334304,1.38658,NEW_YORK,RECORDED,PENDING,PENDING,,,,,,
c6f4503a664173b5,2026-09-11T19:00:00+00:00,2026-09-11T19:00:05.256303+00:00,USD/CHF,H1,LONG,USD,CHF,0.0006248468512619,0.00033537295974694307,-0.0006248468512619,0.0009602198110088431,0.81671,NEW_YORK,RECORDED,PENDING,PENDING,,,,,,
a1862df7958113e3,2026-09-11T19:00:00+00:00,2026-09-11T19:00:05.256313+00:00,USD/JPY,H1,LONG,USD,JPY,0.0001699314828713,0.00033537295974694307,-0.0001699314828713,0.0005053044426182431,153.73513,NEW_YORK,RECORDED,PENDING,PENDING,,,,,,
41191b516ba281e5,2026-09-11T20:00:00+00:00,2026-09-11T20:00:06.308944+00:00,AUD/USD,H1,NEUTRAL,AUD,USD,0.0002230929042513,0.0002230929042513,-0.00013949605194217454,0.0003625889561934745,0.71735,NEW_YORK,NOT_TRACKED,NOT_APPLICABLE,NOT_APPLICABLE,,,,,,
d35d3a3e241ab310,2026-09-11T20:00:00+00:00,2026-09-11T20:00:06.308970+00:00,EUR/USD,H1,NEUTRAL,EUR,USD,0.0001293649903837,0.0001293649903837,-0.00013949605194217454,0.00026886104232587453,1.15966,NEW_YORK,NOT_TRACKED,NOT_APPLICABLE,NOT_APPLICABLE,,,,,,
4d951297e7a5d54b,2026-09-11T20:00:00+00:00,2026-09-11T20:00:06.308985+00:00,GBP/USD,H1,LONG,GBP,USD,0.000317962672661,0.000317962672661,-0.00013949605194217454,0.00045745872460317455,1.35279,NEW_YORK,RECORDED,PENDING,PENDING,,,,,,
e246ced3e67e4724,2026-09-11T20:00:00+00:00,2026-09-11T20:00:06.308998+00:00,NZD/USD,H1,NEUTRAL,NZD,USD,0.000223640523663,0.000223640523663,-0.00013949605194217454,0.00036313657560517454,0.58142,NEW_YORK,NOT_TRACKED,NOT_APPLICABLE,NOT_APPLICABLE,,,,,,
cbef11f58b671e38,2026-09-11T20:00:00+00:00,2026-09-11T20:00:06.309014+00:00,USD/CAD,H1,NEUTRAL,USD,CAD,7.933416994809558e-05,-0.00013949605194217454,-7.933416994809558e-05,-6.0161881994078963e-05,1.38665,NEW_YORK,NOT_TRACKED,NOT_APPLICABLE,NOT_APPLICABLE,,,,,,
183d023764731b56,2026-09-11T20:00:00+00:00,2026-09-11T20:00:06.309025+00:00,USD/CHF,H1,NEUTRAL,USD,CHF,2.4488796375682627e-05,-0.00013949605194217454,-2.4488796375682627e-05,-0.00011500725556649191,0.81672,NEW_YORK,NOT_TRACKED,NOT_APPLICABLE,NOT_APPLICABLE,,,,,,
8c94c85f66863e57,2026-09-11T20:00:00+00:00,2026-09-11T20:00:06.309036+00:00,USD/JPY,H1,NEUTRAL,USD,JPY,-0.00018623423896,-0.00013949605194217454,0.00018623423896,-0.0003257302909021745,153.7025,NEW_YORK,NOT_TRACKED,NOT_APPLICABLE,NOT_APPLICABLE,,,,,,
8d0aba60e5592e79,2026-09-11T21:00:00+00:00,2026-09-11T21:00:05.812458+00:00,AUD/USD,H1,NEUTRAL,AUD,USD,-0.0004042713357682,-0.0004042713357682,-7.432521215492857e-05,-0.00032994612361327144,0.71705,LATE_NY,NOT_TRACKED,NOT_APPLICABLE,NOT_APPLICABLE,,,,,,
ada958db343bb665,2026-09-11T21:00:00+00:00,2026-09-11T21:00:05.812499+00:00,EUR/USD,H1,NEUTRAL,EUR,USD,0.0001983357047384,0.0001983357047384,-7.432521215492857e-05,0.00027266091689332855,1.15988,LATE_NY,NOT_TRACKED,NOT_APPLICABLE,NOT_APPLICABLE,,,,,,
d46bfff7da6bb51f,2026-09-11T21:00:00+00:00,2026-09-11T21:00:05.812514+00:00,GBP/USD,H1,NEUTRAL,GBP,USD,-0.0001034898247326,-0.0001034898247326,-7.432521215492857e-05,-2.916461257767143e-05,1.35265,LATE_NY,NOT_TRACKED,NOT_APPLICABLE,NOT_APPLICABLE,,,,,,
0adcbe01b1361bbf,2026-09-11T21:00:00+00:00,2026-09-11T21:00:05.812526+00:00,NZD/USD,H1,NEUTRAL,NZD,USD,-0.0001203948952564,-0.0001203948952564,-7.432521215492857e-05,-4.6069683101471434e-05,0.58135,LATE_NY,NOT_TRACKED,NOT_APPLICABLE,NOT_APPLICABLE,,,,,,
2a56da45bf6f239d,2026-09-11T21:00:00+00:00,2026-09-11T21:00:05.812537+00:00,USD/CAD,H1,LONG,USD,CAD,0.0004759844223279,-7.432521215492857e-05,-0.0004759844223279,0.00040165921017297143,1.38726,LATE_NY,RECORDED,PENDING,PENDING,,,,,,
793500233a6653bf,2026-09-11T21:00:00+00:00,2026-09-11T21:00:05.812548+00:00,USD/CHF,H1,NEUTRAL,USD,CHF,-0.0002204045648233,-7.432521215492857e-05,0.0002204045648233,-0.0002947297769782286,0.8165,LATE_NY,NOT_TRACKED,NOT_APPLICABLE,NOT_APPLICABLE,,,,,,
c930aa7b97814620,2026-09-11T21:00:00+00:00,2026-09-11T21:00:05.812558+00:00,USD/JPY,H1,SHORT,USD,JPY,-0.0012056766936079,-7.432521215492857e-05,0.0012056766936079,-0.0012800019057628285,153.51261,LATE_NY,RECORDED,PENDING,PENDING,,,,,,
7398bf6cced79978,2026-09-11T21:00:00+00:00,2026-09-11T21:05:05.134262+00:00,AUD/USD,H4,SHORT,AUD,USD,-0.000627125257818,-0.000627125257818,0.00010670201920161283,-0.0007338272770196128,0.71711,LATE_NY,RECORDED,PENDING,PENDING,,,,,,
b162de9f4f21e0d8,2026-09-11T21:00:00+00:00,2026-09-11T21:05:05.134287+00:00,EUR/USD,H4,NEUTRAL,EUR,USD,-4.310567787978988e-05,-4.310567787978988e-05,0.00010670201920161283,-0.0001498076970814027,1.15989,LATE_NY,NOT_TRACKED,NOT_APPLICABLE,NOT_APPLICABLE,,,,,,
02b685a5a0f3352b,2026-09-11T21:00:00+00:00,2026-09-11T21:05:05.134307+00:00,GBP/USD,H4,NEUTRAL,GBP,USD,0.0001996554095523,0.0001996554095523,0.00010670201920161283,9.295339035068717e-05,1.3526,LATE_NY,NOT_TRACKED,NOT_APPLICABLE,NOT_APPLICABLE,,,,,,
98d28c19454e71d9,2026-09-11T21:00:00+00:00,2026-09-11T21:05:05.134319+00:00,NZD/USD,H4,SHORT,NZD,USD,-0.0004814057046575,-0.0004814057046575,0.00010670201920161283,-0.0005881077238591129,0.58135,LATE_NY,RECORDED,PENDING,PENDING,,,,,,
35a53f2dbfb0f335,2026-09-11T21:00:00+00:00,2026-09-11T21:05:05.134330+00:00,USD/CAD,H4,LONG,USD,CAD,0.0005914470979422,0.00010670201920161283,-0.0005914470979422,0.0006981491171438128,1.38725,LATE_NY,RECORDED,PENDING,PENDING,,,,,,
5e8111941813d8a4,2026-09-11T21:00:00+00:00,2026-09-11T21:05:05.134342+00:00,USD/CHF,H4,LONG,USD,CHF,0.0004288690111505,0.00010670201920161283,-0.0004288690111505,0.0005355710303521128,0.81645,LATE_NY,RECORDED,PENDING,PENDING,,,,,,
8173f27a704ea681,2026-09-11T21:00:00+00:00,2026-09-11T21:05:05.134353+00:00,USD/JPY,H4,SHORT,USD,JPY,-0.0012253832054844,0.00010670201920161283,0.0012253832054844,-0.001118681186282787,153.52682,LATE_NY,RECORDED,PENDING,PENDING,,,,,,
bc930cf5561b3db0,2026-09-11T00:00:00+00:00,2026-09-11T21:10:15.234954+00:00,AUD/USD,D1,SHORT,AUD,USD,-0.008561572669465,-0.008561572669465,0.004545231787467386,-0.013106804456932387,0.71565,ASIA,RECORDED,PENDING,PENDING,,,,,,
82e50c68f58286be,2026-09-11T00:00:00+00:00,2026-09-11T21:10:15.234977+00:00,EUR/USD,D1,SHORT,EUR,USD,-0.0019427323757211,-0.0019427323757211,0.004545231787467386,-0.006487964163188486,1.16105,ASIA,RECORDED,PENDING,PENDING,,,,,,
a6a2875c31b15fdc,2026-09-11T00:00:00+00:00,2026-09-11T21:10:15.234991+00:00,GBP/USD,D1,SHORT,GBP,USD,-0.0025910369315037,-0.0025910369315037,0.004545231787467386,-0.007136268718971085,1.35116,ASIA,RECORDED,PENDING,PENDING,,,,,,
69a863e0dbfafbd0,2026-09-11T00:00:00+00:00,2026-09-11T21:10:15.235003+00:00,NZD/USD,D1,SHORT,NZD,USD,-0.0071767466557044,-0.0071767466557044,0.004545231787467386,-0.011721978443171785,0.57964,ASIA,RECORDED,PENDING,PENDING,,,,,,
3b00ff701fec0d13,2026-09-11T00:00:00+00:00,2026-09-11T21:10:15.235014+00:00,USD/CAD,D1,LONG,USD,CAD,0.002049967041166,0.004545231787467386,-0.002049967041166,0.006595198828633386,1.38334,ASIA,RECORDED,PENDING,PENDING,,,,,,
c9d9570c031d5767,2026-09-11T00:00:00+00:00,2026-09-11T21:10:15.235025+00:00,USD/CHF,D1,LONG,USD,CHF,0.0033693720379147,0.004545231787467386,-0.0033693720379147,0.007914603825382085,0.81297,ASIA,RECORDED,PENDING,PENDING,,,,,,
48089cf7f389b1c1,2026-09-11T00:00:00+00:00,2026-09-11T21:10:15.235036+00:00,USD/JPY,D1,LONG,USD,JPY,0.0061251948007968,0.004545231787467386,-0.0061251948007968,0.010670426588264186,154.49485,ASIA,RECORDED,PENDING,PENDING,,,,,,
a8a46c81ba7fba14,2026-09-11T22:00:00+00:00,2026-09-11T22:00:05.612400+00:00,AUD/USD,H1,NEUTRAL,AUD,USD,9.761675661355548e-05,9.761675661355548e-05,-6.98754945857971e-05,0.0001674922511993526,0.71716,LATE_NY,NOT_TRACKED,NOT_APPLICABLE,NOT_APPLICABLE,,,,,,
2df25bf21080e6b2,2026-09-11T22:00:00+00:00,2026-09-11T22:00:05.612425+00:00,EUR/USD,H1,LONG,EUR,USD,0.000431086510441,0.000431086510441,-6.98754945857971e-05,0.0005009620050267971,1.16036,LATE_NY,RECORDED,PENDING,PENDING,,,,,,
31a913f8f3aefe82,2026-09-11T22:00:00+00:00,2026-09-11T22:00:05.612440+00:00,GBP/USD,H1,NEUTRAL,GBP,USD,-1.4786337424316888e-05,-1.4786337424316888e-05,-6.98754945857971e-05,5.5089157161480214e-05,1.35258,LATE_NY,NOT_TRACKED,NOT_APPLICABLE,NOT_APPLICABLE,,,,,,
2a5f5c0d8ccc88ee,2026-09-11T22:00:00+00:00,2026-09-11T22:00:05.612452+00:00,NZD/USD,H1,NEUTRAL,NZD,USD,-3.440327519183267e-05,-3.440327519183267e-05,-6.98754945857971e-05,3.547221939396443e-05,0.58132,LATE_NY,NOT_TRACKED,NOT_APPLICABLE,NOT_APPLICABLE,,,,,,
4ef8fedb92280010,2026-09-11T22:00:00+00:00,2026-09-11T22:00:05.612463+00:00,USD/CAD,H1,SHORT,USD,CAD,-0.0004757716872593,-6.98754945857971e-05,0.0004757716872593,-0.000545647181845097,1.38656,LATE_NY,RECORDED,PENDING,PENDING,,,,,,
6b220951e3b57f4b,2026-09-11T22:00:00+00:00,2026-09-11T22:00:05.612474+00:00,USD/CHF,H1,NEUTRAL,USD,CHF,9.79851797415261e-05,-6.98754945857971e-05,-9.79851797415261e-05,2.8109685155728998e-05,0.81653,LATE_NY,NOT_TRACKED,NOT_APPLICABLE,NOT_APPLICABLE,,,,,,
a557f40c9022fd44,2026-09-11T22:00:00+00:00,2026-09-11T22:00:05.612484+00:00,USD/JPY,H1,NEUTRAL,USD,JPY,0.0003681716998556,-6.98754945857971e-05,-0.0003681716998556,0.00029829620526980287,153.57185,LATE_NY,NOT_TRACKED,NOT_APPLICABLE,NOT_APPLICABLE,,,,,,
3bcb0bdbf121fe31,2026-09-12T00:00:00+00:00,2026-09-12T00:00:05.501290+00:00,AUD/USD,H1,NEUTRAL,AUD,USD,2.7888168444565297e-05,2.7888168444565297e-05,-2.0566154507166792e-05,4.845432295173209e-05,0.71717,ASIA,NOT_TRACKED,NOT_APPLICABLE,NOT_APPLICABLE,,,,,,
ed694715f6672de1,2026-09-12T00:00:00+00:00,2026-09-12T00:00:05.501315+00:00,EUR/USD,H1,NEUTRAL,EUR,USD,0.0001810126364059,0.0001810126364059,-2.0566154507166792e-05,0.00020157879091306678,1.16035,ASIA,NOT_TRACKED,NOT_APPLICABLE,NOT_APPLICABLE,,,,,,
1090532a300a990a,2026-09-12T00:00:00+00:00,2026-09-12T00:00:05.501330+00:00,GBP/USD,H1,NEUTRAL,GBP,USD,-3.696365733218907e-05,-3.696365733218907e-05,-2.0566154507166792e-05,-1.639750282502228e-05,1.35263,ASIA,NOT_TRACKED,NOT_APPLICABLE,NOT_APPLICABLE,,,,,,
8930611423edc57a,2026-09-12T00:00:00+00:00,2026-09-12T00:00:05.501342+00:00,NZD/USD,H1,NEUTRAL,NZD,USD,-1.7201933497437793e-05,-1.7201933497437793e-05,-2.0566154507166792e-05,3.3642210097289983e-06,0.58132,ASIA,NOT_TRACKED,NOT_APPLICABLE,NOT_APPLICABLE,,,,,,
e9a791383d43fedf,2026-09-12T00:00:00+00:00,2026-09-12T00:00:05.501352+00:00,USD/CAD,H1,NEUTRAL,USD,CAD,-6.490275404014125e-05,-2.0566154507166792e-05,6.490275404014125e-05,-8.546890854730804e-05,1.3866,ASIA,NOT_TRACKED,NOT_APPLICABLE,NOT_APPLICABLE,,,,,,
80651692e3e96b71,2026-09-12T00:00:00+00:00,2026-09-12T00:00:05.501363+00:00,USD/CHF,H1,NEUTRAL,USD,CHF,2.4493894896721492e-05,-2.0566154507166792e-05,-2.4493894896721492e-05,3.9277403895547e-06,0.81655,ASIA,NOT_TRACKED,NOT_APPLICABLE,NOT_APPLICABLE,,,,,,
61965ad94fcf1728,2026-09-12T00:00:00+00:00,2026-09-12T00:00:05.501374+00:00,USD/JPY,H1,NEUTRAL,USD,JPY,5.118099161409064e-05,-2.0566154507166792e-05,-5.118099161409064e-05,3.061483710692385e-05,153.5805,ASIA,NOT_TRACKED,NOT_APPLICABLE,NOT_APPLICABLE,,,,,,
020e0aa99e77964b,2026-09-12T01:00:00+00:00,2026-09-12T01:00:06.715699+00:00,AUD/USD,H1,NEUTRAL,AUD,USD,-5.577633688897578e-05,-5.577633688897578e-05,4.168665293812349e-05,-9.746298982709927e-05,0.71711,ASIA,NOT_TRACKED,NOT_APPLICABLE,NOT_APPLICABLE,,,,,,
28cd42a78c677d96,2026-09-12T01:00:00+00:00,2026-09-12T01:00:06.715727+00:00,EUR/USD,H1,NEUTRAL,EUR,USD,-0.0002499762953512,-0.0002499762953512,4.168665293812349e-05,-0.00029166294828932346,1.15982,ASIA,NOT_TRACKED,NOT_APPLICABLE,NOT_APPLICABLE,,,,,,
90b6ca36a08a280c,2026-09-12T01:00:00+00:00,2026-09-12T01:00:06.715743+00:00,GBP/USD,H1,NEUTRAL,GBP,USD,7.3927314664214e-05,7.3927314664214e-05,4.168665293812349e-05,3.2240661726090504e-05,1.35278,ASIA,NOT_TRACKED,NOT_APPLICABLE,NOT_APPLICABLE,,,,,,
a84cae0628c485f9,2026-09-12T01:00:00+00:00,2026-09-12T01:00:06.715756+00:00,NZD/USD,H1,NEUTRAL,NZD,USD,6.880891763579441e-05,6.880891763579441e-05,4.168665293812349e-05,2.7122264697670923e-05,0.58136,ASIA,NOT_TRACKED,NOT_APPLICABLE,NOT_APPLICABLE,,,,,,
2207b5bebb21487f,2026-09-12T01:00:00+00:00,2026-09-12T01:00:06.715768+00:00,USD/CAD,H1,NEUTRAL,USD,CAD,0.0002235474822063,4.168665293812349e-05,-0.0002235474822063,0.00026523413514442347,1.38704,ASIA,NOT_TRACKED,NOT_APPLICABLE,NOT_APPLICABLE,,,,,,
5740ac077214cfc7,2026-09-12T01:00:00+00:00,2026-09-12T01:00:06.715780+00:00,USD/CHF,H1,NEUTRAL,USD,CHF,-3.674039238749543e-05,4.168665293812349e-05,3.674039238749543e-05,4.9462605506280595e-06,0.81651,ASIA,NOT_TRACKED,NOT_APPLICABLE,NOT_APPLICABLE,,,,,,
c524554f40d57eeb,2026-09-12T01:00:00+00:00,2026-09-12T01:00:06.715792+00:00,USD/JPY,H1,NEUTRAL,USD,JPY,-5.801691919210747e-05,4.168665293812349e-05,5.801691919210747e-05,-1.6330266253983977e-05,153.56698,ASIA,NOT_TRACKED,NOT_APPLICABLE,NOT_APPLICABLE,,,,,,
963deb158f59b6be,2026-09-12T01:00:00+00:00,2026-09-12T01:05:05.003844+00:00,AUD/USD,H4,NEUTRAL,AUD,USD,2.78905018896094e-05,2.78905018896094e-05,1.532815606386346e-05,1.2562345825745938e-05,0.71711,ASIA,NOT_TRACKED,NOT_APPLICABLE,NOT_APPLICABLE,,,,,,
ceec66ca937c3ef0,2026-09-12T01:00:00+00:00,2026-09-12T01:05:05.003868+00:00,EUR/USD,H4,NEUTRAL,EUR,USD,0.0,0.0,1.532815606386346e-05,-1.532815606386346e-05,1.15986,ASIA,NOT_TRACKED,NOT_APPLICABLE,NOT_APPLICABLE,,,,,,
8ed9f7588473764b,2026-09-12T01:00:00+00:00,2026-09-12T01:05:05.003882+00:00,GBP/USD,H4,NEUTRAL,GBP,USD,0.0001700428803784,0.0001700428803784,1.532815606386346e-05,0.00015471472431453654,1.35283,ASIA,NOT_TRACKED,NOT_APPLICABLE,NOT_APPLICABLE,,,,,,
b79b562688dd0f7b,2026-09-12T01:00:00+00:00,2026-09-12T01:05:05.003894+00:00,NZD/USD,H4,NEUTRAL,NZD,USD,3.440327519183267e-05,3.440327519183267e-05,1.532815606386346e-05,1.9075119127969207e-05,0.58136,ASIA,NOT_TRACKED,NOT_APPLICABLE,NOT_APPLICABLE,,,,,,
d68e310315b3518d,2026-09-12T01:00:00+00:00,2026-09-12T01:05:05.003905+00:00,USD/CAD,H4,NEUTRAL,USD,CAD,-0.0001009212669942,1.532815606386346e-05,0.0001009212669942,-8.559311093033654e-05,1.38708,ASIA,NOT_TRACKED,NOT_APPLICABLE,NOT_APPLICABLE,,,,,,
6870c70476b11c82,2026-09-12T01:00:00+00:00,2026-09-12T01:05:05.003915+00:00,USD/CHF,H4,NEUTRAL,USD,CHF,8.573703227388633e-05,1.532815606386346e-05,-8.573703227388633e-05,0.0001010651883377498,0.81652,ASIA,NOT_TRACKED,NOT_APPLICABLE,NOT_APPLICABLE,,,,,,
e38690849716aeb7,2026-09-12T01:00:00+00:00,2026-09-12T01:05:05.003926+00:00,USD/JPY,H4,NEUTRAL,USD,JPY,0.0003548179846272,1.532815606386346e-05,-0.0003548179846272,0.0003701461406910634,153.5698,ASIA,NOT_TRACKED,NOT_APPLICABLE,NOT_APPLICABLE,,,,,,
58e6628ac4429c39,2026-09-12T02:00:00+00:00,2026-09-12T02:00:06.007741+00:00,AUD/USD,H1,NEUTRAL,AUD,USD,0.0,0.0,-5.703989587098331e-06,5.703989587098331e-06,0.7171,ASIA,NOT_TRACKED,NOT_APPLICABLE,NOT_APPLICABLE,,,,,,
ee68eb65f5076e7b,2026-09-12T02:00:00+00:00,2026-09-12T02:00:06.007769+00:00,EUR/USD,H1,NEUTRAL,EUR,USD,1.7243906434676657e-05,1.7243906434676657e-05,-5.703989587098331e-06,2.2947896021774988e-05,1.15985,ASIA,NOT_TRACKED,NOT_APPLICABLE,NOT_APPLICABLE,,,,,,
fbda8440bcb22eda,2026-09-12T02:00:00+00:00,2026-09-12T02:00:06.007786+00:00,GBP/USD,H1,NEUTRAL,GBP,USD,-7.392075694903542e-06,-7.392075694903542e-06,-5.703989587098331e-06,-1.6880861078052112e-06,1.35279,ASIA,NOT_TRACKED,NOT_APPLICABLE,NOT_APPLICABLE,,,,,,
f30290f14e6a371b,2026-09-12T02:00:00+00:00,2026-09-12T02:00:06.007800+00:00,NZD/USD,H1,NEUTRAL,NZD,USD,1.7201341704574677e-05,1.7201341704574677e-05,-5.703989587098331e-06,2.2905331291673007e-05,0.58136,ASIA,NOT_TRACKED,NOT_APPLICABLE,NOT_APPLICABLE,,,,,,
f5898695eb2c68da,2026-09-12T02:00:00+00:00,2026-09-12T02:00:06.007813+00:00,USD/CAD,H1,NEUTRAL,USD,CAD,-7.209493461036662e-06,-5.703989587098331e-06,7.209493461036662e-06,-1.2913483048134993e-05,1.38705,ASIA,NOT_TRACKED,NOT_APPLICABLE,NOT_APPLICABLE,,,,,,
84bbf9e321d757b5,2026-09-12T02:00:00+00:00,2026-09-12T02:00:06.007825+00:00,USD/CHF,H1,NEUTRAL,USD,CHF,0.0,-5.703989587098331e-06,0.0,-5.703989587098331e-06,0.81651,ASIA,NOT_TRACKED,NOT_APPLICABLE,NOT_APPLICABLE,,,,,,
35ae692248fb49fb,2026-09-12T02:00:00+00:00,2026-09-12T02:00:06.007836+00:00,USD/JPY,H1,NEUTRAL,USD,JPY,-5.665261204303859e-06,-5.703989587098331e-06,5.665261204303859e-06,-1.136925079140219e-05,153.56663,ASIA,NOT_TRACKED,NOT_APPLICABLE,NOT_APPLICABLE,,,,,,
4429121b97d2c724,2026-09-12T03:00:00+00:00,2026-09-12T03:00:04.483542+00:00,AUD/USD,H1,NEUTRAL,AUD,USD,-1.3945250944727286e-05,-1.3945250944727286e-05,-8.305351716626803e-06,-5.639899228100483e-06,0.71708,ASIA,NOT_TRACKED,NOT_APPLICABLE,NOT_APPLICABLE,,,,,,
fccb9443591079a6,2026-09-12T03:00:00+00:00,2026-09-12T03:00:04.483566+00:00,EUR/USD,H1,NEUTRAL,EUR,USD,4.31097660865002e-05,4.31097660865002e-05,-8.305351716626803e-06,5.1415117803127e-05,1.15988,ASIA,NOT_TRACKED,NOT_APPLICABLE,NOT_APPLICABLE,,,,,,
7db6ccd98553df67,2026-09-12T03:00:00+00:00,2026-09-12T03:00:04.483580+00:00,GBP/USD,H1,NEUTRAL,GBP,USD,0.0,0.0,-8.305351716626803e-06,8.305351716626803e-06,1.35279,ASIA,NOT_TRACKED,NOT_APPLICABLE,NOT_APPLICABLE,,,,,,
395b9da7392b6859,2026-09-12T03:00:00+00:00,2026-09-12T03:00:04.483590+00:00,NZD/USD,H1,NEUTRAL,NZD,USD,3.440268340934033e-05,3.440268340934033e-05,-8.305351716626803e-06,4.270803512596713e-05,0.58137,ASIA,NOT_TRACKED,NOT_APPLICABLE,NOT_APPLICABLE,,,,,,
4b0ee2e95092a148,2026-09-12T03:00:00+00:00,2026-09-12T03:00:04.483601+00:00,USD/CAD,H1,NEUTRAL,USD,CAD,-2.8837973843986566e-05,-8.305351716626803e-06,2.8837973843986566e-05,-3.714332556061337e-05,1.38702,ASIA,NOT_TRACKED,NOT_APPLICABLE,NOT_APPLICABLE,,,,,,
f100766fc7a54837,2026-09-12T03:00:00+00:00,2026-09-12T03:00:04.483612+00:00,USD/CHF,H1,NEUTRAL,USD,CHF,3.6742192284108376e-05,-8.305351716626803e-06,-3.6742192284108376e-05,2.8436840567481573e-05,0.81653,ASIA,NOT_TRACKED,NOT_APPLICABLE,NOT_APPLICABLE,,,,,,
b75f840773fab218,2026-09-12T03:00:00+00:00,2026-09-12T03:00:04.483622+00:00,USD/JPY,H1,NEUTRAL,USD,JPY,-2.4744819053961964e-06,-8.305351716626803e-06,2.4744819053961964e-06,-1.0779833622023e-05,153.56712,ASIA,NOT_TRACKED,NOT_APPLICABLE,NOT_APPLICABLE,,,,,,
1a228a70ff9409be,2026-09-12T05:00:00+00:00,2026-09-12T08:48:19.743125+00:00,AUD/USD,H4,NEUTRAL,AUD,USD,-1.394505647741527e-05,-1.394505647741527e-05,4.306638128064854e-06,-1.8251694605480124e-05,0.71709,ASIA,NOT_TRACKED,NOT_APPLICABLE,NOT_APPLICABLE,,,,,,
e7bbc14d6b3836cd,2026-09-12T05:00:00+00:00,2026-09-12T08:48:19.743149+00:00,EUR/USD,H4,NEUTRAL,EUR,USD,1.7243906434676657e-05,1.7243906434676657e-05,4.306638128064854e-06,1.2937268306611803e-05,1.15985,ASIA,NOT_TRACKED,NOT_APPLICABLE,NOT_APPLICABLE,,,,,,
4279774c1f5d077b,2026-09-12T05:00:00+00:00,2026-09-12T08:48:19.743163+00:00,GBP/USD,H4,NEUTRAL,GBP,USD,7.392075694903542e-06,7.392075694903542e-06,4.306638128064854e-06,3.0854375668386882e-06,1.35281,ASIA,NOT_TRACKED,NOT_APPLICABLE,NOT_APPLICABLE,,,,,,
741dfd0273f949de,2026-09-12T05:00:00+00:00,2026-09-12T08:48:19.743174+00:00,NZD/USD,H4,NEUTRAL,NZD,USD,1.7201341704574677e-05,1.7201341704574677e-05,4.306638128064854e-06,1.2894703576509823e-05,0.58136,ASIA,NOT_TRACKED,NOT_APPLICABLE,NOT_APPLICABLE,,,,,,
4472ed0c20f5111c,2026-09-12T05:00:00+00:00,2026-09-12T08:48:19.743185+00:00,USD/CAD,H4,NEUTRAL,USD,CAD,4.325696076589981e-05,4.306638128064854e-06,-4.325696076589981e-05,4.756359889396466e-05,1.38712,ASIA,NOT_TRACKED,NOT_APPLICABLE,NOT_APPLICABLE,,,,,,
26e367f1dd1d4857,2026-09-12T05:00:00+00:00,2026-09-12T08:48:19.743195+00:00,USD/CHF,H4,NEUTRAL,USD,CHF,0.0,4.306638128064854e-06,0.0,4.306638128064854e-06,0.81651,ASIA,NOT_TRACKED,NOT_APPLICABLE,NOT_APPLICABLE,,,,,,
2d9be7d10d5c95b5,2026-09-12T05:00:00+00:00,2026-09-12T08:48:19.743206+00:00,USD/JPY,H4,NEUTRAL,USD,JPY,1.4781773487293773e-05,4.306638128064854e-06,-1.4781773487293773e-05,1.9088411615358627e-05,153.56977,ASIA,NOT_TRACKED,NOT_APPLICABLE,NOT_APPLICABLE,,,,,,
d1ec3db65106b227,2026-09-12T09:00:00+00:00,2026-09-12T09:05:33.256530+00:00,AUD/USD,H4,NEUTRAL,AUD,USD,-1.3945250944727286e-05,-1.3945250944727286e-05,-1.3133798177488986e-06,-1.2631871126978388e-05,0.71708,LONDON,NOT_TRACKED,NOT_APPLICABLE,NOT_APPLICABLE,,,,,,
6e85da9a65bd8b77,2026-09-12T09:00:00+00:00,2026-09-12T09:05:33.256567+00:00,EUR/USD,H4,NEUTRAL,EUR,USD,-8.621953217146882e-06,-8.621953217146882e-06,-1.3133798177488986e-06,-7.308573399397984e-06,1.15982,LONDON,NOT_TRACKED,NOT_APPLICABLE,NOT_APPLICABLE,,,,,,
15a9e8713af82d54,2026-09-12T09:00:00+00:00,2026-09-12T09:05:33.256581+00:00,GBP/USD,H4,NEUTRAL,GBP,USD,4.435278202837915e-05,4.435278202837915e-05,-1.3133798177488986e-06,4.566616184612805e-05,1.35285,LONDON,NOT_TRACKED,NOT_APPLICABLE,NOT_APPLICABLE,,,,,,
e6cd21cff8746b4d,2026-09-12T09:00:00+00:00,2026-09-12T09:05:33.256593+00:00,NZD/USD,H4,NEUTRAL,NZD,USD,-1.7201341704765652e-05,-1.7201341704765652e-05,-1.3133798177488986e-06,-1.5887961887016752e-05,0.58134,LONDON,NOT_TRACKED,NOT_APPLICABLE,NOT_APPLICABLE,,,,,,
ff64805f2f362410,2026-09-12T09:00:00+00:00,2026-09-12T09:05:33.256604+00:00,USD/CAD,H4,NEUTRAL,USD,CAD,-7.209181613590365e-06,-1.3133798177488986e-06,7.209181613590365e-06,-8.522561431339264e-06,1.38711,LONDON,NOT_TRACKED,NOT_APPLICABLE,NOT_APPLICABLE,,,,,,
edb1a929c590f0df,2026-09-12T09:00:00+00:00,2026-09-12T09:05:33.256616+00:00,USD/CHF,H4,NEUTRAL,USD,CHF,-1.2247247431084114e-05,-1.3133798177488986e-06,1.2247247431084114e-05,-1.3560627248833012e-05,0.8165,LONDON,NOT_TRACKED,NOT_APPLICABLE,NOT_APPLICABLE,,,,,,
2346291aedf98aae,2026-09-12T09:00:00+00:00,2026-09-12T09:05:33.256627+00:00,USD/JPY,H4,NEUTRAL,USD,JPY,1.4847006482171516e-05,-1.3133798177488986e-06,-1.4847006482171516e-05,1.3533626664422618e-05,153.56859,LONDON,NOT_TRACKED,NOT_APPLICABLE,NOT_APPLICABLE,,,,,,
5b699e0451d38a6f,2026-09-12T10:00:00+00:00,2026-09-12T10:00:09.467838+00:00,AUD/USD,H1,NEUTRAL,AUD,USD,1.3945250944727286e-05,1.3945250944727286e-05,-4.65869425180596e-06,1.8603945196533246e-05,0.7171,LONDON,NOT_TRACKED,NOT_APPLICABLE,NOT_APPLICABLE,,,,,,
a934bbac2fa85370,2026-09-12T10:00:00+00:00,2026-09-12T10:00:09.467861+00:00,EUR/USD,H1,NEUTRAL,EUR,USD,8.621953217338328e-06,8.621953217338328e-06,-4.65869425180596e-06,1.3280647469144288e-05,1.15984,LONDON,NOT_TRACKED,NOT_APPLICABLE,NOT_APPLICABLE,,,,,,
d665ce2bc5d0455a,2026-09-12T10:00:00+00:00,2026-09-12T10:00:09.468070+00:00,GBP/USD,H1,NEUTRAL,GBP,USD,3.696010526229365e-05,3.696010526229365e-05,-4.65869425180596e-06,4.161879951409961e-05,1.35286,LONDON,NOT_TRACKED,NOT_APPLICABLE,NOT_APPLICABLE,,,,,,
737e23312119beed,2026-09-12T10:00:00+00:00,2026-09-12T10:00:09.468086+00:00,NZD/USD,H1,NEUTRAL,NZD,USD,1.7201341704574677e-05,1.7201341704574677e-05,-4.65869425180596e-06,2.1860035956380638e-05,0.58136,LONDON,NOT_TRACKED,NOT_APPLICABLE,NOT_APPLICABLE,,,,,,
8ffe9c2235fde1f2,2026-09-12T10:00:00+00:00,2026-09-12T10:00:09.468098+00:00,USD/CAD,H1,NEUTRAL,USD,CAD,1.4418779017727152e-05,-4.65869425180596e-06,-1.4418779017727152e-05,9.760084765921192e-06,1.3871,LONDON,NOT_TRACKED,NOT_APPLICABLE,NOT_APPLICABLE,,,,,,
a1ea4cd11a8fc545,2026-09-12T10:00:00+00:00,2026-09-12T10:00:09.468110+00:00,USD/CHF,H1,NEUTRAL,USD,CHF,1.2247247431220086e-05,-4.65869425180596e-06,-1.2247247431220086e-05,7.5885531794141264e-06,0.81652,LONDON,NOT_TRACKED,NOT_APPLICABLE,NOT_APPLICABLE,,,,,,
d809917d28c9c49a,2026-09-12T10:00:00+00:00,2026-09-12T10:00:09.468121+00:00,USD/JPY,H1,NEUTRAL,USD,JPY,1.7451764917344986e-05,-4.65869425180596e-06,-1.7451764917344986e-05,1.2793070665539026e-05,153.56881,LONDON,NOT_TRACKED,NOT_APPLICABLE,NOT_APPLICABLE,,,,,,
91800a3bcd2980e1,2026-09-12T11:00:00+00:00,2026-09-12T11:00:08.837621+00:00,AUD/USD,H1,NEUTRAL,AUD,USD,1.3945250944727286e-05,1.3945250944727286e-05,-8.72394474810273e-06,2.2669195692830016e-05,0.7171,LONDON,NOT_TRACKED,NOT_APPLICABLE,NOT_APPLICABLE,,,,,,
94518748c114af02,2026-09-12T11:00:00+00:00,2026-09-12T11:00:08.837645+00:00,EUR/USD,H1,NEUTRAL,EUR,USD,5.173261137595725e-05,5.173261137595725e-05,-8.72394474810273e-06,6.045655612405998e-05,1.15987,LONDON,NOT_TRACKED,NOT_APPLICABLE,NOT_APPLICABLE,,,,,,
1e410224bb13e44e,2026-09-12T11:00:00+00:00,2026-09-12T11:00:08.837660+00:00,GBP/USD,H1,NEUTRAL,GBP,USD,2.2175899232859165e-05,2.2175899232859165e-05,-8.72394474810273e-06,3.0899843980961897e-05,1.35285,LONDON,NOT_TRACKED,NOT_APPLICABLE,NOT_APPLICABLE,,,,,,
5ce2ca46e4112107,2026-09-12T11:00:00+00:00,2026-09-12T11:00:08.837672+00:00,NZD/USD,H1,NEUTRAL,NZD,USD,1.7201341704574677e-05,1.7201341704574677e-05,-8.72394474810273e-06,2.5925286452677408e-05,0.58136,LONDON,NOT_TRACKED,NOT_APPLICABLE,NOT_APPLICABLE,,,,,,
e70a1e0f20ec5322,2026-09-12T11:00:00+00:00,2026-09-12T11:00:08.837683+00:00,USD/CAD,H1,NEUTRAL,USD,CAD,1.4418779017727152e-05,-8.72394474810273e-06,-1.4418779017727152e-05,5.694834269624422e-06,1.3871,LONDON,NOT_TRACKED,NOT_APPLICABLE,NOT_APPLICABLE,,,,,,
167189e82bc96a38,2026-09-12T11:00:00+00:00,2026-09-12T11:00:08.837694+00:00,USD/CHF,H1,NEUTRAL,USD,CHF,1.2247247431220086e-05,-8.72394474810273e-06,-1.2247247431220086e-05,3.5233026831173567e-06,0.81652,LONDON,NOT_TRACKED,NOT_APPLICABLE,NOT_APPLICABLE,,,,,,
fb7ce4d6b98b1969,2026-09-12T11:00:00+00:00,2026-09-12T11:00:08.837705+00:00,USD/JPY,H1,NEUTRAL,USD,JPY,1.732146357245203e-05,-8.72394474810273e-06,-1.732146357245203e-05,8.597518824349301e-06,153.56936,LONDON,NOT_TRACKED,NOT_APPLICABLE,NOT_APPLICABLE,,,,,,
06206b385a00c40e,2026-09-12T12:00:00+00:00,2026-09-12T12:00:11.159316+00:00,AUD/USD,H1,NEUTRAL,AUD,USD,1.3945250944727286e-05,1.3945250944727286e-05,-9.285984667449756e-05,0.00010680509761922484,0.7171,LONDON_NY_OVERLAP,NOT_TRACKED,NOT_APPLICABLE,NOT_APPLICABLE,,,,,,
11ba52bfa9196b36,2026-09-12T12:00:00+00:00,2026-09-12T12:00:11.159341+00:00,EUR/USD,H1,NEUTRAL,EUR,USD,0.0002759025029531,0.0002759025029531,-9.285984667449756e-05,0.0003687623496275975,1.16015,LONDON_NY_OVERLAP,NOT_TRACKED,NOT_APPLICABLE,NOT_APPLICABLE,,,,,,
c54d8dc992834c2a,2026-09-12T12:00:00+00:00,2026-09-12T12:00:11.159356+00:00,GBP/USD,H1,NEUTRAL,GBP,USD,1.4783932821906111e-05,1.4783932821906111e-05,-9.285984667449756e-05,0.00010764377949640368,1.35284,LONDON_NY_OVERLAP,NOT_TRACKED,NOT_APPLICABLE,NOT_APPLICABLE,,,,,,
1503549a71225704,2026-09-12T12:00:00+00:00,2026-09-12T12:00:11.159368+00:00,NZD/USD,H1,NEUTRAL,NZD,USD,1.7201341704574677e-05,1.7201341704574677e-05,-9.285984667449756e-05,0.00011006118837907224,0.58136,LONDON_NY_OVERLAP,NOT_TRACKED,NOT_APPLICABLE,NOT_APPLICABLE,,,,,,
6f62cd99a6cf61aa,2026-09-12T12:00:00+00:00,2026-09-12T12:00:11.159379+00:00,USD/CAD,H1,SHORT,USD,CAD,-0.0003316319174093,-9.285984667449756e-05,0.0003316319174093,-0.0004244917640837976,1.38662,LONDON_NY_OVERLAP,RECORDED,PENDING,PENDING,,,,,,
3f722f8b9639df2b,2026-09-12T12:00:00+00:00,2026-09-12T12:00:11.159390+00:00,USD/CHF,H1,NEUTRAL,USD,CHF,-1.2247397427990802e-05,-9.285984667449756e-05,1.2247397427990802e-05,-0.00010510724410248837,0.81649,LONDON_NY_OVERLAP,NOT_TRACKED,NOT_APPLICABLE,NOT_APPLICABLE,,,,,,
8b45c81a4f46501b,2026-09-12T12:00:00+00:00,2026-09-12T12:00:11.159401+00:00,USD/JPY,H1,NEUTRAL,USD,JPY,1.569341654011596e-05,-9.285984667449756e-05,-1.569341654011596e-05,-7.71664301343816e-05,153.56999,LONDON_NY_OVERLAP,NOT_TRACKED,NOT_APPLICABLE,NOT_APPLICABLE,,,,,,
f6bcf8960b7f38f4,2026-09-12T13:00:00+00:00,2026-09-12T13:00:09.368821+00:00,AUD/USD,H1,NEUTRAL,AUD,USD,2.78905018896094e-05,2.78905018896094e-05,-1.6923168807492755e-05,4.481367069710215e-05,0.71711,LONDON_NY_OVERLAP,NOT_TRACKED,NOT_APPLICABLE,NOT_APPLICABLE,,,,,,
255bd2195e72adc3,2026-09-12T13:00:00+00:00,2026-09-12T13:00:09.368844+00:00,EUR/USD,H1,NEUTRAL,EUR,USD,0.0001896339203364,0.0001896339203364,-1.6923168807492755e-05,0.00020655708914389277,1.16035,LONDON_NY_OVERLAP,NOT_TRACKED,NOT_APPLICABLE,NOT_APPLICABLE,,,,,,
19b2d5d605c46285,2026-09-12T13:00:00+00:00,2026-09-12T13:00:09.368859+00:00,GBP/USD,H1,NEUTRAL,GBP,USD,0.0,0.0,-1.6923168807492755e-05,1.6923168807492755e-05,1.35281,LONDON_NY_OVERLAP,NOT_TRACKED,NOT_APPLICABLE,NOT_APPLICABLE,,,,,,
00e7811f908e567c,2026-09-12T13:00:00+00:00,2026-09-12T13:00:09.368871+00:00,NZD/USD,H1,NEUTRAL,NZD,USD,1.7201341704574677e-05,1.7201341704574677e-05,-1.6923168807492755e-05,3.4124510512067435e-05,0.58136,LONDON_NY_OVERLAP,NOT_TRACKED,NOT_APPLICABLE,NOT_APPLICABLE,,,,,,
4dabb9a2fbc6125f,2026-09-12T13:00:00+00:00,2026-09-12T13:00:09.368882+00:00,USD/CAD,H1,NEUTRAL,USD,CAD,0.000100966392615,-1.6923168807492755e-05,-0.000100966392615,8.404322380750724e-05,1.38674,LONDON_NY_OVERLAP,NOT_TRACKED,NOT_APPLICABLE,NOT_APPLICABLE,,,,,,
21cebebce83bc517,2026-09-12T13:00:00+00:00,2026-09-12T13:00:09.368893+00:00,USD/CHF,H1,NEUTRAL,USD,CHF,-1.2247697432826878e-05,-1.6923168807492755e-05,1.2247697432826878e-05,-2.9170866240319635e-05,0.81647,LONDON_NY_OVERLAP,NOT_TRACKED,NOT_APPLICABLE,NOT_APPLICABLE,,,,,,
381ace95e2ec7829,2026-09-12T13:00:00+00:00,2026-09-12T13:00:09.368903+00:00,USD/JPY,H1,NEUTRAL,USD,JPY,2.7544887095961693e-05,-1.6923168807492755e-05,-2.7544887095961693e-05,1.0621718288468938e-05,153.57175,LONDON_NY_OVERLAP,NOT_TRACKED,NOT_APPLICABLE,NOT_APPLICABLE,,,,,,
13dd7a969739b7c5,2026-09-12T13:00:00+00:00,2026-09-12T13:05:04.351546+00:00,AUD/USD,H4,NEUTRAL,AUD,USD,2.78905018896094e-05,2.78905018896094e-05,-7.0489154473563e-05,9.83796563631724e-05,0.71711,LONDON_NY_OVERLAP,NOT_TRACKED,NOT_APPLICABLE,NOT_APPLICABLE,,,,,,
48aec865df6c0c99,2026-09-12T13:00:00+00:00,2026-09-12T13:05:04.351567+00:00,EUR/USD,H4,NEUTRAL,EUR,USD,0.0001207073450419,0.0001207073450419,-7.0489154473563e-05,0.00019119649951546299,1.15997,LONDON_NY_OVERLAP,NOT_TRACKED,NOT_APPLICABLE,NOT_APPLICABLE,,,,,,
8388aeaa7e9540e8,2026-09-12T13:00:00+00:00,2026-09-12T13:05:04.351582+00:00,GBP/USD,H4,NEUTRAL,GBP,USD,-2.2176063157409016e-05,-2.2176063157409016e-05,-7.0489154473563e-05,4.831309131615399e-05,1.35278,LONDON_NY_OVERLAP,NOT_TRACKED,NOT_APPLICABLE,NOT_APPLICABLE,,,,,,
40520583a2a79389,2026-09-12T13:00:00+00:00,2026-09-12T13:05:04.351594+00:00,NZD/USD,H4,NEUTRAL,NZD,USD,0.0,0.0,-7.0489154473563e-05,7.0489154473563e-05,0.58135,LONDON_NY_OVERLAP,NOT_TRACKED,NOT_APPLICABLE,NOT_APPLICABLE,,,,,,
17ef1443a7b0ea1f,2026-09-12T13:00:00+00:00,2026-09-12T13:05:04.351605+00:00,USD/CAD,H4,NEUTRAL,USD,CAD,-0.0003388413069182,-7.0489154473563e-05,0.0003388413069182,-0.00040933046139176297,1.38661,LONDON_NY_OVERLAP,NOT_TRACKED,NOT_APPLICABLE,NOT_APPLICABLE,,,,,,
351b8eb4e855e0b4,2026-09-12T13:00:00+00:00,2026-09-12T13:05:04.351617+00:00,USD/CHF,H4,NEUTRAL,USD,CHF,-7.348348458677663e-05,-7.0489154473563e-05,7.348348458677663e-05,-0.00014397263906033964,0.81645,LONDON_NY_OVERLAP,NOT_TRACKED,NOT_APPLICABLE,NOT_APPLICABLE,,,,,,
d1439e1aa0c045ae,2026-09-12T13:00:00+00:00,2026-09-12T13:05:04.351628+00:00,USD/JPY,H4,NEUTRAL,USD,JPY,4.532249396413602e-05,-7.0489154473563e-05,-4.532249396413602e-05,-2.5166660509426988e-05,153.57309,LONDON_NY_OVERLAP,NOT_TRACKED,NOT_APPLICABLE,NOT_APPLICABLE,,,,,,
00d512d79c51d1e8,2026-09-12T16:00:00+00:00,2026-09-12T16:00:08.790855+00:00,AUD/USD,H1,NEUTRAL,AUD,USD,-2.78905018896094e-05,-2.78905018896094e-05,-2.551610273206379e-05,-2.3743991575456102e-06,0.71707,NEW_YORK,NOT_TRACKED,NOT_APPLICABLE,NOT_APPLICABLE,,,,,,
a4347b1b95301258,2026-09-12T16:00:00+00:00,2026-09-12T16:00:08.790880+00:00,EUR/USD,H1,NEUTRAL,EUR,USD,0.0001034678990842,0.0001034678990842,-2.551610273206379e-05,0.00012898400181626378,1.1599,NEW_YORK,NOT_TRACKED,NOT_APPLICABLE,NOT_APPLICABLE,,,,,,
6decfcea8b8f093a,2026-09-12T16:00:00+00:00,2026-09-12T16:00:08.790896+00:00,GBP/USD,H1,NEUTRAL,GBP,USD,-1.4783932821741977e-05,-1.4783932821741977e-05,-2.551610273206379e-05,1.0732169910321813e-05,1.3528,NEW_YORK,NOT_TRACKED,NOT_APPLICABLE,NOT_APPLICABLE,,,,,,
072cf99f859a34c5,2026-09-12T16:00:00+00:00,2026-09-12T16:00:08.790910+00:00,NZD/USD,H1,NEUTRAL,NZD,USD,0.0,0.0,-2.551610273206379e-05,2.551610273206379e-05,0.58135,NEW_YORK,NOT_TRACKED,NOT_APPLICABLE,NOT_APPLICABLE,,,,,,
7b35a008f3fc4f76,2026-09-12T16:00:00+00:00,2026-09-12T16:00:08.790923+00:00,USD/CAD,H1,NEUTRAL,USD,CAD,-0.0001225622724487,-2.551610273206379e-05,0.0001225622724487,-0.0001480783751807638,1.38688,NEW_YORK,NOT_TRACKED,NOT_APPLICABLE,NOT_APPLICABLE,,,,,,
62e81d7cbeb53273,2026-09-12T16:00:00+00:00,2026-09-12T16:00:08.790935+00:00,USD/CHF,H1,NEUTRAL,USD,CHF,-2.4494794856117577e-05,-2.551610273206379e-05,2.4494794856117577e-05,-5.001089758818137e-05,0.81648,NEW_YORK,NOT_TRACKED,NOT_APPLICABLE,NOT_APPLICABLE,,,,,,
0d3fc7abf5138967,2026-09-12T16:00:00+00:00,2026-09-12T16:00:08.790946+00:00,USD/JPY,H1,NEUTRAL,USD,JPY,2.9237812553219667e-05,-2.551610273206379e-05,-2.9237812553219667e-05,3.721709821155877e-06,153.57275,NEW_YORK,NOT_TRACKED,NOT_APPLICABLE,NOT_APPLICABLE,,,,,,
57fa8169584b62a5,2026-09-12T17:00:00+00:00,2026-09-12T17:00:08.076188+00:00,AUD/USD,H1,NEUTRAL,AUD,USD,2.789127979140112e-05,2.789127979140112e-05,-4.91427228655128e-05,7.703400265691392e-05,0.71709,NEW_YORK,NOT_TRACKED,NOT_APPLICABLE,NOT_APPLICABLE,,,,,,
790b197d687569ce,2026-09-12T17:00:00+00:00,2026-09-12T17:00:08.076216+00:00,EUR/USD,H1,NEUTRAL,EUR,USD,0.0001465681498788,0.0001465681498788,-4.91427228655128e-05,0.00019571087274431278,1.16004,NEW_YORK,NOT_TRACKED,NOT_APPLICABLE,NOT_APPLICABLE,,,,,,
58d4d3ea00ea81e2,2026-09-12T17:00:00+00:00,2026-09-12T17:00:08.076233+00:00,GBP/USD,H1,NEUTRAL,GBP,USD,5.913747985619092e-05,5.913747985619092e-05,-4.91427228655128e-05,0.00010828020272170372,1.35286,NEW_YORK,NOT_TRACKED,NOT_APPLICABLE,NOT_APPLICABLE,,,,,,
386e1a98adc133ec,2026-09-12T17:00:00+00:00,2026-09-12T17:00:08.076247+00:00,NZD/USD,H1,NEUTRAL,NZD,USD,0.0,0.0,-4.91427228655128e-05,4.91427228655128e-05,0.58135,NEW_YORK,NOT_TRACKED,NOT_APPLICABLE,NOT_APPLICABLE,,,,,,
71787d0ce3b2ec4d,2026-09-12T17:00:00+00:00,2026-09-12T17:00:08.076259+00:00,USD/CAD,H1,NEUTRAL,USD,CAD,-0.0001225790634959,-4.91427228655128e-05,0.0001225790634959,-0.00017172178636141279,1.38669,NEW_YORK,NOT_TRACKED,NOT_APPLICABLE,NOT_APPLICABLE,,,,,,
3e68262577780dae,2026-09-12T17:00:00+00:00,2026-09-12T17:00:08.076272+00:00,USD/CHF,H1,NEUTRAL,USD,CHF,0.0,-4.91427228655128e-05,0.0,-4.91427228655128e-05,0.81648,NEW_YORK,NOT_TRACKED,NOT_APPLICABLE,NOT_APPLICABLE,,,,,,
2ac9a9019fa1d34c,2026-09-12T17:00:00+00:00,2026-09-12T17:00:08.076283+00:00,USD/JPY,H1,NEUTRAL,USD,JPY,1.217691296370243e-05,-4.91427228655128e-05,-1.217691296370243e-05,-3.696580990181037e-05,153.57117,NEW_YORK,NOT_TRACKED,NOT_APPLICABLE,NOT_APPLICABLE,,,,,,
e1d26d99a011cac9,2026-09-12T17:00:00+00:00,2026-09-12T17:05:04.636341+00:00,AUD/USD,H4,NEUTRAL,AUD,USD,-1.394486201568171e-05,-1.394486201568171e-05,-1.562598458712338e-05,1.681122571441669e-06,0.7171,NEW_YORK,NOT_TRACKED,NOT_APPLICABLE,NOT_APPLICABLE,,,,,,
6f3237609e988ea6,2026-09-12T17:00:00+00:00,2026-09-12T17:05:04.636365+00:00,EUR/USD,H4,NEUTRAL,EUR,USD,7.758888237518834e-05,7.758888237518834e-05,-1.562598458712338e-05,9.321486696231172e-05,1.16005,NEW_YORK,NOT_TRACKED,NOT_APPLICABLE,NOT_APPLICABLE,,,,,,
c6fa1a3be3151c1f,2026-09-12T17:00:00+00:00,2026-09-12T17:05:04.636379+00:00,GBP/USD,H4,NEUTRAL,GBP,USD,4.435278202837915e-05,4.435278202837915e-05,-1.562598458712338e-05,5.997876661550253e-05,1.35285,NEW_YORK,NOT_TRACKED,NOT_APPLICABLE,NOT_APPLICABLE,,,,,,
2dac7ddd69236da9,2026-09-12T17:00:00+00:00,2026-09-12T17:05:04.636391+00:00,NZD/USD,H4,NEUTRAL,NZD,USD,1.7201341704574677e-05,1.7201341704574677e-05,-1.562598458712338e-05,3.2827326291698056e-05,0.58136,NEW_YORK,NOT_TRACKED,NOT_APPLICABLE,NOT_APPLICABLE,,,,,,
a404b5c4a3e2ad2f,2026-09-12T17:00:00+00:00,2026-09-12T17:05:04.636402+00:00,USD/CAD,H4,NEUTRAL,USD,CAD,-1.4422626216102158e-05,-1.562598458712338e-05,1.4422626216102158e-05,-3.0048610803225538e-05,1.38669,NEW_YORK,NOT_TRACKED,NOT_APPLICABLE,NOT_APPLICABLE,,,,,,
860ceec92c846943,2026-09-12T17:00:00+00:00,2026-09-12T17:05:04.636413+00:00,USD/CHF,H4,NEUTRAL,USD,CHF,4.899258987083104e-05,-1.562598458712338e-05,-4.899258987083104e-05,3.336660528370766e-05,0.81649,NEW_YORK,NOT_TRACKED,NOT_APPLICABLE,NOT_APPLICABLE,,,,,,
5f0d2ca3c48e27e5,2026-09-12T17:00:00+00:00,2026-09-12T17:05:04.636424+00:00,USD/JPY,H4,NEUTRAL,USD,JPY,-1.875371167213209e-05,-1.562598458712338e-05,1.875371167213209e-05,-3.437969625925547e-05,153.56672,NEW_YORK,NOT_TRACKED,NOT_APPLICABLE,NOT_APPLICABLE,,,,,,
c093e59775cd2c0b,2026-09-12T19:00:00+00:00,2026-09-12T19:00:11.219880+00:00,AUD/USD,H1,NEUTRAL,AUD,USD,1.3945639895777976e-05,1.3945639895777976e-05,-1.7869320122425185e-05,3.181496001820316e-05,0.71708,NEW_YORK,NOT_TRACKED,NOT_APPLICABLE,NOT_APPLICABLE,,,,,,
50049874d617e9ed,2026-09-12T19:00:00+00:00,2026-09-12T19:00:11.219908+00:00,EUR/USD,H1,NEUTRAL,EUR,USD,3.448929969480419e-05,3.448929969480419e-05,-1.7869320122425185e-05,5.235861981722938e-05,1.15982,NEW_YORK,NOT_TRACKED,NOT_APPLICABLE,NOT_APPLICABLE,,,,,,
a9428d76a1512d20,2026-09-12T19:00:00+00:00,2026-09-12T19:00:11.219925+00:00,GBP/USD,H1,NEUTRAL,GBP,USD,7.3921849819212785e-06,7.3921849819212785e-06,-1.7869320122425185e-05,2.5261505104346465e-05,1.35279,NEW_YORK,NOT_TRACKED,NOT_APPLICABLE,NOT_APPLICABLE,,,,,,
919a77926ff5b1ca,2026-09-12T19:00:00+00:00,2026-09-12T19:00:11.219938+00:00,NZD/USD,H1,NEUTRAL,NZD,USD,0.0,0.0,-1.7869320122425185e-05,1.7869320122425185e-05,0.58135,NEW_YORK,NOT_TRACKED,NOT_APPLICABLE,NOT_APPLICABLE,,,,,,
ff68b8e08276d7d4,2026-09-12T19:00:00+00:00,2026-09-12T19:00:11.219951+00:00,USD/CAD,H1,NEUTRAL,USD,CAD,-6.488497336105854e-05,-1.7869320122425185e-05,6.488497336105854e-05,-8.275429348348373e-05,1.38698,NEW_YORK,NOT_TRACKED,NOT_APPLICABLE,NOT_APPLICABLE,,,,,,
7112d2b282b8503d,2026-09-12T19:00:00+00:00,2026-09-12T19:00:11.219963+00:00,USD/CHF,H1,NEUTRAL,USD,CHF,-2.4494494862168228e-05,-1.7869320122425185e-05,2.4494494862168228e-05,-4.2363814984593416e-05,0.81649,NEW_YORK,NOT_TRACKED,NOT_APPLICABLE,NOT_APPLICABLE,,,,,,
589cc87e7ff2c89f,2026-09-12T19:00:00+00:00,2026-09-12T19:00:11.219975+00:00,USD/JPY,H1,NEUTRAL,USD,JPY,2.0121351938753926e-05,-1.7869320122425185e-05,-2.0121351938753926e-05,2.252031816328741e-06,153.5713,NEW_YORK,NOT_TRACKED,NOT_APPLICABLE,NOT_APPLICABLE,,,,,,
a0d55e8553485d3a,2026-09-12T20:00:00+00:00,2026-09-12T20:00:09.712780+00:00,AUD/USD,H1,NEUTRAL,AUD,USD,0.0,0.0,-2.0033765807292345e-05,2.0033765807292345e-05,0.71709,NEW_YORK,NOT_TRACKED,NOT_APPLICABLE,NOT_APPLICABLE,,,,,,
f66b17c316b3143f,2026-09-12T20:00:00+00:00,2026-09-12T20:00:09.712805+00:00,EUR/USD,H1,NEUTRAL,EUR,USD,1.724405511192166e-05,1.724405511192166e-05,-2.0033765807292345e-05,3.7277820919214004e-05,1.15984,NEW_YORK,NOT_TRACKED,NOT_APPLICABLE,NOT_APPLICABLE,,,,,,
c38f4e06d74d0b00,2026-09-12T20:00:00+00:00,2026-09-12T20:00:09.712821+00:00,GBP/USD,H1,NEUTRAL,GBP,USD,-2.9568302779450037e-05,-2.9568302779450037e-05,-2.0033765807292345e-05,-9.534536972157691e-06,1.35276,NEW_YORK,NOT_TRACKED,NOT_APPLICABLE,NOT_APPLICABLE,,,,,,
dd0d7aa9fea917aa,2026-09-12T20:00:00+00:00,2026-09-12T20:00:09.712834+00:00,NZD/USD,H1,NEUTRAL,NZD,USD,0.0,0.0,-2.0033765807292345e-05,2.0033765807292345e-05,0.58135,NEW_YORK,NOT_TRACKED,NOT_APPLICABLE,NOT_APPLICABLE,,,,,,
c50f6340d77d3dc0,2026-09-12T20:00:00+00:00,2026-09-12T20:00:09.712845+00:00,USD/CAD,H1,NEUTRAL,USD,CAD,-3.604954649678114e-05,-2.0033765807292345e-05,3.604954649678114e-05,-5.608331230407348e-05,1.38693,NEW_YORK,NOT_TRACKED,NOT_APPLICABLE,NOT_APPLICABLE,,,,,,
d318af4fd7ffc360,2026-09-12T20:00:00+00:00,2026-09-12T20:00:09.712857+00:00,USD/CHF,H1,NEUTRAL,USD,CHF,-3.6742192284108376e-05,-2.0033765807292345e-05,3.6742192284108376e-05,-5.677595809140072e-05,0.81647,NEW_YORK,NOT_TRACKED,NOT_APPLICABLE,NOT_APPLICABLE,,,,,,
9082678ddf74383f,2026-09-12T20:00:00+00:00,2026-09-12T20:00:09.712868+00:00,USD/JPY,H1,NEUTRAL,USD,JPY,-7.97688695376853e-05,-2.0033765807292345e-05,7.97688695376853e-05,-9.980263534497766e-05,153.55643,NEW_YORK,NOT_TRACKED,NOT_APPLICABLE,NOT_APPLICABLE,,,,,,
d5b5e30215be1f5b,2026-09-12T21:00:00+00:00,2026-09-12T21:00:05.995292+00:00,AUD/USD,H1,NEUTRAL,AUD,USD,0.0,0.0,2.2396578155139842e-05,-2.2396578155139842e-05,0.71709,LATE_NY,NOT_TRACKED,NOT_APPLICABLE,NOT_APPLICABLE,,,,,,
283702ae4f096a1b,2026-09-12T21:00:00+00:00,2026-09-12T21:00:05.995316+00:00,EUR/USD,H1,NEUTRAL,EUR,USD,-8.621804543747478e-06,-8.621804543747478e-06,2.2396578155139842e-05,-3.101838269888732e-05,1.15984,LATE_NY,NOT_TRACKED,NOT_APPLICABLE,NOT_APPLICABLE,,,,,,
e87b557b1da63a33,2026-09-12T21:00:00+00:00,2026-09-12T21:00:05.995330+00:00,GBP/USD,H1,NEUTRAL,GBP,USD,1.4784479253612205e-05,1.4784479253612205e-05,2.2396578155139842e-05,-7.612098901527638e-06,1.35279,LATE_NY,NOT_TRACKED,NOT_APPLICABLE,NOT_APPLICABLE,,,,,,
113659be524cb05b,2026-09-12T21:00:00+00:00,2026-09-12T21:00:05.995342+00:00,NZD/USD,H1,NEUTRAL,NZD,USD,0.0,0.0,2.2396578155139842e-05,-2.2396578155139842e-05,0.58135,LATE_NY,NOT_TRACKED,NOT_APPLICABLE,NOT_APPLICABLE,,,,,,
7365a2a83924e83b,2026-09-12T21:00:00+00:00,2026-09-12T21:00:05.995353+00:00,USD/CAD,H1,NEUTRAL,USD,CAD,2.8840468946053903e-05,2.2396578155139842e-05,-2.8840468946053903e-05,5.1237047101193745e-05,1.38698,LATE_NY,NOT_TRACKED,NOT_APPLICABLE,NOT_APPLICABLE,,,,,,
8c471aacee1ebba5,2026-09-12T21:00:00+00:00,2026-09-12T21:00:05.995363+00:00,USD/CHF,H1,NEUTRAL,USD,CHF,2.4495394865789736e-05,2.2396578155139842e-05,-2.4495394865789736e-05,4.689197302092958e-05,0.8165,LATE_NY,NOT_TRACKED,NOT_APPLICABLE,NOT_APPLICABLE,,,,,,
d0ae710b9eee94c2,2026-09-12T21:00:00+00:00,2026-09-12T21:00:05.995374+00:00,USD/JPY,H1,NEUTRAL,USD,JPY,0.000109602857984,2.2396578155139842e-05,-0.000109602857984,0.00013199943613913983,153.57122,LATE_NY,NOT_TRACKED,NOT_APPLICABLE,NOT_APPLICABLE,,,,,,
30fc4fb26019365d,2026-09-12T21:00:00+00:00,2026-09-12T21:05:04.093803+00:00,AUD/USD,H4,NEUTRAL,AUD,USD,2.78905018896094e-05,2.78905018896094e-05,4.92119565360004e-05,-2.1321454646390998e-05,0.71711,LATE_NY,NOT_TRACKED,NOT_APPLICABLE,NOT_APPLICABLE,,,,,,
932d544f9be65131,2026-09-12T21:00:00+00:00,2026-09-12T21:05:04.093826+00:00,EUR/USD,H4,NEUTRAL,EUR,USD,-0.0001379262784041,-0.0001379262784041,4.92119565360004e-05,-0.0001871382349401004,1.15988,LATE_NY,NOT_TRACKED,NOT_APPLICABLE,NOT_APPLICABLE,,,,,,
2b6266c8e395479b,2026-09-12T21:00:00+00:00,2026-09-12T21:05:04.093839+00:00,GBP/USD,H4,NEUTRAL,GBP,USD,-7.391911770189538e-06,-7.391911770189538e-06,4.92119565360004e-05,-5.6603868306189936e-05,1.35282,LATE_NY,NOT_TRACKED,NOT_APPLICABLE,NOT_APPLICABLE,,,,,,
d25aaeead1084165,2026-09-12T21:00:00+00:00,2026-09-12T21:05:04.093851+00:00,NZD/USD,H4,NEUTRAL,NZD,USD,1.7201341704574677e-05,1.7201341704574677e-05,4.92119565360004e-05,-3.201061483142572e-05,0.58136,LATE_NY,NOT_TRACKED,NOT_APPLICABLE,NOT_APPLICABLE,,,,,,
91a71502595b1844,2026-09-12T21:00:00+00:00,2026-09-12T21:05:04.093862+00:00,USD/CAD,H4,NEUTRAL,USD,CAD,0.0002019196792362,4.92119565360004e-05,-0.0002019196792362,0.0002511316357722004,1.38697,LATE_NY,NOT_TRACKED,NOT_APPLICABLE,NOT_APPLICABLE,,,,,,
3fc350f1e8dca211,2026-09-12T21:00:00+00:00,2026-09-12T21:05:04.093872+00:00,USD/CHF,H4,NEUTRAL,USD,CHF,2.4495394865789736e-05,4.92119565360004e-05,-2.4495394865789736e-05,7.370735140179013e-05,0.8165,LATE_NY,NOT_TRACKED,NOT_APPLICABLE,NOT_APPLICABLE,,,,,,
d3f89b42c7fe8598,2026-09-12T21:00:00+00:00,2026-09-12T21:05:04.093883+00:00,USD/JPY,H4,NEUTRAL,USD,JPY,1.784227506990761e-05,4.92119565360004e-05,-1.784227506990761e-05,6.705423160590801e-05,153.5706,LATE_NY,NOT_TRACKED,NOT_APPLICABLE,NOT_APPLICABLE,,,,,,
947737d1c4e75f7f,2026-09-12T00:00:00+00:00,2026-09-12T21:10:14.838948+00:00,AUD/USD,D1,LONG,AUD,USD,0.0020401034025012,0.0020401034025012,-0.0006213359776983143,0.0026614393801995145,0.71711,ASIA,RECORDED,PENDING,PENDING,,,,,,
b1862bbe351bc696,2026-09-12T00:00:00+00:00,2026-09-12T21:10:14.838976+00:00,EUR/USD,D1,NEUTRAL,EUR,USD,-0.000973282114003,-0.000973282114003,-0.0006213359776983143,-0.00035194613630468565,1.15989,ASIA,NOT_TRACKED,NOT_APPLICABLE,NOT_APPLICABLE,,,,,,
2e8b8facc7c4b6fc,2026-09-12T00:00:00+00:00,2026-09-12T21:10:14.838991+00:00,GBP/USD,D1,LONG,GBP,USD,0.0010879782108309,0.0010879782108309,-0.0006213359776983143,0.0017093141885292143,1.3526,ASIA,RECORDED,PENDING,PENDING,,,,,,
f954a6cb5fb19b80,2026-09-12T00:00:00+00:00,2026-09-12T21:10:14.839004+00:00,NZD/USD,D1,LONG,NZD,USD,0.0029847141230461,0.0029847141230461,-0.0006213359776983143,0.0036060501007444145,0.58135,ASIA,RECORDED,PENDING,PENDING,,,,,,
f844ef91fa89a26f,2026-09-12T00:00:00+00:00,2026-09-12T21:10:14.839015+00:00,USD/CAD,D1,LONG,USD,CAD,0.0028047449344716,-0.0006213359776983143,-0.0028047449344716,0.0021834089567732856,1.38725,ASIA,RECORDED,PENDING,PENDING,,,,,,
dd54808e2b2f634b,2026-09-12T00:00:00+00:00,2026-09-12T21:10:14.839026+00:00,USD/CHF,D1,LONG,USD,CHF,0.0041941355898849,-0.0006213359776983143,-0.0041941355898849,0.003572799612186586,0.81645,ASIA,RECORDED,PENDING,PENDING,,,,,,
e56614cc0a28da77,2026-09-12T00:00:00+00:00,2026-09-12T21:10:14.839037+00:00,USD/JPY,D1,SHORT,USD,JPY,-0.0062087187458695,-0.0006213359776983143,0.0062087187458695,-0.0068300547235678145,153.52682,ASIA,RECORDED,PENDING,PENDING,,,,,,
103b374555bf5655,2026-09-12T23:00:00+00:00,2026-09-12T23:00:05.084680+00:00,AUD/USD,H1,NEUTRAL,AUD,USD,4.183750313777716e-05,4.183750313777716e-05,-1.3039565654931327e-05,5.487706879270849e-05,0.71709,LATE_NY,NOT_TRACKED,NOT_APPLICABLE,NOT_APPLICABLE,,,,,,
91311d679142598d,2026-09-12T23:00:00+00:00,2026-09-12T23:00:05.084702+00:00,EUR/USD,H1,NEUTRAL,EUR,USD,-2.586318375789861e-05,-2.586318375789861e-05,-1.3039565654931327e-05,-1.2823618102967283e-05,1.15992,LATE_NY,NOT_TRACKED,NOT_APPLICABLE,NOT_APPLICABLE,,,,,,
1fb8eea045790b30,2026-09-12T23:00:00+00:00,2026-09-12T23:00:05.084717+00:00,GBP/USD,H1,NEUTRAL,GBP,USD,-2.217589923269503e-05,-2.217589923269503e-05,-1.3039565654931327e-05,-9.136333577763704e-06,1.35279,LATE_NY,NOT_TRACKED,NOT_APPLICABLE,NOT_APPLICABLE,,,,,,
c12f713c2287b6c5,2026-09-12T23:00:00+00:00,2026-09-12T23:00:05.084729+00:00,NZD/USD,H1,NEUTRAL,NZD,USD,0.0,0.0,-1.3039565654931327e-05,1.3039565654931327e-05,0.58135,LATE_NY,NOT_TRACKED,NOT_APPLICABLE,NOT_APPLICABLE,,,,,,
8f3955b5191b38a8,2026-09-12T23:00:00+00:00,2026-09-12T23:00:05.084744+00:00,USD/CAD,H1,NEUTRAL,USD,CAD,-0.0001081517585476,-1.3039565654931327e-05,0.0001081517585476,-0.00012119132420253133,1.38679,LATE_NY,NOT_TRACKED,NOT_APPLICABLE,NOT_APPLICABLE,,,,,,
2cdeb8314f47cdf4,2026-09-12T23:00:00+00:00,2026-09-12T23:00:05.084755+00:00,USD/CHF,H1,NEUTRAL,USD,CHF,-1.2248297486729597e-05,-1.3039565654931327e-05,1.2248297486729597e-05,-2.5287863141660925e-05,0.81643,LATE_NY,NOT_TRACKED,NOT_APPLICABLE,NOT_APPLICABLE,,,,,,
e0301cd6153063f8,2026-09-12T23:00:00+00:00,2026-09-12T23:00:05.084765+00:00,USD/JPY,H1,NEUTRAL,USD,JPY,2.2921516596993827e-05,-1.3039565654931327e-05,-2.2921516596993827e-05,9.8819509420625e-06,153.57102,LATE_NY,NOT_TRACKED,NOT_APPLICABLE,NOT_APPLICABLE,,,,,,
e5797f6b0210034d,2026-09-13T00:00:00+00:00,2026-09-13T00:00:04.686863+00:00,AUD/USD,H1,NEUTRAL,AUD,USD,2.78905018896094e-05,2.78905018896094e-05,-7.020413328351534e-05,9.809463517312474e-05,0.71711,ASIA,NOT_TRACKED,NOT_APPLICABLE,NOT_APPLICABLE,,,,,,
5ca3c0afbea4c2b9,2026-09-13T00:00:00+00:00,2026-09-13T00:00:04.686888+00:00,EUR/USD,H1,NEUTRAL,EUR,USD,0.0003103635564216,0.0003103635564216,-7.020413328351534e-05,0.00038056768970511534,1.16029,ASIA,NOT_TRACKED,NOT_APPLICABLE,NOT_APPLICABLE,,,,,,
9983bd2a57ea3a21,2026-09-13T00:00:00+00:00,2026-09-13T00:00:04.686902+00:00,GBP/USD,H1,NEUTRAL,GBP,USD,-7.392075694903542e-06,-7.392075694903542e-06,-7.020413328351534e-05,6.28120575886118e-05,1.35279,ASIA,NOT_TRACKED,NOT_APPLICABLE,NOT_APPLICABLE,,,,,,
c9dc51e602c018e8,2026-09-13T00:00:00+00:00,2026-09-13T00:00:04.686915+00:00,NZD/USD,H1,NEUTRAL,NZD,USD,0.0,0.0,-7.020413328351534e-05,7.020413328351534e-05,0.58135,ASIA,NOT_TRACKED,NOT_APPLICABLE,NOT_APPLICABLE,,,,,,
f06825826fcfbff5,2026-09-13T00:00:00+00:00,2026-09-13T00:00:04.686926+00:00,USD/CAD,H1,NEUTRAL,USD,CAD,-0.0001225843668878,-7.020413328351534e-05,0.0001225843668878,-0.00019278850017131533,1.38663,ASIA,NOT_TRACKED,NOT_APPLICABLE,NOT_APPLICABLE,,,,,,
52351e223903e08f,2026-09-13T00:00:00+00:00,2026-09-13T00:00:04.686937+00:00,USD/CHF,H1,NEUTRAL,USD,CHF,-3.674534252780336e-05,-7.020413328351534e-05,3.674534252780336e-05,-0.00010694947581131869,0.8164,ASIA,NOT_TRACKED,NOT_APPLICABLE,NOT_APPLICABLE,,,,,,
157f076f6bd390a3,2026-09-13T00:00:00+00:00,2026-09-13T00:00:04.686948+00:00,USD/JPY,H1,NEUTRAL,USD,JPY,-1.2372409526980982e-06,-7.020413328351534e-05,1.2372409526980982e-06,-7.144137423621344e-05,153.56731,ASIA,NOT_TRACKED,NOT_APPLICABLE,NOT_APPLICABLE,,,,,,
9f4cc34cc8e9288e,2026-09-13T01:00:00+00:00,2026-09-13T01:00:07.068704+00:00,AUD/USD,H1,NEUTRAL,AUD,USD,0.0,0.0,9.778693175778006e-05,-9.778693175778006e-05,0.71709,ASIA,NOT_TRACKED,NOT_APPLICABLE,NOT_APPLICABLE,,,,,,
673c6799b9b40c42,2026-09-13T01:00:00+00:00,2026-09-13T01:00:07.068726+00:00,EUR/USD,H1,SHORT,EUR,USD,-0.0003447414008566,-0.0003447414008566,9.778693175778006e-05,-0.0004425283326143801,1.15989,ASIA,RECORDED,PENDING,PENDING,,,,,,
aa243847c2e46255,2026-09-13T01:00:00+00:00,2026-09-13T01:00:07.068741+00:00,GBP/USD,H1,NEUTRAL,GBP,USD,-3.6960651690124464e-05,-3.6960651690124464e-05,9.778693175778006e-05,-0.00013474758344790452,1.35274,ASIA,NOT_TRACKED,NOT_APPLICABLE,NOT_APPLICABLE,,,,,,
9bdc42498d21a948,2026-09-13T01:00:00+00:00,2026-09-13T01:00:07.068753+00:00,NZD/USD,H1,NEUTRAL,NZD,USD,0.0,0.0,9.778693175778006e-05,-9.778693175778006e-05,0.58135,ASIA,NOT_TRACKED,NOT_APPLICABLE,NOT_APPLICABLE,,,,,,
91400a9e37fb22d7,2026-09-13T01:00:00+00:00,2026-09-13T01:00:07.068763+00:00,USD/CAD,H1,NEUTRAL,USD,CAD,0.0001947152829862,9.778693175778006e-05,-0.0001947152829862,0.00029250221474398007,1.38691,ASIA,NOT_TRACKED,NOT_APPLICABLE,NOT_APPLICABLE,,,,,,
79132ae9fb6032a9,2026-09-13T01:00:00+00:00,2026-09-13T01:00:07.068774+00:00,USD/CHF,H1,NEUTRAL,USD,CHF,0.0001102400783929,9.778693175778006e-05,-0.0001102400783929,0.00020802701015068005,0.81649,ASIA,NOT_TRACKED,NOT_APPLICABLE,NOT_APPLICABLE,,,,,,
2a92034db8765512,2026-09-13T01:00:00+00:00,2026-09-13T01:00:07.068784+00:00,USD/JPY,H1,NEUTRAL,USD,JPY,-2.148891621364003e-06,9.778693175778006e-05,2.148891621364003e-06,9.563804013641606e-05,153.56721,ASIA,NOT_TRACKED,NOT_APPLICABLE,NOT_APPLICABLE,,,,,,
82969f8bb1641f42,2026-09-13T01:00:00+00:00,2026-09-13T01:05:05.082912+00:00,AUD/USD,H4,NEUTRAL,AUD,USD,-1.394505647741527e-05,-1.394505647741527e-05,1.6828015448526615e-05,-3.0773071925941885e-05,0.71709,ASIA,NOT_TRACKED,NOT_APPLICABLE,NOT_APPLICABLE,,,,,,
0f1860ee8679f8a5,2026-09-13T01:00:00+00:00,2026-09-13T01:05:05.082938+00:00,EUR/USD,H4,NEUTRAL,EUR,USD,-8.621730208683348e-06,-8.621730208683348e-06,1.6828015448526615e-05,-2.544974565720996e-05,1.15985,ASIA,NOT_TRACKED,NOT_APPLICABLE,NOT_APPLICABLE,,,,,,
ac458c1a2139a53f,2026-09-13T01:00:00+00:00,2026-09-13T01:05:05.082953+00:00,GBP/USD,H4,NEUTRAL,GBP,USD,-7.392075694903542e-06,-7.392075694903542e-06,1.6828015448526615e-05,-2.4220091143430157e-05,1.35279,ASIA,NOT_TRACKED,NOT_APPLICABLE,NOT_APPLICABLE,,,,,,
2f53a7fd2dace33f,2026-09-13T01:00:00+00:00,2026-09-13T01:05:05.082968+00:00,NZD/USD,H4,NEUTRAL,NZD,USD,1.7201341704574677e-05,1.7201341704574677e-05,1.6828015448526615e-05,3.7332625604806133e-07,0.58136,ASIA,NOT_TRACKED,NOT_APPLICABLE,NOT_APPLICABLE,,,,,,
37006be78b6548ca,2026-09-13T01:00:00+00:00,2026-09-13T01:05:05.082980+00:00,USD/CAD,H4,NEUTRAL,USD,CAD,5.768135378143093e-05,1.6828015448526615e-05,-5.768135378143093e-05,7.450936922995754e-05,1.38701,ASIA,NOT_TRACKED,NOT_APPLICABLE,NOT_APPLICABLE,,,,,,
6207e7ea9c394f3a,2026-09-13T01:00:00+00:00,2026-09-13T01:05:05.082991+00:00,USD/CHF,H4,NEUTRAL,USD,CHF,3.6743092298616616e-05,1.6828015448526615e-05,-3.6743092298616616e-05,5.357110774714323e-05,0.81651,ASIA,NOT_TRACKED,NOT_APPLICABLE,NOT_APPLICABLE,,,,,,
4c396f4766df5c40,2026-09-13T01:00:00+00:00,2026-09-13T01:05:05.083003+00:00,USD/JPY,H4,NEUTRAL,USD,JPY,1.0614141383211278e-05,1.6828015448526615e-05,-1.0614141383211278e-05,2.7442156831737893e-05,153.57034,ASIA,NOT_TRACKED,NOT_APPLICABLE,NOT_APPLICABLE,,,,,,
9614598550389463,2026-09-13T02:00:00+00:00,2026-09-13T02:00:05.322533+00:00,AUD/USD,H1,NEUTRAL,AUD,USD,2.7890890834926336e-05,2.7890890834926336e-05,-2.8614500349313506e-05,5.650539118423984e-05,0.7171,ASIA,NOT_TRACKED,NOT_APPLICABLE,NOT_APPLICABLE,,,,,,
13f7c3d9f278c93a,2026-09-13T02:00:00+00:00,2026-09-13T02:00:05.322556+00:00,EUR/USD,H1,NEUTRAL,EUR,USD,3.448721817479847e-05,3.448721817479847e-05,-2.8614500349313506e-05,6.310171852411197e-05,1.15989,ASIA,NOT_TRACKED,NOT_APPLICABLE,NOT_APPLICABLE,,,,,,
4eaa89d85c01fa27,2026-09-13T02:00:00+00:00,2026-09-13T02:00:05.322571+00:00,GBP/USD,H1,NEUTRAL,GBP,USD,3.696147136232999e-05,3.696147136232999e-05,-2.8614500349313506e-05,6.557597171164349e-05,1.35281,ASIA,NOT_TRACKED,NOT_APPLICABLE,NOT_APPLICABLE,,,,,,
567c154291566d39,2026-09-13T02:00:00+00:00,2026-09-13T02:00:05.322583+00:00,NZD/USD,H1,NEUTRAL,NZD,USD,1.7201341704574677e-05,1.7201341704574677e-05,-2.8614500349313506e-05,4.5815842053888186e-05,0.58136,ASIA,NOT_TRACKED,NOT_APPLICABLE,NOT_APPLICABLE,,,,,,
4b08334e166dba5a,2026-09-13T02:00:00+00:00,2026-09-13T02:00:05.322594+00:00,USD/CAD,H1,NEUTRAL,USD,CAD,-7.209909299356229e-05,-2.8614500349313506e-05,7.209909299356229e-05,-0.00010071359334287579,1.38688,ASIA,NOT_TRACKED,NOT_APPLICABLE,NOT_APPLICABLE,,,,,,
34bf76f61b1f1436,2026-09-13T02:00:00+00:00,2026-09-13T02:00:05.322605+00:00,USD/CHF,H1,NEUTRAL,USD,CHF,-1.2247547428707652e-05,-2.8614500349313506e-05,1.2247547428707652e-05,-4.086204777802116e-05,0.81648,ASIA,NOT_TRACKED,NOT_APPLICABLE,NOT_APPLICABLE,,,,,,
b04b0b913ef8c483,2026-09-13T02:00:00+00:00,2026-09-13T02:00:05.322616+00:00,USD/JPY,H1,NEUTRAL,USD,JPY,5.860600537048862e-07,-2.8614500349313506e-05,-5.860600537048862e-07,-2.802844029560862e-05,153.56797,ASIA,NOT_TRACKED,NOT_APPLICABLE,NOT_APPLICABLE,,,,,,
c94d2500b228e3cd,2026-09-13T05:00:00+00:00,2026-09-13T07:27:15.970147+00:00,AUD/USD,H4,NEUTRAL,AUD,USD,1.3945445417463168e-05,1.3945445417463168e-05,-4.6454682557865174e-05,6.0400127975328344e-05,0.71709,ASIA,NOT_TRACKED,NOT_APPLICABLE,NOT_APPLICABLE,,,,,,
ffe9b5bb70f7aba2,2026-09-13T05:00:00+00:00,2026-09-13T07:27:15.970171+00:00,EUR/USD,H4,NEUTRAL,EUR,USD,0.0001120834590679,0.0001120834590679,-4.6454682557865174e-05,0.00015853814162576518,1.15998,ASIA,NOT_TRACKED,NOT_APPLICABLE,NOT_APPLICABLE,,,,,,
2b3f984323543bd4,2026-09-13T05:00:00+00:00,2026-09-13T07:27:15.970186+00:00,GBP/USD,H4,NEUTRAL,GBP,USD,7.392294272449584e-05,7.392294272449584e-05,-4.6454682557865174e-05,0.00012037762528236101,1.35286,ASIA,NOT_TRACKED,NOT_APPLICABLE,NOT_APPLICABLE,,,,,,
dcb41b1a61108603,2026-09-13T05:00:00+00:00,2026-09-13T07:27:15.970199+00:00,NZD/USD,H4,NEUTRAL,NZD,USD,0.0,0.0,-4.6454682557865174e-05,4.6454682557865174e-05,0.58135,ASIA,NOT_TRACKED,NOT_APPLICABLE,NOT_APPLICABLE,,,,,,
286de73cd83320bf,2026-09-13T05:00:00+00:00,2026-09-13T07:27:15.970210+00:00,USD/CAD,H4,NEUTRAL,USD,CAD,-0.0001297783673881,-4.6454682557865174e-05,0.0001297783673881,-0.00017623304994596517,1.3868,ASIA,NOT_TRACKED,NOT_APPLICABLE,NOT_APPLICABLE,,,,,,
0aa7c25a5651bac8,2026-09-13T05:00:00+00:00,2026-09-13T07:27:15.970224+00:00,USD/CHF,H4,NEUTRAL,USD,CHF,-2.449509485727933e-05,-4.6454682557865174e-05,2.449509485727933e-05,-7.094977741514451e-05,0.81647,ASIA,NOT_TRACKED,NOT_APPLICABLE,NOT_APPLICABLE,,,,,,
8e164871b329a41e,2026-09-13T05:00:00+00:00,2026-09-13T07:27:15.970239+00:00,USD/JPY,H4,NEUTRAL,USD,JPY,2.9042531550182102e-05,-4.6454682557865174e-05,-2.9042531550182102e-05,-1.741215100768307e-05,153.57234,ASIA,NOT_TRACKED,NOT_APPLICABLE,NOT_APPLICABLE,,,,,,
66234fa40e9b4f0b,2026-09-13T08:00:00+00:00,2026-09-13T08:00:08.002194+00:00,AUD/USD,H1,NEUTRAL,AUD,USD,4.183458604673549e-05,4.183458604673549e-05,-5.195439261037258e-06,4.703002530777275e-05,0.71714,LONDON,NOT_TRACKED,NOT_APPLICABLE,NOT_APPLICABLE,,,,,,
e62d89f1009e6f82,2026-09-13T08:00:00+00:00,2026-09-13T08:00:08.002220+00:00,EUR/USD,H1,NEUTRAL,EUR,USD,6.896730087853997e-05,6.896730087853997e-05,-5.195439261037258e-06,7.416274013957723e-05,1.16005,LONDON,NOT_TRACKED,NOT_APPLICABLE,NOT_APPLICABLE,,,,,,
087e747b2f4ed857,2026-09-13T08:00:00+00:00,2026-09-13T08:00:08.002236+00:00,GBP/USD,H1,NEUTRAL,GBP,USD,-1.4783823540214942e-05,-1.4783823540214942e-05,-5.195439261037258e-06,-9.588384279177684e-06,1.35281,LONDON,NOT_TRACKED,NOT_APPLICABLE,NOT_APPLICABLE,,,,,,
4f214b43631165a6,2026-09-13T08:00:00+00:00,2026-09-13T08:00:08.002249+00:00,NZD/USD,H1,NEUTRAL,NZD,USD,1.7201341704574677e-05,1.7201341704574677e-05,-5.195439261037258e-06,2.2396780965611936e-05,0.58136,LONDON,NOT_TRACKED,NOT_APPLICABLE,NOT_APPLICABLE,,,,,,
04c69357e10762bf,2026-09-13T08:00:00+00:00,2026-09-13T08:00:08.002260+00:00,USD/CAD,H1,NEUTRAL,USD,CAD,7.211157102155752e-06,-5.195439261037258e-06,-7.211157102155752e-06,2.015717841118494e-06,1.38675,LONDON,NOT_TRACKED,NOT_APPLICABLE,NOT_APPLICABLE,,,,,,
da4a67795e950719,2026-09-13T08:00:00+00:00,2026-09-13T08:00:08.002272+00:00,USD/CHF,H1,NEUTRAL,USD,CHF,6.123998726207591e-05,-5.195439261037258e-06,-6.123998726207591e-05,5.604454800103865e-05,0.81651,LONDON,NOT_TRACKED,NOT_APPLICABLE,NOT_APPLICABLE,,,,,,
3b1adead125467b3,2026-09-13T08:00:00+00:00,2026-09-13T08:00:08.002283+00:00,USD/JPY,H1,NEUTRAL,USD,JPY,8.400185898142731e-06,-5.195439261037258e-06,-8.400185898142731e-06,3.204746637105473e-06,153.56932,LONDON,NOT_TRACKED,NOT_APPLICABLE,NOT_APPLICABLE,,,,,,
1be51f70d118976f,2026-09-13T09:00:00+00:00,2026-09-13T09:05:07.257749+00:00,AUD/USD,H4,NEUTRAL,AUD,USD,2.78905018896094e-05,2.78905018896094e-05,-3.78307612451167e-06,3.167357801412107e-05,0.71711,LONDON,NOT_TRACKED,NOT_APPLICABLE,NOT_APPLICABLE,,,,,,
4ddee0bc24e78e06,2026-09-13T09:00:00+00:00,2026-09-13T09:05:07.257774+00:00,EUR/USD,H4,NEUTRAL,EUR,USD,-8.62098693064029e-06,-8.62098693064029e-06,-3.78307612451167e-06,-4.837910806128621e-06,1.15995,LONDON,NOT_TRACKED,NOT_APPLICABLE,NOT_APPLICABLE,,,,,,
4d0db6678e52978a,2026-09-13T09:00:00+00:00,2026-09-13T09:05:07.257789+00:00,GBP/USD,H4,NEUTRAL,GBP,USD,-2.217573531040448e-05,-2.217573531040448e-05,-3.78307612451167e-06,-1.839265918589281e-05,1.3528,LONDON,NOT_TRACKED,NOT_APPLICABLE,NOT_APPLICABLE,,,,,,
ec87558eb423f736,2026-09-13T09:00:00+00:00,2026-09-13T09:05:07.257803+00:00,NZD/USD,H4,NEUTRAL,NZD,USD,0.0,0.0,-3.78307612451167e-06,3.78307612451167e-06,0.58135,LONDON,NOT_TRACKED,NOT_APPLICABLE,NOT_APPLICABLE,,,,,,
973868434044c09b,2026-09-13T09:00:00+00:00,2026-09-13T09:05:07.257814+00:00,USD/CAD,H4,NEUTRAL,USD,CAD,-2.1633003309831112e-05,-3.78307612451167e-06,2.1633003309831112e-05,-2.5416079434342783e-05,1.38674,LONDON,NOT_TRACKED,NOT_APPLICABLE,NOT_APPLICABLE,,,,,,
798abe26a0ec518e,2026-09-13T09:00:00+00:00,2026-09-13T09:05:07.257826+00:00,USD/CHF,H4,NEUTRAL,USD,CHF,-1.2247847440892514e-05,-3.78307612451167e-06,1.2247847440892514e-05,-1.6030923565404185e-05,0.81646,LONDON,NOT_TRACKED,NOT_APPLICABLE,NOT_APPLICABLE,,,,,,
3a34fdb392e2d568,2026-09-13T09:00:00+00:00,2026-09-13T09:05:07.257837+00:00,USD/JPY,H4,NEUTRAL,USD,JPY,4.493097527706566e-06,-3.78307612451167e-06,-4.493097527706566e-06,7.100214031948961e-07,153.56958,LONDON,NOT_TRACKED,NOT_APPLICABLE,NOT_APPLICABLE,,,,,,
328e25b6d20b0790,2026-09-13T10:00:00+00:00,2026-09-13T10:00:10.690106+00:00,AUD/USD,H1,NEUTRAL,AUD,USD,1.3944862015526892e-05,1.3944862015526892e-05,-9.302020353914316e-06,2.3246882369441206e-05,0.71712,LONDON,NOT_TRACKED,NOT_APPLICABLE,NOT_APPLICABLE,,,,,,
6f5208363cdeca22,2026-09-13T10:00:00+00:00,2026-09-13T10:00:10.690129+00:00,EUR/USD,H1,NEUTRAL,EUR,USD,3.448394772217831e-05,3.448394772217831e-05,-9.302020353914316e-06,4.3785968076092625e-05,1.16,LONDON,NOT_TRACKED,NOT_APPLICABLE,NOT_APPLICABLE,,,,,,
ebe619d2800584c4,2026-09-13T10:00:00+00:00,2026-09-13T10:00:10.690144+00:00,GBP/USD,H1,NEUTRAL,GBP,USD,1.4784042104884632e-05,1.4784042104884632e-05,-9.302020353914316e-06,2.408606245879895e-05,1.35283,LONDON,NOT_TRACKED,NOT_APPLICABLE,NOT_APPLICABLE,,,,,,
4dcae9b14db27981,2026-09-13T10:00:00+00:00,2026-09-13T10:00:10.690155+00:00,NZD/USD,H1,NEUTRAL,NZD,USD,1.7201341704574677e-05,1.7201341704574677e-05,-9.302020353914316e-06,2.650336205848899e-05,0.58136,LONDON,NOT_TRACKED,NOT_APPLICABLE,NOT_APPLICABLE,,,,,,
933b3865f92fa72b,2026-09-13T10:00:00+00:00,2026-09-13T10:00:10.690171+00:00,USD/CAD,H1,NEUTRAL,USD,CAD,-2.1633471306787493e-05,-9.302020353914316e-06,2.1633471306787493e-05,-3.093549166070181e-05,1.38671,LONDON,NOT_TRACKED,NOT_APPLICABLE,NOT_APPLICABLE,,,,,,
6fdf1a8b27b79531,2026-09-13T10:00:00+00:00,2026-09-13T10:00:10.690182+00:00,USD/CHF,H1,NEUTRAL,USD,CHF,2.449599490485756e-05,-9.302020353914316e-06,-2.449599490485756e-05,1.5193974550943244e-05,0.81648,LONDON,NOT_TRACKED,NOT_APPLICABLE,NOT_APPLICABLE,,,,,,
76548e60ef33fd82,2026-09-13T10:00:00+00:00,2026-09-13T10:00:10.690192+00:00,USD/JPY,H1,NEUTRAL,USD,JPY,1.2437527471694232e-05,-9.302020353914316e-06,-1.2437527471694232e-05,3.135507117779916e-06,153.56941,LONDON,NOT_TRACKED,NOT_APPLICABLE,NOT_APPLICABLE,,,,,,
732577626f57a592,2026-09-13T11:00:00+00:00,2026-09-13T11:00:10.889268+00:00,AUD/USD,H1,NEUTRAL,AUD,USD,0.0,0.0,-1.0852210747562954e-05,1.0852210747562954e-05,0.71711,LONDON,NOT_TRACKED,NOT_APPLICABLE,NOT_APPLICABLE,,,,,,
85a74ce3b11fdc74,2026-09-13T11:00:00+00:00,2026-09-13T11:00:10.889293+00:00,EUR/USD,H1,NEUTRAL,EUR,USD,-3.4483650439269985e-05,-3.4483650439269985e-05,-1.0852210747562954e-05,-2.3631439691707032e-05,1.15993,LONDON,NOT_TRACKED,NOT_APPLICABLE,NOT_APPLICABLE,,,,,,
658384f76d561761,2026-09-13T11:00:00+00:00,2026-09-13T11:00:10.889313+00:00,GBP/USD,H1,NEUTRAL,GBP,USD,3.696037847435357e-05,3.696037847435357e-05,-1.0852210747562954e-05,4.781258922191652e-05,1.35285,LONDON,NOT_TRACKED,NOT_APPLICABLE,NOT_APPLICABLE,,,,,,
92d9c333f95d4ae7,2026-09-13T11:00:00+00:00,2026-09-13T11:00:10.889327+00:00,NZD/USD,H1,NEUTRAL,NZD,USD,1.7201341704574677e-05,1.7201341704574677e-05,-1.0852210747562954e-05,2.805355245213763e-05,0.58136,LONDON,NOT_TRACKED,NOT_APPLICABLE,NOT_APPLICABLE,,,,,,
b2c64458a75dfa17,2026-09-13T11:00:00+00:00,2026-09-13T11:00:10.889339+00:00,USD/CAD,H1,NEUTRAL,USD,CAD,0.0001153835059279,-1.0852210747562954e-05,-0.0001153835059279,0.00010453129518033705,1.38684,LONDON,NOT_TRACKED,NOT_APPLICABLE,NOT_APPLICABLE,,,,,,
b33bb4e3b5c7587a,2026-09-13T11:00:00+00:00,2026-09-13T11:00:10.889350+00:00,USD/CHF,H1,NEUTRAL,USD,CHF,-0.0001837177116121,-1.0852210747562954e-05,0.0001837177116121,-0.00019456992235966294,0.81632,LONDON,NOT_TRACKED,NOT_APPLICABLE,NOT_APPLICABLE,,,,,,
79691486afff73fc,2026-09-13T11:00:00+00:00,2026-09-13T11:00:10.889361+00:00,USD/JPY,H1,NEUTRAL,USD,JPY,1.2046800190917568e-05,-1.0852210747562954e-05,-1.2046800190917568e-05,1.194589443354614e-06,153.5696,LONDON,NOT_TRACKED,NOT_APPLICABLE,NOT_APPLICABLE,,,,,,
48bb547b92c0bc51,2026-09-13T12:00:00+00:00,2026-09-13T12:00:13.907456+00:00,AUD/USD,H1,NEUTRAL,AUD,USD,0.0002370659601171,0.0002370659601171,-4.715788709696532e-05,0.00028422384721406535,0.71727,LONDON_NY_OVERLAP,NOT_TRACKED,NOT_APPLICABLE,NOT_APPLICABLE,,,,,,
1a75f581db3eb3b2,2026-09-13T12:00:00+00:00,2026-09-13T12:00:13.907485+00:00,EUR/USD,H1,NEUTRAL,EUR,USD,7.759222698306202e-05,7.759222698306202e-05,-4.715788709696532e-05,0.00012475011408002735,1.16,LONDON_NY_OVERLAP,NOT_TRACKED,NOT_APPLICABLE,NOT_APPLICABLE,,,,,,
511cf12c5e593ba5,2026-09-13T12:00:00+00:00,2026-09-13T12:00:13.907502+00:00,GBP/USD,H1,NEUTRAL,GBP,USD,6.652769769824923e-05,6.652769769824923e-05,-4.715788709696532e-05,0.00011368558479521454,1.35291,LONDON_NY_OVERLAP,NOT_TRACKED,NOT_APPLICABLE,NOT_APPLICABLE,,,,,,
f0aefaf93dfa73af,2026-09-13T12:00:00+00:00,2026-09-13T12:00:13.907515+00:00,NZD/USD,H1,NEUTRAL,NZD,USD,6.880536681848969e-05,6.880536681848969e-05,-4.715788709696532e-05,0.000115963253915455,0.58139,LONDON_NY_OVERLAP,NOT_TRACKED,NOT_APPLICABLE,NOT_APPLICABLE,,,,,,
d6298acabc70dde8,2026-09-13T12:00:00+00:00,2026-09-13T12:00:13.907704+00:00,USD/CAD,H1,NEUTRAL,USD,CAD,-2.163237934554592e-05,-4.715788709696532e-05,2.163237934554592e-05,-6.879026644251124e-05,1.38678,LONDON_NY_OVERLAP,NOT_TRACKED,NOT_APPLICABLE,NOT_APPLICABLE,,,,,,
878cb6c6b834e055,2026-09-13T12:00:00+00:00,2026-09-13T12:00:13.907728+00:00,USD/CHF,H1,NEUTRAL,USD,CHF,0.0001225039813793,-4.715788709696532e-05,-0.0001225039813793,7.534609428233469e-05,0.8164,LONDON_NY_OVERLAP,NOT_TRACKED,NOT_APPLICABLE,NOT_APPLICABLE,,,,,,
ac8534dded492ab3,2026-09-13T12:00:00+00:00,2026-09-13T12:00:13.907741+00:00,USD/JPY,H1,NEUTRAL,USD,JPY,1.9014439904389623e-05,-4.715788709696532e-05,-1.9014439904389623e-05,-2.8143447192575696e-05,153.57042,LONDON_NY_OVERLAP,NOT_TRACKED,NOT_APPLICABLE,NOT_APPLICABLE,,,,,,
976f5a6e3b4a3ce2,2026-09-13T13:00:00+00:00,2026-09-13T13:00:19.593468+00:00,AUD/USD,H1,NEUTRAL,AUD,USD,-0.0001115448968209,-0.0001115448968209,-0.0004378476392106699,0.0003263027423897699,0.71712,LONDON_NY_OVERLAP,NOT_TRACKED,NOT_APPLICABLE,NOT_APPLICABLE,,,,,,
83554535623429ec,2026-09-13T13:00:00+00:00,2026-09-13T13:00:19.593494+00:00,EUR/USD,H1,LONG,EUR,USD,0.000534528838693,0.000534528838693,-0.0004378476392106699,0.0009723764779036698,1.16052,LONDON_NY_OVERLAP,RECORDED,PENDING,PENDING,,,,,,
b2966cb8543203ba,2026-09-13T13:00:00+00:00,2026-09-13T13:00:19.593510+00:00,GBP/USD,H1,LONG,GBP,USD,0.00021436227224,0.00021436227224,-0.0004378476392106699,0.0006522099114506699,1.35314,LONDON_NY_OVERLAP,RECORDED,PENDING,PENDING,,,,,,
7bf2e1ae6eda19dd,2026-09-13T13:00:00+00:00,2026-09-13T13:00:19.593523+00:00,NZD/USD,H1,LONG,NZD,USD,-1.7200749952810622e-05,-1.7200749952810622e-05,-0.0004378476392106699,0.0004206468892578593,0.58136,LONDON_NY_OVERLAP,RECORDED,PENDING,PENDING,,,,,,
87e972594ffc962e,2026-09-13T13:00:00+00:00,2026-09-13T13:00:19.593535+00:00,USD/CAD,H1,SHORT,USD,CAD,-0.0015719415641538,-0.0004378476392106699,0.0015719415641538,-0.00200978920336447,1.38464,LONDON_NY_OVERLAP,RECORDED,PENDING,PENDING,,,,,,
9e57e329bed59764,2026-09-13T13:00:00+00:00,2026-09-13T13:00:19.593546+00:00,USD/CHF,H1,SHORT,USD,CHF,-0.0001347362232211,-0.0004378476392106699,0.0001347362232211,-0.0005725838624317699,0.8163,LONDON_NY_OVERLAP,RECORDED,PENDING,PENDING,,,,,,
42ca6d7d14819b1a,2026-09-13T13:00:00+00:00,2026-09-13T13:00:19.593557+00:00,USD/JPY,H1,SHORT,USD,JPY,-0.0007381102229405,-0.0004378476392106699,0.0007381102229405,-0.00117595786215117,153.4545,LONDON_NY_OVERLAP,RECORDED,PENDING,PENDING,,,,,,
1fc9a1cf7ab57ce4,2026-09-13T13:00:00+00:00,2026-09-13T13:05:06.049248+00:00,AUD/USD,H4,NEUTRAL,AUD,USD,-1.394486201568171e-05,-1.394486201568171e-05,-0.0004117076108595847,0.000397762748843903,0.7171,LONDON_NY_OVERLAP,NOT_TRACKED,NOT_APPLICABLE,NOT_APPLICABLE,,,,,,
dd7b30f83077341d,2026-09-13T13:00:00+00:00,2026-09-13T13:05:06.049269+00:00,EUR/USD,H4,LONG,EUR,USD,0.0004569123073208,0.0004569123073208,-0.0004117076108595847,0.0008686199181803848,1.16049,LONDON_NY_OVERLAP,RECORDED,PENDING,PENDING,,,,,,
25fa8f59f1a182b3,2026-09-13T13:00:00+00:00,2026-09-13T13:05:06.049283+00:00,GBP/USD,H4,LONG,GBP,USD,0.0002217606315742,0.0002217606315742,-0.0004117076108595847,0.0006334682424337847,1.35311,LONDON_NY_OVERLAP,RECORDED,PENDING,PENDING,,,,,,
5e0a7af7e7fcc33c,2026-09-13T13:00:00+00:00,2026-09-13T13:05:06.049294+00:00,NZD/USD,H4,NEUTRAL,NZD,USD,1.7201341704574677e-05,1.7201341704574677e-05,-0.0004117076108595847,0.00042890895256415937,0.58136,LONDON_NY_OVERLAP,NOT_TRACKED,NOT_APPLICABLE,NOT_APPLICABLE,,,,,,
49424a4bad166fd9,2026-09-13T13:00:00+00:00,2026-09-13T13:05:06.049305+00:00,USD/CAD,H4,SHORT,USD,CAD,-0.0015359764627833,-0.0004117076108595847,0.0015359764627833,-0.0019476840736428846,1.38461,LONDON_NY_OVERLAP,RECORDED,PENDING,PENDING,,,,,,
ccdc2301dc350be4,2026-09-13T13:00:00+00:00,2026-09-13T13:05:06.049315+00:00,USD/CHF,H4,SHORT,USD,CHF,-0.0002204639541434,-0.0004117076108595847,0.0002204639541434,-0.0006321715650029847,0.81628,LONDON_NY_OVERLAP,RECORDED,PENDING,PENDING,,,,,,
eca1e7173a35971e,2026-09-13T13:00:00+00:00,2026-09-13T13:05:06.049325+00:00,USD/JPY,H4,SHORT,USD,JPY,-0.0004435834405065,-0.0004117076108595847,0.0004435834405065,-0.0008552910513660847,153.49938,LONDON_NY_OVERLAP,RECORDED,PENDING,PENDING,,,,,,
31c8b699c2ebab19,2026-09-13T14:00:00+00:00,2026-09-13T14:00:16.135873+00:00,AUD/USD,H1,LONG,AUD,USD,0.0005020220331892,0.0005020220331892,-0.0009040047227193761,0.001406026755908576,0.71746,LONDON_NY_OVERLAP,RECORDED,PENDING,PENDING,,,,,,
84fa92f8e3052644,2026-09-13T14:00:00+00:00,2026-09-13T14:00:16.135898+00:00,EUR/USD,H1,LONG,EUR,USD,-8.616975441676442e-06,-8.616975441676442e-06,-0.0009040047227193761,0.0008953877472776997,1.16049,LONDON_NY_OVERLAP,RECORDED,PENDING,PENDING,,,,,,
44cc6f81451f31c6,2026-09-13T14:00:00+00:00,2026-09-13T14:00:16.135913+00:00,GBP/USD,H1,LONG,GBP,USD,-3.695163769666069e-05,-3.695163769666069e-05,-0.0009040047227193761,0.0008670530850227154,1.35307,LONDON_NY_OVERLAP,RECORDED,PENDING,PENDING,,,,,,
6c698e065f20a8d8,2026-09-13T14:00:00+00:00,2026-09-13T14:00:16.135924+00:00,NZD/USD,H1,LONG,NZD,USD,0.0012212742534745,0.0012212742534745,-0.0009040047227193761,0.002125278976193876,0.58207,LONDON_NY_OVERLAP,RECORDED,PENDING,PENDING,,,,,,
36db01c501241045,2026-09-13T14:00:00+00:00,2026-09-13T14:00:16.135935+00:00,USD/CAD,H1,SHORT,USD,CAD,0.0002744435296327,-0.0009040047227193761,-0.0002744435296327,-0.0006295611930866761,1.385,LONDON_NY_OVERLAP,RECORDED,PENDING,PENDING,,,,,,
9580a479c2233453,2026-09-13T14:00:00+00:00,2026-09-13T14:00:16.135946+00:00,USD/CHF,H1,SHORT,USD,CHF,2.450139657962954e-05,-0.0009040047227193761,-2.450139657962954e-05,-0.0008795033261397466,0.8163,LONDON_NY_OVERLAP,RECORDED,PENDING,PENDING,,,,,,
a86432a58018b063,2026-09-13T14:00:00+00:00,2026-09-13T14:00:16.135956+00:00,USD/JPY,H1,SHORT,USD,JPY,-0.0049492503117226,-0.0009040047227193761,0.0049492503117226,-0.005853255034441976,152.71819,LONDON_NY_OVERLAP,RECORDED,PENDING,PENDING,,,,,,
6eb488da039ff396,2026-09-13T15:00:00+00:00,2026-09-13T15:00:22.450947+00:00,AUD/USD,H1,SHORT,AUD,USD,-0.000557522370585,-0.000557522370585,0.0011313063231529715,-0.0016888286937379714,0.71706,LONDON_NY_OVERLAP,RECORDED,PENDING,PENDING,,,,,,
7a63a89bfdee61af,2026-09-13T15:00:00+00:00,2026-09-13T15:00:22.450971+00:00,EUR/USD,H1,SHORT,EUR,USD,-0.0004222390734867,-0.0004222390734867,0.0011313063231529715,-0.0015535453966396716,1.15999,LONDON_NY_OVERLAP,RECORDED,PENDING,PENDING,,,,,,
8493b05ebb682228,2026-09-13T15:00:00+00:00,2026-09-13T15:00:22.450985+00:00,GBP/USD,H1,SHORT,GBP,USD,-0.0001330327777983,-0.0001330327777983,0.0011313063231529715,-0.0012643391009512714,1.35287,LONDON_NY_OVERLAP,RECORDED,PENDING,PENDING,,,,,,
fdc4ed4db7669321,2026-09-13T15:00:00+00:00,2026-09-13T15:00:22.450996+00:00,NZD/USD,H1,SHORT,NZD,USD,-0.0011682443692339,-0.0011682443692339,0.0011313063231529715,-0.002299550692386872,0.58139,LONDON_NY_OVERLAP,RECORDED,PENDING,PENDING,,,,,,
6ab74f7c00fea905,2026-09-13T15:00:00+00:00,2026-09-13T15:00:22.451007+00:00,USD/CAD,H1,LONG,USD,CAD,0.0010541668471745,0.0011313063231529715,-0.0010541668471745,0.0021854731703274716,1.38644,LONDON_NY_OVERLAP,RECORDED,PENDING,PENDING,,,,,,
4fbaa262df502b76,2026-09-13T15:00:00+00:00,2026-09-13T15:00:22.451017+00:00,USD/CHF,H1,LONG,USD,CHF,0.0002450079627587,0.0011313063231529715,-0.0002450079627587,0.0013763142859116715,0.8165,LONDON_NY_OVERLAP,RECORDED,PENDING,PENDING,,,,,,
284b21136668828a,2026-09-13T15:00:00+00:00,2026-09-13T15:00:22.451027+00:00,USD/JPY,H1,LONG,USD,JPY,0.0043389308610337,0.0011313063231529715,-0.0043389308610337,0.005470237184186671,153.37766,LONDON_NY_OVERLAP,RECORDED,PENDING,PENDING,,,,,,
83f22c4535325ea1,2026-09-13T17:00:00+00:00,2026-09-13T17:05:07.782200+00:00,AUD/USD,H4,NEUTRAL,AUD,USD,-2.789011295483054e-05,-2.789011295483054e-05,-0.0005265642594489086,0.0004986741464940781,0.71708,NEW_YORK,NOT_TRACKED,NOT_APPLICABLE,NOT_APPLICABLE,,,,,,
a9dc5b5823f4c959,2026-09-13T17:00:00+00:00,2026-09-13T17:05:07.782227+00:00,EUR/USD,H4,NEUTRAL,EUR,USD,-0.000180956484274,-0.000180956484274,-0.0005265642594489086,0.00034560777517490864,1.16029,NEW_YORK,NOT_TRACKED,NOT_APPLICABLE,NOT_APPLICABLE,,,,,,
e65088c1bb9371e9,2026-09-13T17:00:00+00:00,2026-09-13T17:05:07.782242+00:00,GBP/USD,H4,NEUTRAL,GBP,USD,-6.651294785395642e-05,-6.651294785395642e-05,-0.0005265642594489086,0.0004600513115949522,1.35303,NEW_YORK,NOT_TRACKED,NOT_APPLICABLE,NOT_APPLICABLE,,,,,,
4b4a458577a4782b,2026-09-13T17:00:00+00:00,2026-09-13T17:05:07.782255+00:00,NZD/USD,H4,LONG,NZD,USD,0.0008256501995321,0.0008256501995321,-0.0005265642594489086,0.0013522144589810086,0.58184,NEW_YORK,RECORDED,PENDING,PENDING,,,,,,
aade6cb0f9961711,2026-09-13T17:00:00+00:00,2026-09-13T17:05:07.782266+00:00,USD/CAD,H4,NEUTRAL,USD,CAD,0.0007222198148229,-0.0005265642594489086,-0.0007222198148229,0.00019565555537399135,1.38562,NEW_YORK,NOT_TRACKED,NOT_APPLICABLE,NOT_APPLICABLE,,,,,,
4d9c75e1c9d7fcb4,2026-09-13T17:00:00+00:00,2026-09-13T17:05:07.782278+00:00,USD/CHF,H4,NEUTRAL,USD,CHF,7.350418973875262e-05,-0.0005265642594489086,-7.350418973875262e-05,-0.000453060069710156,0.81634,NEW_YORK,NOT_TRACKED,NOT_APPLICABLE,NOT_APPLICABLE,,,,,,
59368edd2154bb46,2026-09-13T17:00:00+00:00,2026-09-13T17:05:07.782290+00:00,USD/JPY,H4,SHORT,USD,JPY,-0.0039313831662547,-0.0005265642594489086,0.0039313831662547,-0.004457947425703609,152.87441,NEW_YORK,RECORDED,PENDING,PENDING,,,,,,
55d5deca40855b8e,2026-09-13T18:00:00+00:00,2026-09-13T18:00:12.093187+00:00,AUD/USD,H1,SHORT,AUD,USD,9.761947926982652e-05,9.761947926982652e-05,0.0006250124525186302,-0.0005273929732488037,0.71714,NEW_YORK,RECORDED,PENDING,PENDING,,,,,,
67ec219d8f3ac953,2026-09-13T18:00:00+00:00,2026-09-13T18:00:12.093219+00:00,EUR/USD,H1,SHORT,EUR,USD,-0.000172372186024,-0.000172372186024,0.0006250124525186302,-0.0007973846385426302,1.16008,NEW_YORK,RECORDED,PENDING,PENDING,,,,,,
f16e45cbdbf0f104,2026-09-13T18:00:00+00:00,2026-09-13T18:00:12.093242+00:00,GBP/USD,H1,SHORT,GBP,USD,-7.390873749093804e-05,-7.390873749093804e-05,0.0006250124525186302,-0.0006989211900095682,1.35292,NEW_YORK,RECORDED,PENDING,PENDING,,,,,,
83618843034cfb37,2026-09-13T18:00:00+00:00,2026-09-13T18:00:12.093255+00:00,NZD/USD,H1,SHORT,NZD,USD,-0.0008249832425277,-0.0008249832425277,0.0006250124525186302,-0.0014499956950463303,0.58135,NEW_YORK,RECORDED,PENDING,PENDING,,,,,,
0eb9c572eab56060,2026-09-13T18:00:00+00:00,2026-09-13T18:00:12.093268+00:00,USD/CAD,H1,LONG,USD,CAD,0.0002814644813474,0.0006250124525186302,-0.0002814644813474,0.0009064769338660302,1.386,NEW_YORK,RECORDED,PENDING,PENDING,,,,,,
81cf2da7fed7a879,2026-09-13T18:00:00+00:00,2026-09-13T18:00:12.093279+00:00,USD/CHF,H1,LONG,USD,CHF,0.0002082491149412,0.0006250124525186302,-0.0002082491149412,0.0008332615674598302,0.8165,NEW_YORK,RECORDED,PENDING,PENDING,,,,,,
9dfcd18a77492be9,2026-09-13T18:00:00+00:00,2026-09-13T18:00:12.093290+00:00,USD/JPY,H1,LONG,USD,JPY,0.002911728884569,0.0006250124525186302,-0.002911728884569,0.00353674133708763,153.31994,NEW_YORK,RECORDED,PENDING,PENDING,,,,,,
d2a829a42e125a98,2026-09-13T19:00:00+00:00,2026-09-13T19:00:22.845675+00:00,AUD/USD,H1,NEUTRAL,AUD,USD,0.0,0.0,0.00014079069132792008,-0.00014079069132792008,0.71711,NEW_YORK,NOT_TRACKED,NOT_APPLICABLE,NOT_APPLICABLE,,,,,,
b50c444f2b7a56c6,2026-09-13T19:00:00+00:00,2026-09-13T19:00:22.845701+00:00,EUR/USD,H1,NEUTRAL,EUR,USD,-9.483249133580572e-05,-9.483249133580572e-05,0.00014079069132792008,-0.0002356231826637258,1.15983,NEW_YORK,NOT_TRACKED,NOT_APPLICABLE,NOT_APPLICABLE,,,,,,
510c251e926aedc1,2026-09-13T19:00:00+00:00,2026-09-13T19:00:22.845716+00:00,GBP/USD,H1,NEUTRAL,GBP,USD,-2.2175407473257596e-05,-2.2175407473257596e-05,0.00014079069132792008,-0.00016296609880117767,1.35282,NEW_YORK,NOT_TRACKED,NOT_APPLICABLE,NOT_APPLICABLE,,,,,,
f7c12297a1a0e317,2026-09-13T19:00:00+00:00,2026-09-13T19:00:22.845728+00:00,NZD/USD,H1,NEUTRAL,NZD,USD,3.440268340934033e-05,3.440268340934033e-05,0.00014079069132792008,-0.00010638800791857976,0.58137,NEW_YORK,NOT_TRACKED,NOT_APPLICABLE,NOT_APPLICABLE,,,,,,
801ef029a22b0cb3,2026-09-13T19:00:00+00:00,2026-09-13T19:00:22.845740+00:00,USD/CAD,H1,LONG,USD,CAD,0.0003966708497409,0.00014079069132792008,-0.0003966708497409,0.0005374615410688201,1.38709,NEW_YORK,RECORDED,PENDING,PENDING,,,,,,
3d7219cefffd3a83,2026-09-13T19:00:00+00:00,2026-09-13T19:00:22.845752+00:00,USD/CHF,H1,NEUTRAL,USD,CHF,2.4494794856117577e-05,0.00014079069132792008,-2.4494794856117577e-05,0.00016528548618403765,0.81652,NEW_YORK,NOT_TRACKED,NOT_APPLICABLE,NOT_APPLICABLE,,,,,,
1e3f4ffb2e064e76,2026-09-13T19:00:00+00:00,2026-09-13T19:00:22.845763+00:00,USD/JPY,H1,LONG,USD,JPY,0.0004817639792987,0.00014079069132792008,-0.0004817639792987,0.0006225546706266201,153.57235,NEW_YORK,RECORDED,PENDING,PENDING,,,,,,
6b6172cf2b5c0d9a,2026-09-13T20:00:00+00:00,2026-09-13T20:00:28.923611+00:00,AUD/USD,H1,SHORT,AUD,USD,-0.0008367033886486,-0.0008367033886486,8.12849327224023e-05,-0.0009179883213710023,0.7165,NEW_YORK,RECORDED,PENDING,PENDING,,,,,,
743d0c88902cdbfa,2026-09-13T20:00:00+00:00,2026-09-13T20:00:28.923642+00:00,EUR/USD,H1,NEUTRAL,EUR,USD,-7.759958613547463e-05,-7.759958613547463e-05,8.12849327224023e-05,-0.00015888451885787694,1.15971,NEW_YORK,NOT_TRACKED,NOT_APPLICABLE,NOT_APPLICABLE,,,,,,
a07b7f6245f3b9e5,2026-09-13T20:00:00+00:00,2026-09-13T20:00:28.923658+00:00,GBP/USD,H1,NEUTRAL,GBP,USD,-0.0001700177409816,-0.0001700177409816,8.12849327224023e-05,-0.0002513026737040023,1.35257,NEW_YORK,NOT_TRACKED,NOT_APPLICABLE,NOT_APPLICABLE,,,,,,
a8bebe78810c66db,2026-09-13T20:00:00+00:00,2026-09-13T20:00:28.923671+00:00,NZD/USD,H1,NEUTRAL,NZD,USD,0.0002236174421604,0.0002236174421604,8.12849327224023e-05,0.0001423325094379977,0.58148,NEW_YORK,NOT_TRACKED,NOT_APPLICABLE,NOT_APPLICABLE,,,,,,
2f5d8fa84d52b5bf,2026-09-13T20:00:00+00:00,2026-09-13T20:00:28.923683+00:00,USD/CAD,H1,NEUTRAL,USD,CAD,-6.488497336105854e-05,8.12849327224023e-05,6.488497336105854e-05,1.639995936134376e-05,1.38698,NEW_YORK,NOT_TRACKED,NOT_APPLICABLE,NOT_APPLICABLE,,,,,,
ae60c5d5789b5919,2026-09-13T20:00:00+00:00,2026-09-13T20:00:28.923695+00:00,USD/CHF,H1,NEUTRAL,USD,CHF,-0.0003429229280718,8.12849327224023e-05,0.0003429229280718,-0.0002616379953493977,0.81623,NEW_YORK,NOT_TRACKED,NOT_APPLICABLE,NOT_APPLICABLE,,,,,,
60f3db2f284a4c29,2026-09-13T20:00:00+00:00,2026-09-13T20:00:28.923705+00:00,USD/JPY,H1,NEUTRAL,USD,JPY,0.0001160991568844,8.12849327224023e-05,-0.0001160991568844,0.0001973840896068023,153.59345,NEW_YORK,NOT_TRACKED,NOT_APPLICABLE,NOT_APPLICABLE,,,,,,
2138da32ef33726e,2026-09-13T21:00:00+00:00,2026-09-13T21:00:17.206728+00:00,AUD/USD,H1,NEUTRAL,AUD,USD,-0.0001395206071936,-0.0001395206071936,-0.0002170289955703805,7.75083883767805e-05,0.71664,LATE_NY,NOT_TRACKED,NOT_APPLICABLE,NOT_APPLICABLE,,,,,,
33fe29cabfa9269e,2026-09-13T21:00:00+00:00,2026-09-13T21:00:17.206778+00:00,EUR/USD,H1,NEUTRAL,EUR,USD,4.3111624618361646e-05,4.3111624618361646e-05,-0.0002170289955703805,0.0002601406201887421,1.15983,LATE_NY,NOT_TRACKED,NOT_APPLICABLE,NOT_APPLICABLE,,,,,,
abb6a89789ad6851,2026-09-13T21:00:00+00:00,2026-09-13T21:00:17.206799+00:00,GBP/USD,H1,NEUTRAL,GBP,USD,6.654245408581428e-05,6.654245408581428e-05,-0.0002170289955703805,0.0002835714496561948,1.35261,LATE_NY,NOT_TRACKED,NOT_APPLICABLE,NOT_APPLICABLE,,,,,,
53373aad00e77821,2026-09-13T21:00:00+00:00,2026-09-13T21:00:17.206816+00:00,NZD/USD,H1,LONG,NZD,USD,0.0017028742453169,0.0017028742453169,-0.0002170289955703805,0.0019199032408872805,0.58236,LATE_NY,RECORDED,PENDING,PENDING,,,,,,
7f366b989d752d1f,2026-09-13T21:00:00+00:00,2026-09-13T21:00:17.206830+00:00,USD/CAD,H1,NEUTRAL,USD,CAD,-6.488263452327375e-05,-0.0002170289955703805,6.488263452327375e-05,-0.00028191163009365426,1.38703,LATE_NY,NOT_TRACKED,NOT_APPLICABLE,NOT_APPLICABLE,,,,,,
300631394388172b,2026-09-13T21:00:00+00:00,2026-09-13T21:00:17.206843+00:00,USD/CHF,H1,NEUTRAL,USD,CHF,0.0001347543795172,-0.0002170289955703805,-0.0001347543795172,-8.227461605318049e-05,0.81641,LATE_NY,NOT_TRACKED,NOT_APPLICABLE,NOT_APPLICABLE,,,,,,
efde6371e4846cb0,2026-09-13T21:00:00+00:00,2026-09-13T21:00:17.206856+00:00,USD/JPY,H1,NEUTRAL,USD,JPY,8.393300284088624e-05,-0.0002170289955703805,-8.393300284088624e-05,-0.00013309599272949427,153.58776,LATE_NY,NOT_TRACKED,NOT_APPLICABLE,NOT_APPLICABLE,,,,,,
3c036316b2b1b203,2026-09-13T21:00:00+00:00,2026-09-13T21:05:06.303944+00:00,AUD/USD,H4,SHORT,AUD,USD,-0.0010738142719677,-0.0010738142719677,0.0009854054928613999,-0.0020592197648291,0.7163,LATE_NY,RECORDED,PENDING,PENDING,,,,,,
5fe530c67d065749,2026-09-13T21:00:00+00:00,2026-09-13T21:05:06.303967+00:00,EUR/USD,H4,SHORT,EUR,USD,-0.0003533629813493,-0.0003533629813493,0.0009854054928613999,-0.0013387684742107,1.15987,LATE_NY,RECORDED,PENDING,PENDING,,,,,,
49ecf4772bb38b8c,2026-09-13T21:00:00+00:00,2026-09-13T21:05:06.303981+00:00,GBP/USD,H4,SHORT,GBP,USD,-0.0003030258237127,-0.0003030258237127,0.0009854054928613999,-0.0012884313165740999,1.35261,LATE_NY,RECORDED,PENDING,PENDING,,,,,,
5f819e4c59da32b9,2026-09-13T21:00:00+00:00,2026-09-13T21:05:06.303993+00:00,NZD/USD,H4,NEUTRAL,NZD,USD,0.0006702988845539,0.0006702988845539,0.0009854054928613999,-0.00031510660830749986,0.58222,LATE_NY,NOT_TRACKED,NOT_APPLICABLE,NOT_APPLICABLE,,,,,,
0a3fc6223c2c0aa9,2026-09-13T21:00:00+00:00,2026-09-13T21:05:06.304003+00:00,USD/CAD,H4,LONG,USD,CAD,0.0010103853176579,0.0009854054928613999,-0.0010103853176579,0.0019957908105193,1.38701,LATE_NY,RECORDED,PENDING,PENDING,,,,,,
7856ec99a88be7cf,2026-09-13T21:00:00+00:00,2026-09-13T21:05:06.304014+00:00,USD/CHF,H4,LONG,USD,CHF,0.0001837492190657,0.0009854054928613999,-0.0001837492190657,0.0011691547119271,0.81648,LATE_NY,RECORDED,PENDING,PENDING,,,,,,
7d616785a14b3b41,2026-09-13T21:00:00+00:00,2026-09-13T21:05:06.304024+00:00,USD/JPY,H4,LONG,USD,JPY,0.0046437997208304,0.0009854054928613999,-0.0046437997208304,0.0056292052136918,153.58473,LATE_NY,RECORDED,PENDING,PENDING,,,,,,
a65951b7f4b1a9a2,2026-09-13T00:00:00+00:00,2026-09-13T21:10:18.944998+00:00,AUD/USD,D1,NEUTRAL,AUD,USD,2.78905018896094e-05,2.78905018896094e-05,-1.619384944458344e-07,2.8052440384055233e-05,0.71711,ASIA,NOT_TRACKED,NOT_APPLICABLE,NOT_APPLICABLE,,,,,,
5a1a16e983df5fd1,2026-09-13T00:00:00+00:00,2026-09-13T21:10:18.945023+00:00,EUR/USD,D1,NEUTRAL,EUR,USD,1.7243460417749578e-05,1.7243460417749578e-05,-1.619384944458344e-07,1.740539891219541e-05,1.15988,ASIA,NOT_TRACKED,NOT_APPLICABLE,NOT_APPLICABLE,,,,,,
a9a8ae2a75e3376f,2026-09-13T00:00:00+00:00,2026-09-13T21:10:18.945037+00:00,GBP/USD,D1,NEUTRAL,GBP,USD,0.0001626497116663,0.0001626497116663,-1.619384944458344e-07,0.00016281165016074584,1.35282,ASIA,NOT_TRACKED,NOT_APPLICABLE,NOT_APPLICABLE,,,,,,
21ad0e1e85f59483,2026-09-13T00:00:00+00:00,2026-09-13T21:10:18.945049+00:00,NZD/USD,D1,NEUTRAL,NZD,USD,3.440327519183267e-05,3.440327519183267e-05,-1.619384944458344e-07,3.45652136862785e-05,0.58136,ASIA,NOT_TRACKED,NOT_APPLICABLE,NOT_APPLICABLE,,,,,,
188734f2ccc5f9da,2026-09-13T00:00:00+00:00,2026-09-13T21:10:18.945060+00:00,USD/CAD,D1,NEUTRAL,USD,CAD,-0.0001802165482042,-1.619384944458344e-07,0.0001802165482042,-0.00018037848669864582,1.38697,ASIA,NOT_TRACKED,NOT_APPLICABLE,NOT_APPLICABLE,,,,,,
23fd6fed757ea0d7,2026-09-13T00:00:00+00:00,2026-09-13T21:10:18.945079+00:00,USD/CHF,D1,NEUTRAL,USD,CHF,6.124073733847081e-05,-1.619384944458344e-07,-6.124073733847081e-05,6.107879884402497e-05,0.8165,ASIA,NOT_TRACKED,NOT_APPLICABLE,NOT_APPLICABLE,,,,,,
b47352f34ce7f66c,2026-09-13T00:00:00+00:00,2026-09-13T21:10:18.945091+00:00,USD/JPY,D1,NEUTRAL,USD,JPY,0.0003600291905701,-1.619384944458344e-07,-0.0003600291905701,0.0003598672520756542,153.5706,ASIA,NOT_TRACKED,NOT_APPLICABLE,NOT_APPLICABLE,,,,,,
2f8c47c93d5487a2,2026-09-13T22:00:00+00:00,2026-09-13T22:00:09.875483+00:00,AUD/USD,H1,NEUTRAL,AUD,USD,0.0002093977720076,0.0002093977720076,0.00019768204370227817,1.1715728305321818e-05,0.71649,LATE_NY,NOT_TRACKED,NOT_APPLICABLE,NOT_APPLICABLE,,,,,,
e3313c675e6dab77,2026-09-13T22:00:00+00:00,2026-09-13T22:00:09.875510+00:00,EUR/USD,H1,NEUTRAL,EUR,USD,-3.448721817479847e-05,-3.448721817479847e-05,0.00019768204370227817,-0.00023216926187707664,1.15981,LATE_NY,NOT_TRACKED,NOT_APPLICABLE,NOT_APPLICABLE,,,,,,
7aa2ffd0dd431113,2026-09-13T22:00:00+00:00,2026-09-13T22:00:09.875525+00:00,GBP/USD,H1,NEUTRAL,GBP,USD,-3.696639015798213e-05,-3.696639015798213e-05,0.00019768204370227817,-0.0002346484338602603,1.35253,LATE_NY,NOT_TRACKED,NOT_APPLICABLE,NOT_APPLICABLE,,,,,,
f939022f0672ed1d,2026-09-13T22:00:00+00:00,2026-09-13T22:00:09.875538+00:00,NZD/USD,H1,SHORT,NZD,USD,-0.0024046719340434,-0.0024046719340434,0.00019768204370227817,-0.002602353977745678,0.5808,LATE_NY,RECORDED,PENDING,PENDING,,,,,,
55f9edef4ac5c26f,2026-09-13T22:00:00+00:00,2026-09-13T22:00:09.875549+00:00,USD/CAD,H1,NEUTRAL,USD,CAD,-0.0001081478597537,0.00019768204370227817,0.0001081478597537,8.953418394857817e-05,1.38684,LATE_NY,NOT_TRACKED,NOT_APPLICABLE,NOT_APPLICABLE,,,,,,
32eac78974055f0e,2026-09-13T22:00:00+00:00,2026-09-13T22:00:09.875560+00:00,USD/CHF,H1,NEUTRAL,USD,CHF,-8.573598216693347e-05,0.00019768204370227817,8.573598216693347e-05,0.0001119460615353447,0.81639,LATE_NY,NOT_TRACKED,NOT_APPLICABLE,NOT_APPLICABLE,,,,,,
86d32ed3bf7f7eb7,2026-09-13T22:00:00+00:00,2026-09-13T22:00:09.875571+00:00,USD/JPY,H1,SHORT,USD,JPY,-0.000689069622532,0.00019768204370227817,0.000689069622532,-0.0004913875788297218,153.47807,LATE_NY,RECORDED,PENDING,PENDING,,,,,,
a858b9d4ec879ae4,2026-09-13T23:00:00+00:00,2026-09-13T23:00:11.576735+00:00,AUD/USD,H1,SHORT,AUD,USD,-0.0006141477304449,-0.0006141477304449,0.0004736495178799,-0.0010877972483248001,0.716,LATE_NY,RECORDED,PENDING,PENDING,,,,,,
df64b5d98236d3e6,2026-09-13T23:00:00+00:00,2026-09-13T23:00:11.576759+00:00,EUR/USD,H1,SHORT,EUR,USD,-0.0004398068299413,-0.0004398068299413,0.0004736495178799,-0.0009134563478212,1.15909,LATE_NY,RECORDED,PENDING,PENDING,,,,,,
7bcb52e7703b7d0a,2026-09-13T23:00:00+00:00,2026-09-13T23:00:11.576773+00:00,GBP/USD,H1,SHORT,GBP,USD,-0.0001996185068535,-0.0001996185068535,0.0004736495178799,-0.0006732680247334,1.35231,LATE_NY,RECORDED,PENDING,PENDING,,,,,,
259d7e2277fc5141,2026-09-13T23:00:00+00:00,2026-09-13T23:00:11.576785+00:00,NZD/USD,H1,NEUTRAL,NZD,USD,0.0006198667286533,0.0006198667286533,0.0004736495178799,0.00014621721077339995,0.58113,LATE_NY,NOT_TRACKED,NOT_APPLICABLE,NOT_APPLICABLE,,,,,,
e003e0292722bd05,2026-09-13T23:00:00+00:00,2026-09-13T23:00:11.576796+00:00,USD/CAD,H1,LONG,USD,CAD,0.0002307437158391,0.0004736495178799,-0.0002307437158391,0.000704393233719,1.38714,LATE_NY,RECORDED,PENDING,PENDING,,,,,,
ada93cf39d70ad6e,2026-09-13T23:00:00+00:00,2026-09-13T23:00:11.576808+00:00,USD/CHF,H1,LONG,USD,CHF,0.0009431535625482,0.0004736495178799,-0.0009431535625482,0.0014168030804281,0.81718,LATE_NY,RECORDED,PENDING,PENDING,,,,,,
137c48544f0b4d74,2026-09-13T23:00:00+00:00,2026-09-13T23:00:11.576817+00:00,USD/JPY,H1,LONG,USD,JPY,0.0015079430081856,0.0004736495178799,-0.0015079430081856,0.0019815925260655,153.7054,LATE_NY,RECORDED,PENDING,PENDING,,,,,,
53142c08e733a107,2026-09-14T00:00:00+00:00,2026-09-14T00:00:11.994199+00:00,AUD/USD,H1,SHORT,AUD,USD,-0.0010614673389292,-0.0010614673389292,-0.00029658282414541954,-0.0007648845147837805,0.71523,ASIA,RECORDED,PENDING,PENDING,,,,,,
04df0b9a1263fa2f,2026-09-14T00:00:00+00:00,2026-09-14T00:00:11.994223+00:00,EUR/USD,H1,LONG,EUR,USD,0.0003105938381632,0.0003105938381632,-0.00029658282414541954,0.0006071766623086195,1.15943,ASIA,RECORDED,PENDING,PENDING,,,,,,
78436efcecc69cc5,2026-09-14T00:00:00+00:00,2026-09-14T00:00:11.994238+00:00,GBP/USD,H1,LONG,GBP,USD,0.0002292424645783,0.0002292424645783,-0.00029658282414541954,0.0005258252887237196,1.35259,ASIA,RECORDED,PENDING,PENDING,,,,,,
38335a285e240f0a,2026-09-14T00:00:00+00:00,2026-09-14T00:00:11.994250+00:00,NZD/USD,H1,NEUTRAL,NZD,USD,-1.7208445905363033e-05,-1.7208445905363033e-05,-0.00029658282414541954,0.0002793743782400565,0.5811,ASIA,NOT_TRACKED,NOT_APPLICABLE,NOT_APPLICABLE,,,,,,
e7c1108e8dfd68ad,2026-09-14T00:00:00+00:00,2026-09-14T00:00:11.994262+00:00,USD/CAD,H1,SHORT,USD,CAD,-0.0002451086408005,-0.00029658282414541954,0.0002451086408005,-0.0005416914649459196,1.3868,ASIA,RECORDED,PENDING,PENDING,,,,,,
52639335fb705cd3,2026-09-14T00:00:00+00:00,2026-09-14T00:00:11.994274+00:00,USD/CHF,H1,SHORT,USD,CHF,-0.0006240975060574,-0.00029658282414541954,0.0006240975060574,-0.0009206803302028195,0.81667,ASIA,RECORDED,PENDING,PENDING,,,,,,
23c1b46abc136339,2026-09-14T00:00:00+00:00,2026-09-14T00:00:11.994292+00:00,USD/JPY,H1,SHORT,USD,JPY,-0.0017457131042531,-0.00029658282414541954,0.0017457131042531,-0.0020422959283985195,153.43963,ASIA,RECORDED,PENDING,PENDING,,,,,,
6d52ac7b013a5343,2026-09-14T01:00:00+00:00,2026-09-14T01:00:09.808543+00:00,AUD/USD,H1,SHORT,AUD,USD,-0.0005312901962976,-0.0005312901962976,0.0008297243553225211,-0.0013610145516201211,0.71486,ASIA,RECORDED,PENDING,PENDING,,,,,,
c7cc40e0b2939aea,2026-09-14T01:00:00+00:00,2026-09-14T01:00:09.808568+00:00,EUR/USD,H1,SHORT,EUR,USD,-0.0004830001207499,-0.0004830001207499,0.0008297243553225211,-0.001312724476072421,1.15886,ASIA,RECORDED,PENDING,PENDING,,,,,,
515401d8043167c3,2026-09-14T01:00:00+00:00,2026-09-14T01:00:09.808582+00:00,GBP/USD,H1,SHORT,GBP,USD,-0.0005544917528593,-0.0005544917528593,0.0008297243553225211,-0.001384216108181821,1.35184,ASIA,RECORDED,PENDING,PENDING,,,,,,
991e0042c2afdfb1,2026-09-14T01:00:00+00:00,2026-09-14T01:00:09.808594+00:00,NZD/USD,H1,SHORT,NZD,USD,-0.0017208149779735,-0.0017208149779735,0.0008297243553225211,-0.002550539333296021,0.58012,ASIA,RECORDED,PENDING,PENDING,,,,,,
4a28cdd21c0b067b,2026-09-14T01:00:00+00:00,2026-09-14T01:00:09.808606+00:00,USD/CAD,H1,LONG,USD,CAD,-5.768884081475245e-05,0.0008297243553225211,5.768884081475245e-05,0.0007720355145077687,1.38667,ASIA,RECORDED,PENDING,PENDING,,,,,,
b53c7b6692b02e94,2026-09-14T01:00:00+00:00,2026-09-14T01:00:09.808623+00:00,USD/CHF,H1,LONG,USD,CHF,0.0007714254227534,0.0008297243553225211,-0.0007714254227534,0.001601149778075921,0.8173,ASIA,RECORDED,PENDING,PENDING,,,,,,
ddc7e342dd22e388,2026-09-14T01:00:00+00:00,2026-09-14T01:00:09.808634+00:00,USD/JPY,H1,LONG,USD,JPY,0.0018047368574387,0.0008297243553225211,-0.0018047368574387,0.0026344612127612212,153.70647,ASIA,RECORDED,PENDING,PENDING,,,,,,
d7a6b3e14e841530,2026-09-14T01:00:00+00:00,2026-09-14T01:05:08.909355+00:00,AUD/USD,H4,SHORT,AUD,USD,-0.0021916966803472,-0.0021916966803472,0.0014130605976016984,-0.0036047572779488984,0.71477,ASIA,RECORDED,PENDING,PENDING,,,,,,
53924880dcb802d5,2026-09-14T01:00:00+00:00,2026-09-14T01:05:08.909379+00:00,EUR/USD,H4,SHORT,EUR,USD,-0.0010346165452429,-0.0010346165452429,0.0014130605976016984,-0.0024476771428445987,1.15865,ASIA,RECORDED,PENDING,PENDING,,,,,,
8ff81090500c457d,2026-09-14T01:00:00+00:00,2026-09-14T01:05:08.909400+00:00,GBP/USD,H4,SHORT,GBP,USD,-0.0006432151887503,-0.0006432151887503,0.0014130605976016984,-0.0020562757863519985,1.35171,ASIA,RECORDED,PENDING,PENDING,,,,,,
1b0bec22b804ac3f,2026-09-14T01:00:00+00:00,2026-09-14T01:05:08.909413+00:00,NZD/USD,H4,SHORT,NZD,USD,-0.0039161800068705,-0.0039161800068705,0.0014130605976016984,-0.005329240604472199,0.57992,ASIA,RECORDED,PENDING,PENDING,,,,,,
504be43e3a68b1a8,2026-09-14T01:00:00+00:00,2026-09-14T01:05:08.909424+00:00,USD/CAD,H4,LONG,USD,CAD,-8.651828780301082e-05,0.0014130605976016984,8.651828780301082e-05,0.0013265423097986876,1.38687,ASIA,RECORDED,PENDING,PENDING,,,,,,
f77cbae5dee391c4,2026-09-14T01:00:00+00:00,2026-09-14T01:05:08.909435+00:00,USD/CHF,H4,LONG,USD,CHF,0.0011390637630747,0.0014130605976016984,-0.0011390637630747,0.0025521243606763987,0.81739,ASIA,RECORDED,PENDING,PENDING,,,,,,
4ba6705d14e5dd97,2026-09-14T01:00:00+00:00,2026-09-14T01:05:08.909445+00:00,USD/JPY,H4,LONG,USD,JPY,0.0010531702867293,0.0014130605976016984,-0.0010531702867293,0.0024662308843309984,153.74565,ASIA,RECORDED,PENDING,PENDING,,,,,,
64d7391fba607ea9,2026-09-14T05:00:00+00:00,2026-09-14T06:11:43.763120+00:00,AUD/USD,H4,SHORT,AUD,USD,0.0003637330199634,0.0003637330199634,0.0012719119827436286,-0.0009081789627802285,0.71507,ASIA,RECORDED,PENDING,PENDING,,,,,,
ecb44e88071cc598,2026-09-14T05:00:00+00:00,2026-09-14T06:11:43.763158+00:00,EUR/USD,H4,SHORT,EUR,USD,-0.0018468336296322,-0.0018468336296322,0.0012719119827436286,-0.003118745612375829,1.1566,ASIA,RECORDED,PENDING,PENDING,,,,,,
4b60dea6fb2f83ea,2026-09-14T05:00:00+00:00,2026-09-14T06:11:43.763174+00:00,GBP/USD,H4,SHORT,GBP,USD,-0.0010726756228917,-0.0010726756228917,0.0012719119827436286,-0.0023445876056353288,1.35031,ASIA,RECORDED,PENDING,PENDING,,,,,,
d576f7cff2f4b9bc,2026-09-14T05:00:00+00:00,2026-09-14T06:11:43.763186+00:00,NZD/USD,H4,SHORT,NZD,USD,-0.0027412847832833,-0.0027412847832833,0.0012719119827436286,-0.004013196766026929,0.57843,ASIA,RECORDED,PENDING,PENDING,,,,,,
f8079528f314df54,2026-09-14T05:00:00+00:00,2026-09-14T06:11:43.763198+00:00,USD/CAD,H4,LONG,USD,CAD,0.000490333931829,0.0012719119827436286,-0.000490333931829,0.0017622459145726285,1.38749,ASIA,RECORDED,PENDING,PENDING,,,,,,
02ec4237865d9c62,2026-09-14T05:00:00+00:00,2026-09-14T06:11:43.763210+00:00,USD/CHF,H4,LONG,USD,CHF,0.0011256301081582,0.0012719119827436286,-0.0011256301081582,0.0023975420909018285,0.81824,ASIA,RECORDED,PENDING,PENDING,,,,,,
c799ce1e588d0cf0,2026-09-14T05:00:00+00:00,2026-09-14T06:11:43.763221+00:00,USD/JPY,H4,LONG,USD,JPY,0.0019903588233744,0.0012719119827436286,-0.0019903588233744,0.0032622708061180285,154.03202,ASIA,RECORDED,PENDING,PENDING,,,,,,
